Record_ID,Bus_ID,Route_ID,Stop_ID,Stop_Name,Latitude,Longitude,Distance_km,Cumulative_Distance_km,Weather,Temperature_C,Day_of_Week,Peak_Hour,Road_Type,Traffic_Level,Speed_kmph,Passenger_Count,Bus_Capacity,Stop_Time_min,Delay_min,Travel_Time_min,Arrival_Time
1,B002,R001,S024,Mangalagiri,16.4303,80.5681,1.8,4.87,Cloudy,28,Tuesday,0,Highway,Medium,53,40,60,4,5,11.0,08:01
2,B011,R009,S040,Tenali,16.239,80.645,5.04,29.32,Rainy,28,Wednesday,0,Village Road,Low,32,10,60,4,5,18.4,08:02
3,B020,R012,S148,Prathipadu,16.48,80.32,6.05,22.14,Sunny,28,Saturday,0,Highway,High,56,7,60,3,8,17.5,08:03
4,B007,R009,S180,Tenali,16.239,80.645,3.54,17.14,Sunny,24,Friday,0,Village Road,High,21,39,60,3,8,21.1,08:04
5,B011,R013,S069,Tenali,16.239,80.645,2.38,12.11,Sunny,24,Tuesday,1,Highway,Medium,57,18,60,1,4,7.5,08:05
6,B019,R013,S093,Namburu,16.36,80.52,1.81,24.16,Cloudy,29,Tuesday,1,Main Road,Medium,34,10,60,4,5,12.2,08:06
7,B018,R001,S175,Guntur,16.3067,80.4365,5.09,16.63,Sunny,25,Saturday,1,Village Road,Medium,31,54,60,3,4,16.9,08:07
8,B017,R004,S161,Pedakakani,16.285,80.49,0.82,22.48,Foggy,31,Saturday,0,Highway,Medium,58,14,60,2,8,10.8,08:08
9,B008,R002,S062,Pedakakani,16.285,80.49,0.94,28.81,Rainy,40,Monday,0,Village Road,High,33,51,60,3,13,17.7,08:09
10,B018,R007,S183,Namburu,16.36,80.52,7.62,12.57,Cloudy,31,Thursday,1,Village Road,Medium,33,33,60,2,5,20.9,08:10
11,B002,R008,S018,Vaddeswaram,16.49,80.61,3.23,20.88,Sunny,23,Wednesday,0,Main Road,Low,37,37,60,1,0,6.2,08:11
12,B014,R007,S025,Tenali,16.239,80.645,1.75,29.82,Sunny,25,Saturday,1,Main Road,Medium,36,27,60,4,4,10.9,08:12
13,B018,R015,S036,Prathipadu,16.48,80.32,3.7,13.88,Sunny,35,Tuesday,1,Main Road,High,33,34,60,2,8,16.7,08:13
14,B008,R006,S105,Tenali,16.239,80.645,1.5,21.06,Sunny,37,Thursday,0,Village Road,Medium,35,60,60,1,4,7.6,08:14
15,B018,R016,S040,Prathipadu,16.48,80.32,7.89,15.85,Sunny,28,Wednesday,0,Village Road,Medium,18,8,60,4,4,34.3,08:15
16,B017,R003,S048,Tulluru,16.52,80.58,1.16,15.46,Cloudy,24,Friday,0,Village Road,High,19,48,60,1,9,13.7,08:16
17,B011,R008,S068,Tenali,16.239,80.645,3.82,21.33,Rainy,34,Tuesday,1,Main Road,Medium,31,34,60,2,9,18.4,08:17
18,B005,R012,S018,Pedakakani,16.285,80.49,5.27,22.16,Cloudy,29,Wednesday,1,Village Road,Low,32,15,60,3,1,13.9,08:18
19,B004,R018,S040,Namburu,16.36,80.52,2.96,22.86,Sunny,30,Wednesday,0,Village Road,High,35,50,60,1,8,14.1,08:19
20,B002,R001,S086,Pedakakani,16.285,80.49,7.32,32.7,Sunny,26,Saturday,1,Main Road,Low,45,15,60,3,0,12.8,08:20
21,B019,R018,S038,Namburu,16.36,80.52,1.34,27.83,Cloudy,35,Tuesday,0,Main Road,High,30,24,60,3,9,14.7,08:21
22,B020,R005,S061,Pedakakani,16.285,80.49,5.71,25.72,Cloudy,27,Tuesday,1,Village Road,Low,24,6,60,4,1,19.3,08:22
23,B008,R007,S118,Tadikonda,16.405,80.643,2.72,26.34,Rainy,33,Wednesday,0,Village Road,Low,25,19,60,4,5,15.5,08:23
24,B018,R011,S008,Guntur,16.3067,80.4365,7.02,36.03,Cloudy,25,Wednesday,0,Main Road,Low,40,42,60,4,1,15.5,08:24
25,B009,R002,S182,Ponnur,16.065,80.551,3.94,33.47,Rainy,35,Monday,0,Highway,Low,58,28,60,2,5,11.1,08:25
26,B010,R018,S033,Prathipadu,16.48,80.32,5.98,14.99,Sunny,28,Thursday,1,Highway,Low,55,48,60,4,0,10.5,08:26
27,B015,R015,S114,Tadikonda,16.405,80.643,6.8,15.92,Rainy,28,Friday,1,Main Road,Low,42,55,60,3,5,17.7,08:27
28,B005,R001,S012,Tadikonda,16.405,80.643,6.69,29.22,Sunny,29,Thursday,0,Main Road,Medium,40,34,60,2,4,16.0,08:28
29,B014,R008,S046,Prathipadu,16.48,80.32,3.68,8.11,Rainy,38,Thursday,0,Village Road,Medium,33,40,60,1,9,16.7,08:29
30,B020,R017,S110,Tenali,16.239,80.645,6.57,26.6,Cloudy,39,Thursday,0,Village Road,High,22,52,60,4,9,30.9,08:30
31,B009,R011,S082,Namburu,16.36,80.52,4.29,11.47,Cloudy,39,Monday,0,Main Road,Medium,38,14,60,2,5,13.8,08:31
32,B013,R019,S179,Tenali,16.239,80.645,3.79,13.72,Sunny,22,Friday,1,Main Road,Medium,36,35,60,4,4,14.3,08:32
33,B008,R009,S112,Guntur,16.3067,80.4365,4.68,26.72,Rainy,37,Monday,1,Village Road,Medium,31,26,60,4,9,22.1,08:33
34,B005,R015,S047,Prathipadu,16.48,80.32,0.99,12.81,Sunny,23,Wednesday,1,Village Road,Medium,35,25,60,4,4,9.7,08:34
35,B018,R002,S090,Tenali,16.239,80.645,6.21,31.17,Sunny,29,Saturday,0,Main Road,Low,42,54,60,1,0,9.9,08:35
36,B015,R009,S197,Guntur,16.3067,80.4365,5.27,12.43,Sunny,33,Tuesday,0,Village Road,Medium,18,54,60,2,4,23.6,08:36
37,B003,R019,S177,Tadikonda,16.405,80.643,4.95,32.19,Rainy,29,Monday,1,Village Road,Low,27,59,60,2,5,18.0,08:37
38,B016,R004,S111,Tulluru,16.52,80.58,3.88,15.0,Sunny,33,Saturday,1,Village Road,Medium,35,50,60,4,4,14.7,08:38
39,B009,R015,S063,Tadikonda,16.405,80.643,3.94,25.87,Rainy,36,Friday,1,Main Road,Low,45,26,60,1,5,11.3,08:39
40,B018,R001,S133,Guntur,16.3067,80.4365,2.33,26.26,Rainy,28,Monday,0,Main Road,Low,35,51,60,3,5,12.0,08:40
41,B010,R019,S095,Prathipadu,16.48,80.32,4.03,4.55,Sunny,37,Friday,1,Main Road,Low,45,32,60,2,0,7.4,08:41
42,B007,R007,S190,Vaddeswaram,16.49,80.61,2.61,6.23,Sunny,37,Wednesday,1,Main Road,Low,38,11,60,2,0,6.1,08:42
43,B005,R016,S027,Tenali,16.239,80.645,0.9,16.92,Foggy,22,Friday,1,Main Road,Low,35,35,60,3,4,8.5,08:43
44,B019,R002,S039,Namburu,16.36,80.52,7.58,21.91,Sunny,26,Friday,1,Main Road,High,31,10,60,1,8,23.7,08:44
45,B010,R019,S159,Tenali,16.239,80.645,3.54,30.8,Cloudy,23,Friday,0,Highway,Low,58,53,60,4,1,8.7,08:45
46,B010,R002,S060,Tenali,16.239,80.645,2.53,19.09,Sunny,31,Saturday,1,Main Road,Low,32,49,60,4,0,8.7,08:46
47,B003,R002,S043,Namburu,16.36,80.52,3.86,20.2,Rainy,31,Friday,1,Highway,Medium,52,33,60,2,9,15.5,08:47
48,B011,R020,S065,Mangalagiri,16.4303,80.5681,4.4,19.21,Sunny,22,Monday,0,Main Road,Low,42,48,60,4,0,10.3,08:48
49,B006,R019,S112,Tulluru,16.52,80.58,6.29,11.55,Sunny,37,Monday,1,Main Road,Medium,38,27,60,3,4,16.9,08:49
50,B015,R003,S081,Prathipadu,16.48,80.32,3.76,18.62,Sunny,30,Wednesday,0,Main Road,Medium,35,54,60,1,4,11.4,08:50
51,B002,R007,S069,Prathipadu,16.48,80.32,1.19,16.74,Sunny,39,Tuesday,1,Village Road,Medium,31,33,60,4,4,10.3,08:51
52,B015,R004,S166,Namburu,16.36,80.52,4.77,21.34,Foggy,26,Thursday,1,Highway,Low,52,37,60,1,4,10.5,08:52
53,B003,R009,S198,Ponnur,16.065,80.551,4.09,8.43,Cloudy,35,Wednesday,1,Main Road,Low,45,57,60,2,1,8.5,08:53
54,B015,R011,S049,Guntur,16.3067,80.4365,4.02,18.55,Rainy,29,Friday,1,Main Road,Low,45,19,60,4,5,14.4,08:54
55,B005,R017,S152,Prathipadu,16.48,80.32,7.92,31.69,Sunny,32,Monday,1,Highway,Medium,60,11,60,1,4,12.9,08:55
56,B011,R020,S178,Vaddeswaram,16.49,80.61,7.07,36.17,Rainy,34,Saturday,0,Village Road,Low,31,59,60,3,5,21.7,08:56
57,B008,R003,S112,Pedakakani,16.285,80.49,7.08,8.16,Cloudy,25,Saturday,0,Village Road,Low,33,33,60,3,1,16.9,08:57
58,B019,R006,S044,Tadikonda,16.405,80.643,6.53,15.33,Sunny,27,Monday,1,Main Road,Low,31,44,60,4,0,16.6,08:58
59,B010,R018,S041,Tenali,16.239,80.645,5.39,19.18,Rainy,24,Thursday,1,Main Road,Medium,37,42,60,4,9,21.7,08:59
60,B013,R019,S092,Ponnur,16.065,80.551,6.89,12.87,Sunny,40,Wednesday,1,Main Road,Low,38,6,60,2,0,12.9,08:00
61,B020,R009,S174,Prathipadu,16.48,80.32,6.39,13.29,Sunny,26,Saturday,0,Main Road,High,45,45,60,2,8,18.5,08:01
62,B007,R005,S139,Guntur,16.3067,80.4365,6.07,8.77,Cloudy,33,Friday,1,Main Road,Low,31,58,60,2,1,14.7,08:02
63,B013,R018,S094,Tadikonda,16.405,80.643,6.59,20.64,Rainy,24,Thursday,0,Main Road,Low,39,21,60,2,5,17.1,08:03
64,B020,R018,S084,Vaddeswaram,16.49,80.61,6.72,34.93,Sunny,29,Saturday,0,Highway,Low,56,45,60,1,0,8.2,08:04
65,B008,R018,S035,Namburu,16.36,80.52,1.81,30.2,Sunny,34,Thursday,1,Village Road,Low,21,47,60,1,0,6.2,08:05
66,B007,R015,S114,Vaddeswaram,16.49,80.61,6.8,25.27,Sunny,29,Wednesday,0,Main Road,High,43,48,60,3,8,20.5,08:06
67,B007,R020,S006,Pedakakani,16.285,80.49,2.79,31.84,Rainy,23,Wednesday,0,Main Road,High,31,13,60,1,13,19.4,08:07
68,B005,R018,S065,Tulluru,16.52,80.58,3.17,7.6,Sunny,27,Monday,0,Main Road,High,36,13,60,2,8,15.3,08:08
69,B016,R015,S200,Guntur,16.3067,80.4365,2.05,3.62,Cloudy,33,Friday,0,Main Road,Medium,40,33,60,1,5,9.1,08:09
70,B004,R016,S183,Vaddeswaram,16.49,80.61,5.43,6.36,Rainy,36,Monday,0,Main Road,High,39,25,60,4,13,25.4,08:10
71,B004,R004,S168,Tulluru,16.52,80.58,5.93,17.36,Sunny,39,Saturday,0,Highway,Medium,49,32,60,4,4,15.3,08:11
72,B012,R005,S176,Namburu,16.36,80.52,3.67,25.56,Sunny,37,Monday,0,Village Road,Low,32,58,60,3,0,9.9,08:12
73,B014,R012,S171,Mangalagiri,16.4303,80.5681,4.81,22.4,Sunny,35,Saturday,0,Highway,Medium,48,23,60,1,4,11.0,08:13
74,B004,R009,S147,Tulluru,16.52,80.58,5.53,12.26,Rainy,29,Thursday,0,Main Road,Low,36,43,60,3,5,17.2,08:14
75,B005,R001,S024,Ponnur,16.065,80.551,3.33,8.77,Cloudy,38,Tuesday,1,Highway,Low,53,31,60,1,1,5.8,08:15
76,B020,R002,S173,Namburu,16.36,80.52,6.39,23.42,Sunny,24,Wednesday,1,Main Road,Low,39,47,60,2,0,11.8,08:16
77,B017,R010,S012,Prathipadu,16.48,80.32,2.35,17.72,Sunny,29,Thursday,0,Main Road,Low,43,5,60,4,0,7.3,08:17
78,B013,R018,S181,Tenali,16.239,80.645,2.88,6.48,Sunny,29,Friday,1,Main Road,Medium,34,9,60,2,4,11.1,08:18
79,B014,R010,S030,Prathipadu,16.48,80.32,4.11,6.45,Sunny,34,Monday,1,Village Road,Low,18,15,60,4,0,17.7,08:19
80,B010,R011,S057,Tulluru,16.52,80.58,6.88,14.18,Cloudy,32,Tuesday,0,Main Road,Medium,32,37,60,4,5,21.9,08:20
81,B009,R007,S045,Mangalagiri,16.4303,80.5681,6.04,30.61,Sunny,26,Saturday,0,Main Road,High,41,16,60,2,8,18.8,08:21
82,B019,R002,S091,Namburu,16.36,80.52,1.89,3.94,Sunny,38,Monday,1,Main Road,Medium,40,34,60,3,4,9.8,08:22
83,B015,R019,S142,Namburu,16.36,80.52,5.44,34.76,Cloudy,23,Thursday,0,Highway,Low,56,25,60,4,1,10.8,08:23
84,B002,R008,S182,Tulluru,16.52,80.58,1.55,28.52,Cloudy,36,Thursday,0,Main Road,Low,31,28,60,2,1,6.0,08:24
85,B004,R018,S174,Pedakakani,16.285,80.49,5.69,7.26,Sunny,34,Wednesday,1,Village Road,Medium,28,51,60,3,4,19.2,08:25
86,B020,R003,S080,Tulluru,16.52,80.58,7.4,16.71,Cloudy,39,Thursday,1,Village Road,Medium,22,57,60,2,5,27.2,08:26
87,B007,R008,S036,Tadikonda,16.405,80.643,3.41,14.29,Sunny,26,Monday,1,Main Road,Low,43,59,60,4,0,8.8,08:27
88,B015,R002,S106,Mangalagiri,16.4303,80.5681,5.1,9.73,Cloudy,33,Saturday,0,Main Road,Low,40,33,60,2,1,10.7,08:28
89,B012,R019,S113,Tulluru,16.52,80.58,2.52,31.49,Rainy,36,Wednesday,1,Main Road,Medium,37,37,60,2,9,15.1,08:29
90,B017,R004,S073,Vaddeswaram,16.49,80.61,7.09,8.66,Sunny,24,Tuesday,1,Main Road,Medium,36,33,60,1,4,16.8,08:30
91,B017,R012,S061,Vaddeswaram,16.49,80.61,6.68,33.22,Sunny,34,Monday,1,Highway,High,58,19,60,4,8,18.9,08:31
92,B016,R015,S158,Guntur,16.3067,80.4365,1.79,10.4,Cloudy,22,Monday,0,Main Road,High,40,21,60,2,9,13.7,08:32
93,B003,R004,S128,Tenali,16.239,80.645,2.51,6.17,Cloudy,39,Monday,0,Village Road,Low,27,50,60,4,1,10.6,08:33
94,B003,R017,S140,Tadikonda,16.405,80.643,4.91,10.53,Cloudy,38,Friday,0,Main Road,Medium,41,29,60,3,5,15.2,08:34
95,B019,R011,S035,Namburu,16.36,80.52,6.18,16.89,Sunny,23,Wednesday,1,Highway,Low,57,57,60,1,0,7.5,08:35
96,B007,R002,S052,Tadikonda,16.405,80.643,6.64,8.53,Sunny,23,Wednesday,1,Village Road,Medium,23,37,60,3,4,24.3,08:36
97,B009,R004,S095,Prathipadu,16.48,80.32,6.22,11.95,Rainy,35,Thursday,1,Village Road,Low,19,29,60,3,5,27.6,08:37
98,B014,R020,S047,Pedakakani,16.285,80.49,7.46,23.04,Cloudy,39,Wednesday,1,Village Road,High,29,11,60,1,9,25.4,08:38
99,B012,R020,S112,Mangalagiri,16.4303,80.5681,5.14,17.92,Sunny,30,Saturday,0,Main Road,Medium,39,9,60,1,4,12.9,08:39
100,B012,R012,S099,Prathipadu,16.48,80.32,6.91,27.25,Sunny,40,Monday,0,Main Road,Medium,30,48,60,2,4,19.8,09:40
101,B004,R001,S189,Namburu,16.36,80.52,4.93,20.81,Cloudy,27,Thursday,1,Village Road,Low,20,40,60,2,1,17.8,09:41
102,B005,R003,S116,Mangalagiri,16.4303,80.5681,7.97,16.54,Sunny,27,Saturday,1,Main Road,High,44,10,60,1,8,19.9,09:42
103,B017,R008,S032,Pedakakani,16.285,80.49,6.93,28.28,Cloudy,28,Tuesday,0,Main Road,High,39,55,60,3,9,22.7,09:43
104,B017,R014,S197,Namburu,16.36,80.52,1.73,28.26,Sunny,35,Friday,0,Highway,Low,56,13,60,4,0,5.9,09:44
105,B005,R014,S129,Pedakakani,16.285,80.49,3.28,29.62,Cloudy,23,Monday,0,Main Road,Medium,44,24,60,2,5,11.5,09:45
106,B005,R010,S158,Tadikonda,16.405,80.643,7.24,32.62,Cloudy,39,Monday,0,Highway,Low,52,42,60,3,1,12.4,09:46
107,B019,R014,S159,Tulluru,16.52,80.58,1.38,29.84,Sunny,22,Thursday,1,Highway,Medium,55,46,60,2,4,7.5,09:47
108,B011,R020,S037,Ponnur,16.065,80.551,1.33,3.13,Sunny,32,Saturday,1,Main Road,Medium,39,51,60,2,4,8.0,09:48
109,B005,R004,S013,Pedakakani,16.285,80.49,4.84,14.41,Sunny,31,Thursday,1,Village Road,Medium,34,20,60,2,4,14.5,09:49
110,B003,R013,S130,Tadikonda,16.405,80.643,4.39,19.83,Sunny,36,Tuesday,0,Village Road,Medium,23,42,60,1,4,16.5,09:50
111,B012,R013,S094,Pedakakani,16.285,80.49,2.86,3.11,Sunny,23,Thursday,0,Highway,Low,54,41,60,3,0,6.2,09:51
112,B005,R004,S101,Vaddeswaram,16.49,80.61,4.43,27.36,Foggy,33,Wednesday,1,Highway,Low,54,53,60,1,4,9.9,09:52
113,B020,R017,S036,Tadikonda,16.405,80.643,1.08,22.49,Cloudy,32,Friday,1,Highway,High,57,15,60,2,9,12.1,09:53
114,B012,R011,S173,Prathipadu,16.48,80.32,6.76,22.73,Sunny,25,Thursday,1,Village Road,Medium,34,55,60,1,4,16.9,09:54
115,B005,R008,S009,Guntur,16.3067,80.4365,5.0,10.12,Cloudy,40,Saturday,0,Main Road,Medium,37,17,60,4,5,17.1,09:55
116,B005,R017,S054,Guntur,16.3067,80.4365,5.77,18.08,Rainy,39,Wednesday,1,Main Road,Medium,34,38,60,1,9,20.2,09:56
117,B020,R016,S050,Prathipadu,16.48,80.32,3.26,13.89,Cloudy,29,Wednesday,1,Main Road,Medium,44,19,60,3,5,12.4,09:57
118,B004,R019,S174,Ponnur,16.065,80.551,4.25,21.06,Cloudy,39,Thursday,1,Village Road,High,28,57,60,3,9,21.1,09:58
119,B016,R007,S052,Pedakakani,16.285,80.49,2.87,24.29,Sunny,39,Wednesday,1,Village Road,Low,19,13,60,3,0,12.1,09:59
120,B011,R016,S026,Mangalagiri,16.4303,80.5681,5.62,21.55,Sunny,26,Monday,0,Main Road,Medium,37,31,60,4,4,17.1,09:00
121,B018,R002,S045,Namburu,16.36,80.52,2.85,4.62,Cloudy,35,Tuesday,0,Main Road,Medium,39,58,60,2,5,11.4,09:01
122,B015,R018,S135,Prathipadu,16.48,80.32,0.87,17.91,Foggy,37,Tuesday,1,Village Road,Low,19,22,60,3,4,9.7,09:02
123,B019,R007,S045,Tenali,16.239,80.645,5.47,27.03,Sunny,34,Thursday,1,Village Road,Low,32,10,60,3,0,13.3,09:03
124,B011,R010,S150,Prathipadu,16.48,80.32,3.13,10.57,Sunny,40,Monday,1,Main Road,Low,34,46,60,3,0,8.5,09:04
125,B004,R010,S095,Pedakakani,16.285,80.49,3.01,15.17,Rainy,29,Tuesday,0,Main Road,Medium,33,35,60,3,9,17.5,09:05
126,B020,R003,S135,Tadikonda,16.405,80.643,7.37,30.09,Rainy,36,Friday,1,Main Road,High,43,9,60,2,13,25.3,09:06
127,B003,R017,S115,Tulluru,16.52,80.58,3.16,18.77,Sunny,23,Thursday,0,Highway,Low,51,37,60,4,0,7.7,09:07
128,B002,R014,S089,Prathipadu,16.48,80.32,6.01,17.89,Cloudy,24,Friday,0,Main Road,High,44,9,60,1,9,18.2,09:08
129,B015,R013,S097,Namburu,16.36,80.52,6.31,35.66,Sunny,24,Saturday,0,Highway,Medium,58,46,60,4,4,14.5,09:09
130,B018,R013,S059,Pedakakani,16.285,80.49,6.81,29.5,Sunny,29,Thursday,1,Highway,High,57,14,60,4,8,19.2,09:10
131,B004,R020,S009,Ponnur,16.065,80.551,5.23,33.32,Sunny,36,Friday,0,Highway,High,48,20,60,1,8,15.5,09:11
132,B019,R020,S198,Guntur,16.3067,80.4365,1.81,31.61,Rainy,32,Tuesday,1,Main Road,Low,36,14,60,3,5,11.0,09:12
133,B018,R016,S013,Vaddeswaram,16.49,80.61,4.81,22.56,Sunny,33,Saturday,1,Main Road,Medium,38,55,60,4,4,15.6,09:13
134,B010,R005,S119,Vaddeswaram,16.49,80.61,2.96,8.48,Sunny,23,Friday,1,Main Road,Medium,43,31,60,2,4,10.1,09:14
135,B018,R007,S014,Vaddeswaram,16.49,80.61,2.26,21.66,Rainy,30,Thursday,0,Main Road,High,37,60,60,1,13,17.7,09:15
136,B004,R016,S063,Mangalagiri,16.4303,80.5681,7.06,17.05,Sunny,28,Thursday,0,Highway,High,51,40,60,2,8,18.3,09:16
137,B004,R016,S195,Pedakakani,16.285,80.49,5.47,14.72,Rainy,32,Tuesday,1,Village Road,Low,35,25,60,4,5,18.4,09:17
138,B007,R011,S059,Prathipadu,16.48,80.32,2.68,30.72,Sunny,34,Friday,0,Highway,Medium,52,36,60,2,4,9.1,09:18
139,B006,R005,S185,Vaddeswaram,16.49,80.61,7.76,27.01,Sunny,39,Thursday,0,Main Road,Medium,38,39,60,3,4,19.3,09:19
140,B007,R017,S117,Guntur,16.3067,80.4365,3.77,29.05,Cloudy,33,Monday,1,Main Road,Low,31,47,60,1,1,9.3,09:20
141,B006,R004,S025,Namburu,16.36,80.52,4.61,12.85,Sunny,38,Tuesday,0,Highway,High,58,17,60,4,8,16.8,09:21
142,B010,R003,S168,Tulluru,16.52,80.58,1.37,30.15,Sunny,23,Monday,1,Main Road,Medium,38,29,60,2,4,8.2,09:22
143,B017,R002,S059,Prathipadu,16.48,80.32,1.4,26.76,Sunny,28,Saturday,1,Main Road,Medium,30,22,60,1,4,7.8,09:23
144,B003,R010,S042,Guntur,16.3067,80.4365,7.49,16.92,Cloudy,40,Tuesday,1,Village Road,High,23,48,60,4,9,32.5,09:24
145,B011,R020,S197,Vaddeswaram,16.49,80.61,6.17,16.55,Sunny,34,Wednesday,0,Main Road,Low,32,45,60,1,0,12.6,09:25
146,B003,R020,S076,Ponnur,16.065,80.551,3.36,31.59,Cloudy,29,Saturday,0,Village Road,Medium,25,10,60,4,5,17.1,09:26
147,B004,R005,S023,Ponnur,16.065,80.551,3.4,6.15,Sunny,27,Thursday,1,Highway,High,49,40,60,3,8,15.2,09:27
148,B001,R010,S106,Vaddeswaram,16.49,80.61,3.35,6.14,Sunny,34,Monday,0,Main Road,Medium,30,41,60,4,4,14.7,09:28
149,B014,R010,S124,Vaddeswaram,16.49,80.61,2.74,10.79,Sunny,24,Wednesday,1,Highway,Low,57,20,60,3,0,5.9,09:29
150,B011,R015,S086,Namburu,16.36,80.52,1.78,1.98,Rainy,35,Saturday,0,Main Road,Low,44,24,60,4,5,11.4,09:30
151,B019,R008,S084,Pedakakani,16.285,80.49,2.08,14.03,Cloudy,34,Wednesday,1,Main Road,Low,45,28,60,4,1,7.8,09:31
152,B003,R014,S173,Mangalagiri,16.4303,80.5681,0.99,22.81,Sunny,37,Tuesday,1,Village Road,High,35,20,60,3,8,12.7,09:32
153,B018,R002,S093,Ponnur,16.065,80.551,4.03,21.97,Cloudy,39,Friday,0,Main Road,Medium,42,11,60,4,5,14.8,09:33
154,B014,R004,S003,Tenali,16.239,80.645,4.86,24.21,Foggy,25,Wednesday,0,Main Road,Medium,35,37,60,3,8,19.3,09:34
155,B001,R016,S027,Vaddeswaram,16.49,80.61,3.62,26.79,Cloudy,31,Thursday,0,Main Road,Medium,44,12,60,3,5,12.9,09:35
156,B011,R003,S077,Tadikonda,16.405,80.643,4.55,15.0,Cloudy,23,Saturday,0,Main Road,Low,44,6,60,4,1,11.2,09:36
157,B013,R006,S048,Pedakakani,16.285,80.49,2.06,6.86,Foggy,35,Thursday,0,Main Road,Medium,37,52,60,2,8,13.3,09:37
158,B019,R004,S138,Tulluru,16.52,80.58,0.83,7.27,Cloudy,27,Wednesday,1,Village Road,Low,30,17,60,1,1,3.7,09:38
159,B010,R020,S152,Namburu,16.36,80.52,5.2,22.81,Rainy,24,Saturday,0,Highway,Low,60,25,60,2,5,12.2,09:39
160,B014,R006,S125,Mangalagiri,16.4303,80.5681,5.79,21.11,Sunny,39,Saturday,0,Main Road,Medium,35,40,60,4,4,17.9,09:40
161,B005,R007,S099,Tadikonda,16.405,80.643,6.86,25.44,Foggy,39,Friday,1,Main Road,High,35,31,60,4,12,27.8,09:41
162,B008,R018,S074,Namburu,16.36,80.52,1.4,2.33,Sunny,27,Thursday,1,Main Road,Medium,45,40,60,3,4,8.9,09:42
163,B018,R007,S109,Vaddeswaram,16.49,80.61,6.73,17.74,Sunny,25,Saturday,0,Highway,High,48,24,60,4,8,20.4,09:43
164,B020,R014,S043,Guntur,16.3067,80.4365,7.03,10.55,Sunny,26,Tuesday,0,Main Road,High,32,56,60,3,8,24.2,09:44
165,B005,R014,S016,Guntur,16.3067,80.4365,7.85,16.63,Foggy,30,Saturday,0,Main Road,Medium,35,49,60,1,8,22.5,09:45
166,B003,R003,S104,Tadikonda,16.405,80.643,4.32,21.64,Sunny,38,Saturday,1,Main Road,Low,37,49,60,4,0,11.0,09:46
167,B003,R018,S102,Pedakakani,16.285,80.49,7.06,32.48,Foggy,28,Thursday,0,Main Road,Low,40,36,60,3,4,17.6,09:47
168,B002,R004,S161,Ponnur,16.065,80.551,4.96,21.94,Sunny,36,Monday,0,Main Road,Medium,40,59,60,1,4,12.4,09:48
169,B003,R012,S065,Tadikonda,16.405,80.643,7.97,35.25,Sunny,24,Wednesday,0,Main Road,High,43,8,60,3,8,22.1,09:49
170,B017,R015,S003,Prathipadu,16.48,80.32,5.87,5.9,Sunny,22,Saturday,1,Main Road,Medium,43,57,60,2,4,14.2,09:50
171,B012,R010,S036,Mangalagiri,16.4303,80.5681,1.31,12.8,Sunny,34,Tuesday,0,Village Road,Medium,33,9,60,3,4,9.4,09:51
172,B007,R003,S026,Vaddeswaram,16.49,80.61,6.0,24.84,Sunny,26,Monday,1,Main Road,Low,44,27,60,4,0,12.2,09:52
173,B001,R010,S053,Prathipadu,16.48,80.32,5.44,12.89,Cloudy,38,Friday,0,Main Road,Medium,37,52,60,3,5,16.8,09:53
174,B012,R011,S034,Prathipadu,16.48,80.32,3.58,10.81,Sunny,34,Friday,1,Main Road,Medium,37,28,60,1,4,10.8,09:54
175,B017,R010,S161,Vaddeswaram,16.49,80.61,5.03,5.44,Rainy,38,Thursday,1,Main Road,Low,32,49,60,4,5,18.4,09:55
176,B013,R019,S163,Prathipadu,16.48,80.32,3.03,18.37,Rainy,24,Wednesday,1,Highway,Low,49,51,60,3,5,11.7,09:56
177,B004,R001,S182,Tenali,16.239,80.645,4.06,22.32,Cloudy,26,Saturday,0,Highway,Low,47,15,60,2,1,8.2,09:57
178,B011,R014,S070,Namburu,16.36,80.52,1.71,25.14,Rainy,38,Monday,1,Village Road,Low,29,50,60,1,5,9.5,09:58
179,B004,R019,S173,Tulluru,16.52,80.58,3.39,18.38,Sunny,25,Tuesday,0,Main Road,Medium,44,7,60,3,4,11.6,09:59
180,B008,R011,S064,Guntur,16.3067,80.4365,7.43,12.8,Sunny,35,Saturday,1,Main Road,High,41,22,60,4,8,22.9,09:00
181,B010,R010,S084,Mangalagiri,16.4303,80.5681,2.41,17.88,Sunny,24,Friday,1,Main Road,Low,31,5,60,4,0,8.7,09:01
182,B005,R001,S105,Pedakakani,16.285,80.49,3.45,32.61,Rainy,22,Tuesday,1,Main Road,High,37,45,60,2,13,20.6,09:02
183,B005,R009,S024,Guntur,16.3067,80.4365,1.55,17.44,Sunny,23,Tuesday,1,Village Road,Low,27,49,60,1,0,4.4,09:03
184,B005,R008,S075,Pedakakani,16.285,80.49,1.76,26.36,Cloudy,30,Wednesday,1,Main Road,Low,33,49,60,4,1,8.2,09:04
185,B006,R015,S120,Pedakakani,16.285,80.49,7.59,11.67,Sunny,32,Thursday,0,Main Road,Medium,37,39,60,1,4,17.3,09:05
186,B020,R002,S056,Pedakakani,16.285,80.49,4.14,29.71,Rainy,32,Tuesday,0,Village Road,Low,27,50,60,3,5,17.2,09:06
187,B018,R018,S064,Tenali,16.239,80.645,2.67,32.39,Sunny,25,Thursday,0,Village Road,Low,27,56,60,4,0,9.9,09:07
188,B019,R019,S067,Tadikonda,16.405,80.643,2.23,14.25,Rainy,24,Monday,0,Highway,Medium,46,17,60,1,9,12.9,09:08
189,B016,R001,S098,Namburu,16.36,80.52,1.11,14.94,Cloudy,35,Tuesday,1,Village Road,Low,21,18,60,4,1,8.2,09:09
190,B002,R003,S072,Tadikonda,16.405,80.643,5.22,23.73,Sunny,34,Tuesday,1,Main Road,Medium,34,17,60,4,4,17.2,09:10
191,B013,R009,S047,Vaddeswaram,16.49,80.61,4.25,27.69,Cloudy,22,Wednesday,0,Main Road,Low,42,6,60,3,1,10.1,09:11
192,B008,R019,S100,Ponnur,16.065,80.551,7.81,10.81,Sunny,33,Tuesday,0,Highway,Medium,60,20,60,1,4,12.8,09:12
193,B018,R010,S045,Tulluru,16.52,80.58,7.62,24.53,Sunny,37,Monday,0,Main Road,Medium,30,8,60,4,4,23.2,09:13
194,B011,R002,S006,Tenali,16.239,80.645,3.19,21.61,Sunny,26,Friday,0,Main Road,High,45,54,60,2,8,14.3,09:14
195,B005,R006,S188,Mangalagiri,16.4303,80.5681,5.87,25.73,Sunny,35,Saturday,1,Village Road,Medium,29,46,60,3,4,19.1,09:15
196,B019,R013,S198,Pedakakani,16.285,80.49,3.52,25.54,Sunny,40,Monday,0,Highway,Low,56,43,60,1,0,4.8,09:16
197,B003,R011,S115,Pedakakani,16.285,80.49,1.81,24.17,Foggy,22,Wednesday,0,Village Road,Low,33,20,60,2,4,9.3,09:17
198,B013,R012,S140,Mangalagiri,16.4303,80.5681,3.58,25.56,Rainy,34,Monday,1,Main Road,High,30,55,60,4,13,24.2,09:18
199,B003,R011,S044,Tulluru,16.52,80.58,1.33,26.7,Sunny,34,Tuesday,0,Main Road,Low,35,40,60,1,0,3.3,09:19
200,B011,R007,S049,Mangalagiri,16.4303,80.5681,7.59,12.54,Sunny,35,Saturday,1,Main Road,High,30,47,60,1,8,24.2,10:20
201,B003,R010,S170,Ponnur,16.065,80.551,4.92,30.12,Sunny,37,Tuesday,0,Main Road,Low,31,6,60,4,0,13.5,10:21
202,B003,R018,S100,Tenali,16.239,80.645,6.88,16.13,Sunny,27,Wednesday,1,Highway,Low,54,28,60,3,0,10.6,10:22
203,B003,R012,S139,Tadikonda,16.405,80.643,2.7,27.81,Sunny,35,Friday,0,Main Road,Medium,44,40,60,1,4,8.7,10:23
204,B004,R015,S045,Guntur,16.3067,80.4365,4.23,6.6,Cloudy,27,Tuesday,0,Village Road,High,25,13,60,2,9,21.2,10:24
205,B003,R013,S143,Guntur,16.3067,80.4365,6.81,14.55,Rainy,34,Friday,1,Main Road,High,36,59,60,1,13,25.4,10:25
206,B004,R019,S200,Ponnur,16.065,80.551,3.78,8.23,Rainy,25,Wednesday,1,Main Road,Medium,43,31,60,1,9,15.3,10:26
207,B002,R013,S085,Ponnur,16.065,80.551,2.04,14.13,Cloudy,29,Monday,1,Main Road,Medium,45,22,60,4,5,11.7,10:27
208,B005,R010,S191,Pedakakani,16.285,80.49,6.87,32.62,Foggy,36,Wednesday,1,Highway,Medium,54,51,60,2,8,17.6,10:28
209,B002,R017,S041,Prathipadu,16.48,80.32,2.32,27.04,Rainy,24,Wednesday,1,Main Road,Medium,36,13,60,3,9,15.9,10:29
210,B012,R007,S071,Vaddeswaram,16.49,80.61,7.1,13.12,Sunny,33,Thursday,1,Village Road,Low,24,45,60,1,0,18.8,10:30
211,B012,R006,S067,Mangalagiri,16.4303,80.5681,5.08,10.41,Cloudy,24,Wednesday,0,Main Road,High,41,29,60,3,9,19.4,10:31
212,B016,R005,S166,Guntur,16.3067,80.4365,5.68,13.75,Sunny,27,Friday,0,Highway,Medium,51,19,60,1,4,11.7,10:32
213,B017,R020,S102,Ponnur,16.065,80.551,7.25,32.8,Sunny,40,Monday,0,Main Road,Medium,38,37,60,3,4,18.4,10:33
214,B009,R010,S049,Pedakakani,16.285,80.49,4.27,14.36,Sunny,26,Friday,0,Main Road,Low,39,8,60,3,0,9.6,10:34
215,B002,R019,S182,Tulluru,16.52,80.58,5.52,35.44,Sunny,40,Tuesday,1,Main Road,Low,34,51,60,4,0,13.7,10:35
216,B004,R016,S033,Tenali,16.239,80.645,2.96,8.06,Cloudy,30,Saturday,0,Main Road,Medium,41,48,60,3,5,12.3,10:36
217,B019,R010,S119,Pedakakani,16.285,80.49,6.16,15.37,Sunny,25,Thursday,0,Main Road,Medium,41,60,60,3,4,16.0,10:37
218,B005,R005,S052,Tulluru,16.52,80.58,4.4,30.42,Sunny,32,Thursday,1,Main Road,Low,45,14,60,1,0,6.9,10:38
219,B009,R007,S195,Pedakakani,16.285,80.49,3.19,32.79,Sunny,27,Friday,0,Village Road,Low,33,36,60,4,0,9.8,10:39
220,B001,R011,S194,Mangalagiri,16.4303,80.5681,3.89,18.21,Cloudy,38,Tuesday,0,Highway,Low,58,48,60,3,1,8.0,10:40
221,B002,R010,S075,Guntur,16.3067,80.4365,3.05,6.13,Sunny,36,Saturday,1,Main Road,Medium,37,32,60,1,4,9.9,10:41
222,B005,R007,S188,Tadikonda,16.405,80.643,1.99,29.2,Sunny,22,Friday,0,Main Road,High,41,12,60,2,8,12.9,10:42
223,B001,R002,S177,Pedakakani,16.285,80.49,6.35,25.04,Sunny,25,Thursday,1,Village Road,Medium,26,29,60,1,4,19.7,10:43
224,B020,R020,S180,Mangalagiri,16.4303,80.5681,5.81,24.72,Cloudy,26,Thursday,0,Main Road,Low,34,37,60,3,1,14.3,10:44
225,B012,R014,S076,Tulluru,16.52,80.58,2.23,8.22,Cloudy,27,Monday,1,Highway,Low,48,18,60,2,1,5.8,10:45
226,B017,R003,S186,Namburu,16.36,80.52,7.33,32.39,Sunny,25,Wednesday,0,Main Road,Medium,30,34,60,1,4,19.7,10:46
227,B004,R004,S195,Ponnur,16.065,80.551,7.09,32.66,Cloudy,23,Monday,0,Main Road,Low,33,47,60,4,1,17.9,10:47
228,B009,R013,S177,Tadikonda,16.405,80.643,3.48,13.76,Sunny,37,Thursday,0,Main Road,Low,38,12,60,4,0,9.5,10:48
229,B020,R013,S200,Tadikonda,16.405,80.643,3.8,21.52,Cloudy,33,Friday,0,Main Road,High,35,60,60,2,9,17.5,10:49
230,B011,R017,S134,Tadikonda,16.405,80.643,3.97,5.87,Sunny,25,Thursday,0,Main Road,Medium,33,35,60,2,4,13.2,10:50
231,B016,R006,S020,Pedakakani,16.285,80.49,7.22,25.61,Rainy,37,Wednesday,0,Main Road,Low,34,26,60,4,5,21.7,10:51
232,B016,R015,S081,Ponnur,16.065,80.551,6.68,9.04,Cloudy,25,Thursday,0,Highway,Medium,52,11,60,1,5,13.7,10:52
233,B012,R002,S058,Prathipadu,16.48,80.32,7.21,24.08,Sunny,36,Wednesday,1,Main Road,Medium,32,50,60,3,4,20.5,10:53
234,B004,R002,S043,Pedakakani,16.285,80.49,0.82,11.47,Rainy,37,Tuesday,1,Village Road,Medium,25,11,60,3,9,14.0,10:54
235,B002,R019,S032,Ponnur,16.065,80.551,2.35,27.09,Sunny,36,Thursday,0,Main Road,Low,33,36,60,4,0,8.3,10:55
236,B005,R004,S100,Guntur,16.3067,80.4365,7.46,30.89,Cloudy,32,Friday,1,Main Road,High,43,31,60,2,9,21.4,10:56
237,B020,R017,S077,Tulluru,16.52,80.58,7.74,36.85,Sunny,39,Wednesday,0,Village Road,Medium,30,17,60,4,4,23.5,10:57
238,B004,R012,S144,Tenali,16.239,80.645,7.87,27.37,Cloudy,37,Friday,1,Main Road,High,41,48,60,3,9,23.5,10:58
239,B006,R010,S175,Vaddeswaram,16.49,80.61,1.57,13.0,Sunny,30,Tuesday,0,Main Road,Low,30,49,60,3,0,6.1,10:59
240,B008,R017,S179,Ponnur,16.065,80.551,1.54,27.58,Rainy,31,Saturday,0,Main Road,Medium,41,29,60,4,9,15.3,10:00
241,B008,R012,S194,Prathipadu,16.48,80.32,6.15,12.24,Rainy,40,Friday,0,Main Road,High,31,54,60,4,13,28.9,10:01
242,B018,R009,S034,Tenali,16.239,80.645,7.73,29.78,Sunny,27,Friday,1,Main Road,Low,32,5,60,3,0,17.5,10:02
243,B016,R019,S141,Pedakakani,16.285,80.49,7.49,25.4,Cloudy,33,Monday,1,Main Road,Medium,31,38,60,3,5,22.5,10:03
244,B011,R012,S076,Tenali,16.239,80.645,4.71,16.81,Rainy,28,Friday,1,Village Road,Low,31,40,60,3,5,17.1,10:04
245,B013,R004,S099,Guntur,16.3067,80.4365,7.31,25.72,Foggy,30,Friday,1,Highway,Medium,56,6,60,3,8,18.8,10:05
246,B006,R018,S137,Vaddeswaram,16.49,80.61,1.12,28.07,Cloudy,22,Saturday,0,Village Road,Low,33,18,60,1,1,4.0,10:06
247,B005,R001,S118,Tenali,16.239,80.645,4.67,25.75,Rainy,32,Monday,0,Village Road,High,24,9,60,1,13,25.7,10:07
248,B001,R013,S173,Guntur,16.3067,80.4365,7.36,19.59,Sunny,25,Friday,0,Highway,Medium,53,46,60,3,4,15.3,10:08
249,B010,R015,S098,Tulluru,16.52,80.58,7.48,10.66,Sunny,34,Saturday,0,Highway,Medium,46,35,60,1,4,14.8,10:09
250,B001,R018,S143,Tadikonda,16.405,80.643,2.92,21.94,Rainy,26,Monday,0,Main Road,Low,42,5,60,3,5,12.2,10:10
251,B006,R006,S057,Tulluru,16.52,80.58,6.19,33.3,Sunny,30,Tuesday,0,Main Road,Low,39,16,60,2,0,11.5,10:11
252,B012,R005,S172,Tulluru,16.52,80.58,5.64,13.16,Cloudy,29,Monday,1,Village Road,Low,27,44,60,3,1,16.5,10:12
253,B011,R014,S044,Mangalagiri,16.4303,80.5681,3.16,22.94,Sunny,22,Wednesday,0,Village Road,Medium,32,55,60,3,4,12.9,10:13
254,B010,R016,S142,Tenali,16.239,80.645,1.77,23.76,Sunny,25,Tuesday,0,Village Road,High,29,58,60,3,8,14.7,10:14
255,B019,R019,S104,Ponnur,16.065,80.551,6.08,24.88,Rainy,40,Tuesday,0,Village Road,Medium,26,40,60,1,9,24.0,10:15
256,B015,R017,S131,Ponnur,16.065,80.551,3.63,30.37,Rainy,24,Thursday,1,Main Road,Medium,34,37,60,2,9,17.4,10:16
257,B016,R012,S011,Guntur,16.3067,80.4365,1.95,18.94,Rainy,29,Thursday,0,Main Road,Medium,34,9,60,2,9,14.4,10:17
258,B002,R011,S027,Ponnur,16.065,80.551,7.34,18.18,Sunny,38,Saturday,1,Main Road,Medium,36,58,60,1,4,17.2,10:18
259,B008,R017,S104,Ponnur,16.065,80.551,3.43,23.03,Cloudy,33,Wednesday,1,Main Road,High,42,55,60,4,9,17.9,10:19
260,B006,R012,S155,Namburu,16.36,80.52,1.99,4.3,Sunny,25,Saturday,0,Village Road,Medium,32,31,60,2,4,9.7,10:20
261,B005,R019,S152,Pedakakani,16.285,80.49,2.32,7.16,Sunny,27,Tuesday,0,Village Road,High,33,41,60,1,8,13.2,10:21
262,B003,R007,S115,Tadikonda,16.405,80.643,7.7,25.68,Sunny,37,Thursday,0,Highway,Medium,53,19,60,3,4,15.7,10:22
263,B013,R013,S034,Prathipadu,16.48,80.32,6.01,16.29,Cloudy,25,Monday,0,Main Road,Medium,38,38,60,2,5,16.5,10:23
264,B003,R016,S169,Vaddeswaram,16.49,80.61,4.23,22.67,Rainy,26,Friday,0,Main Road,Low,33,54,60,1,5,13.7,10:24
265,B019,R019,S026,Prathipadu,16.48,80.32,3.89,32.04,Rainy,35,Tuesday,1,Main Road,Medium,31,35,60,3,9,19.5,10:25
266,B017,R001,S097,Tenali,16.239,80.645,3.74,9.41,Rainy,28,Saturday,1,Village Road,Medium,35,31,60,1,9,16.4,10:26
267,B007,R014,S142,Pedakakani,16.285,80.49,6.96,19.67,Sunny,39,Thursday,0,Highway,Low,58,28,60,4,0,11.2,10:27
268,B008,R015,S180,Vaddeswaram,16.49,80.61,6.37,18.31,Rainy,27,Monday,0,Main Road,Low,39,37,60,1,5,15.8,10:28
269,B003,R003,S068,Prathipadu,16.48,80.32,7.74,7.9,Sunny,29,Wednesday,0,Village Road,Low,30,43,60,4,0,19.5,10:29
270,B017,R010,S050,Guntur,16.3067,80.4365,7.61,32.22,Sunny,23,Friday,0,Village Road,Medium,19,44,60,2,4,30.0,10:30
271,B013,R019,S052,Tadikonda,16.405,80.643,7.82,10.43,Sunny,38,Monday,0,Main Road,Low,37,10,60,4,0,16.7,10:31
272,B009,R006,S105,Vaddeswaram,16.49,80.61,2.43,31.32,Sunny,38,Monday,0,Main Road,Medium,41,37,60,1,4,8.6,10:32
273,B008,R011,S199,Ponnur,16.065,80.551,6.65,23.9,Foggy,36,Saturday,1,Main Road,Medium,38,42,60,4,8,22.5,10:33
274,B014,R012,S133,Guntur,16.3067,80.4365,5.36,35.19,Sunny,39,Monday,1,Main Road,Medium,32,20,60,3,4,17.1,10:34
275,B006,R007,S128,Ponnur,16.065,80.551,7.51,21.81,Rainy,28,Tuesday,0,Highway,Low,55,60,60,3,5,16.2,10:35
276,B020,R001,S196,Ponnur,16.065,80.551,1.92,5.12,Cloudy,39,Monday,1,Main Road,High,37,28,60,4,9,16.1,10:36
277,B002,R017,S109,Tulluru,16.52,80.58,7.89,35.37,Sunny,37,Friday,0,Main Road,Low,45,37,60,2,0,12.5,10:37
278,B013,R019,S026,Pedakakani,16.285,80.49,5.83,19.63,Sunny,32,Wednesday,1,Main Road,Medium,44,16,60,2,4,13.9,10:38
279,B012,R013,S072,Vaddeswaram,16.49,80.61,3.43,18.39,Cloudy,36,Tuesday,0,Main Road,Low,45,41,60,3,1,8.6,10:39
280,B016,R001,S046,Tenali,16.239,80.645,3.91,15.34,Foggy,35,Thursday,0,Village Road,Low,35,59,60,2,4,12.7,10:40
281,B002,R007,S066,Vaddeswaram,16.49,80.61,2.61,28.37,Sunny,37,Saturday,0,Main Road,Low,45,33,60,2,0,5.5,10:41
282,B019,R019,S167,Pedakakani,16.285,80.49,0.94,4.58,Foggy,39,Tuesday,1,Main Road,High,38,27,60,2,12,15.5,10:42
283,B011,R014,S162,Pedakakani,16.285,80.49,3.54,12.14,Sunny,40,Thursday,0,Main Road,Medium,44,10,60,2,4,10.8,10:43
284,B019,R017,S116,Tadikonda,16.405,80.643,5.92,24.08,Rainy,35,Tuesday,0,Main Road,Low,40,59,60,3,5,16.9,10:44
285,B018,R002,S007,Guntur,16.3067,80.4365,2.32,14.23,Rainy,34,Friday,0,Highway,Low,52,11,60,4,5,11.7,10:45
286,B001,R002,S170,Ponnur,16.065,80.551,2.45,24.58,Sunny,33,Wednesday,1,Main Road,Medium,42,34,60,2,4,9.5,10:46
287,B017,R018,S080,Vaddeswaram,16.49,80.61,2.07,20.0,Cloudy,33,Thursday,0,Village Road,Medium,35,56,60,4,5,12.5,10:47
288,B012,R010,S121,Mangalagiri,16.4303,80.5681,1.92,2.24,Rainy,39,Monday,1,Main Road,Medium,43,53,60,2,9,13.7,10:48
289,B013,R008,S042,Namburu,16.36,80.52,6.54,22.99,Rainy,34,Thursday,0,Main Road,Low,39,21,60,4,5,19.1,10:49
290,B006,R005,S075,Mangalagiri,16.4303,80.5681,5.47,21.43,Sunny,25,Saturday,1,Main Road,Low,38,44,60,1,0,9.6,10:50
291,B010,R009,S033,Namburu,16.36,80.52,0.94,2.43,Sunny,36,Saturday,0,Main Road,Medium,36,19,60,1,4,6.6,10:51
292,B011,R003,S193,Mangalagiri,16.4303,80.5681,3.83,27.4,Sunny,26,Monday,1,Highway,Medium,60,54,60,1,4,8.8,10:52
293,B013,R015,S064,Prathipadu,16.48,80.32,7.25,14.75,Sunny,23,Tuesday,1,Highway,Low,60,52,60,2,0,9.2,10:53
294,B018,R017,S032,Mangalagiri,16.4303,80.5681,5.71,15.07,Cloudy,30,Thursday,1,Main Road,Low,45,17,60,1,1,9.6,10:54
295,B013,R008,S003,Pedakakani,16.285,80.49,5.36,15.1,Sunny,23,Friday,1,Village Road,Low,25,49,60,1,0,13.9,10:55
296,B002,R012,S166,Tulluru,16.52,80.58,4.4,24.98,Foggy,26,Saturday,0,Highway,Low,47,13,60,1,4,10.6,10:56
297,B016,R015,S144,Namburu,16.36,80.52,0.95,12.28,Sunny,31,Friday,1,Main Road,Medium,44,17,60,1,4,6.3,10:57
298,B017,R005,S116,Tulluru,16.52,80.58,2.78,27.72,Cloudy,31,Wednesday,1,Highway,High,56,34,60,1,9,13.0,10:58
299,B018,R013,S049,Guntur,16.3067,80.4365,5.26,16.18,Sunny,38,Saturday,1,Village Road,Medium,18,54,60,1,4,22.5,10:59
300,B006,R002,S052,Vaddeswaram,16.49,80.61,5.41,8.72,Sunny,25,Thursday,0,Highway,Medium,54,11,60,2,4,12.0,11:00
301,B001,R007,S168,Guntur,16.3067,80.4365,5.29,23.0,Sunny,37,Monday,1,Main Road,Low,45,56,60,1,0,8.1,11:01
302,B003,R007,S133,Guntur,16.3067,80.4365,6.73,14.7,Sunny,25,Monday,0,Main Road,Low,41,39,60,3,0,12.8,11:02
303,B015,R014,S027,Prathipadu,16.48,80.32,6.19,18.65,Cloudy,27,Tuesday,1,Highway,Low,52,37,60,3,1,11.1,11:03
304,B011,R020,S062,Pedakakani,16.285,80.49,4.76,34.67,Sunny,40,Friday,0,Main Road,High,41,29,60,4,8,19.0,11:04
305,B017,R005,S078,Vaddeswaram,16.49,80.61,4.02,15.93,Foggy,22,Wednesday,0,Village Road,Medium,32,18,60,1,8,16.5,11:05
306,B008,R009,S077,Pedakakani,16.285,80.49,1.07,11.74,Sunny,24,Friday,1,Highway,Low,53,41,60,2,0,3.2,11:06
307,B020,R010,S010,Tenali,16.239,80.645,4.32,31.29,Rainy,40,Thursday,0,Village Road,Medium,23,54,60,1,9,21.3,11:07
308,B013,R002,S079,Guntur,16.3067,80.4365,3.8,29.83,Sunny,38,Monday,1,Village Road,High,31,39,60,1,8,16.4,11:08
309,B008,R014,S075,Tulluru,16.52,80.58,5.65,35.57,Rainy,34,Tuesday,0,Highway,High,52,26,60,1,13,20.5,11:09
310,B016,R018,S051,Mangalagiri,16.4303,80.5681,1.41,16.46,Sunny,37,Thursday,0,Main Road,Medium,42,40,60,2,4,8.0,11:10
311,B014,R014,S094,Tulluru,16.52,80.58,2.72,15.62,Cloudy,33,Tuesday,1,Village Road,Medium,20,27,60,1,5,14.2,11:11
312,B008,R007,S176,Tulluru,16.52,80.58,5.24,34.94,Sunny,33,Tuesday,0,Main Road,Medium,35,12,60,1,4,14.0,11:12
313,B007,R018,S055,Guntur,16.3067,80.4365,3.27,27.4,Sunny,28,Friday,1,Main Road,Low,39,40,60,3,0,8.0,11:13
314,B007,R020,S070,Namburu,16.36,80.52,5.0,24.91,Sunny,23,Thursday,0,Main Road,Low,30,9,60,3,0,13.0,11:14
315,B011,R016,S153,Prathipadu,16.48,80.32,2.91,29.41,Foggy,39,Monday,0,Main Road,Low,33,17,60,1,4,10.3,11:15
316,B012,R012,S091,Vaddeswaram,16.49,80.61,7.44,16.59,Cloudy,31,Tuesday,1,Village Road,Medium,25,56,60,1,5,23.9,11:16
317,B003,R013,S134,Guntur,16.3067,80.4365,7.63,14.4,Sunny,29,Thursday,0,Main Road,Low,30,41,60,2,0,17.3,11:17
318,B005,R010,S177,Tadikonda,16.405,80.643,4.7,10.9,Cloudy,38,Tuesday,1,Main Road,Low,40,54,60,2,1,10.1,11:18
319,B001,R011,S106,Tadikonda,16.405,80.643,4.81,33.27,Sunny,35,Wednesday,1,Main Road,Low,40,52,60,2,0,9.2,11:19
320,B020,R008,S060,Ponnur,16.065,80.551,2.13,25.0,Sunny,22,Wednesday,0,Highway,Medium,51,49,60,2,4,8.5,11:20
321,B014,R001,S070,Namburu,16.36,80.52,6.94,21.68,Sunny,35,Tuesday,0,Highway,Low,60,53,60,1,0,7.9,11:21
322,B011,R013,S157,Tenali,16.239,80.645,7.04,33.67,Rainy,40,Friday,0,Highway,Medium,59,38,60,4,9,20.2,11:22
323,B007,R010,S113,Mangalagiri,16.4303,80.5681,4.67,34.18,Sunny,34,Wednesday,1,Main Road,Low,37,34,60,1,0,8.6,11:23
324,B013,R014,S083,Tadikonda,16.405,80.643,6.78,20.33,Sunny,36,Monday,0,Main Road,Medium,34,34,60,2,4,18.0,11:24
325,B003,R004,S181,Tulluru,16.52,80.58,2.6,23.35,Rainy,36,Saturday,1,Village Road,High,20,10,60,1,13,21.8,11:25
326,B006,R005,S046,Vaddeswaram,16.49,80.61,3.54,26.59,Cloudy,23,Thursday,1,Village Road,High,35,24,60,2,9,17.1,11:26
327,B016,R018,S002,Namburu,16.36,80.52,7.72,7.83,Sunny,37,Tuesday,0,Main Road,Medium,33,42,60,4,4,22.0,11:27
328,B002,R006,S038,Namburu,16.36,80.52,2.56,18.98,Cloudy,23,Saturday,1,Main Road,Medium,32,7,60,2,5,11.8,11:28
329,B015,R019,S093,Tadikonda,16.405,80.643,1.15,13.66,Cloudy,23,Monday,1,Village Road,Low,20,25,60,2,1,6.4,11:29
330,B017,R014,S135,Pedakakani,16.285,80.49,1.27,15.39,Rainy,28,Saturday,0,Village Road,Low,35,44,60,3,5,10.2,11:30
331,B005,R020,S145,Guntur,16.3067,80.4365,3.87,29.3,Cloudy,37,Friday,1,Highway,Low,47,36,60,3,1,8.9,11:31
332,B020,R014,S106,Tadikonda,16.405,80.643,0.81,1.53,Sunny,23,Wednesday,1,Village Road,Medium,24,40,60,2,4,8.0,11:32
333,B004,R011,S088,Tenali,16.239,80.645,6.49,15.72,Sunny,34,Saturday,0,Highway,Medium,51,58,60,1,4,12.6,11:33
334,B015,R014,S191,Tadikonda,16.405,80.643,6.54,25.91,Cloudy,23,Friday,1,Highway,Medium,55,41,60,3,5,15.1,11:34
335,B001,R011,S097,Pedakakani,16.285,80.49,6.56,33.2,Foggy,39,Tuesday,1,Main Road,Low,36,16,60,3,4,17.9,11:35
336,B007,R017,S078,Tulluru,16.52,80.58,2.75,5.35,Sunny,27,Monday,1,Highway,High,54,55,60,3,8,14.1,11:36
337,B017,R010,S199,Guntur,16.3067,80.4365,0.98,15.46,Sunny,32,Tuesday,0,Village Road,Medium,34,57,60,4,4,9.7,11:37
338,B020,R003,S086,Vaddeswaram,16.49,80.61,4.11,25.52,Sunny,36,Monday,0,Main Road,Medium,36,38,60,1,4,11.9,11:38
339,B009,R005,S041,Ponnur,16.065,80.551,2.24,10.84,Rainy,30,Monday,0,Highway,Medium,54,44,60,1,9,12.5,11:39
340,B006,R003,S080,Vaddeswaram,16.49,80.61,3.09,7.34,Sunny,32,Friday,1,Main Road,Medium,41,8,60,2,4,10.5,11:40
341,B020,R012,S080,Tadikonda,16.405,80.643,1.19,13.98,Cloudy,32,Tuesday,0,Highway,Low,46,53,60,4,1,6.6,11:41
342,B008,R005,S158,Namburu,16.36,80.52,4.08,24.61,Sunny,30,Wednesday,1,Main Road,Medium,44,16,60,2,4,11.6,11:42
343,B010,R012,S155,Pedakakani,16.285,80.49,1.02,15.28,Sunny,40,Tuesday,0,Village Road,Low,33,30,60,2,0,3.9,11:43
344,B016,R013,S017,Mangalagiri,16.4303,80.5681,4.12,21.84,Sunny,32,Tuesday,1,Main Road,Low,39,55,60,2,0,8.3,11:44
345,B004,R019,S153,Prathipadu,16.48,80.32,5.57,7.91,Cloudy,36,Wednesday,0,Main Road,High,37,57,60,4,9,22.0,11:45
346,B003,R007,S036,Namburu,16.36,80.52,5.74,23.63,Sunny,40,Saturday,0,Highway,High,57,53,60,1,8,15.0,11:46
347,B019,R010,S112,Tadikonda,16.405,80.643,5.23,18.64,Rainy,33,Monday,0,Main Road,Low,39,44,60,3,5,16.0,11:47
348,B004,R010,S008,Vaddeswaram,16.49,80.61,3.46,19.93,Cloudy,29,Thursday,1,Main Road,Low,39,45,60,3,1,9.3,11:48
349,B012,R014,S040,Pedakakani,16.285,80.49,4.72,24.59,Sunny,31,Saturday,0,Village Road,Medium,31,13,60,4,4,17.1,11:49
350,B015,R020,S109,Guntur,16.3067,80.4365,5.54,34.79,Sunny,27,Thursday,1,Highway,Low,45,40,60,4,0,11.4,11:50
351,B014,R018,S148,Namburu,16.36,80.52,5.15,22.49,Sunny,33,Monday,0,Main Road,High,35,41,60,3,8,19.8,11:51
352,B015,R017,S021,Namburu,16.36,80.52,1.82,23.76,Foggy,38,Friday,0,Village Road,High,20,20,60,3,12,20.5,11:52
353,B019,R011,S108,Namburu,16.36,80.52,7.31,23.36,Sunny,33,Wednesday,1,Main Road,Low,39,15,60,4,0,15.2,11:53
354,B020,R001,S074,Guntur,16.3067,80.4365,5.33,22.67,Cloudy,37,Monday,0,Main Road,Medium,38,37,60,3,5,16.4,11:54
355,B019,R005,S169,Mangalagiri,16.4303,80.5681,5.23,13.49,Cloudy,36,Wednesday,0,Village Road,Low,22,21,60,2,1,17.3,11:55
356,B013,R008,S170,Tenali,16.239,80.645,7.76,25.63,Rainy,36,Saturday,0,Main Road,High,40,18,60,4,13,28.6,11:56
357,B016,R018,S060,Tulluru,16.52,80.58,6.24,9.72,Sunny,34,Saturday,1,Village Road,Low,26,35,60,3,0,17.4,11:57
358,B004,R018,S164,Ponnur,16.065,80.551,7.48,20.94,Foggy,33,Thursday,1,Highway,Medium,58,26,60,1,8,16.7,11:58
359,B017,R011,S174,Ponnur,16.065,80.551,4.12,24.38,Cloudy,27,Wednesday,0,Main Road,Low,38,48,60,2,1,9.5,11:59
360,B007,R002,S007,Guntur,16.3067,80.4365,4.58,25.14,Cloudy,24,Monday,0,Village Road,Low,21,43,60,3,1,17.1,11:00
361,B004,R006,S065,Mangalagiri,16.4303,80.5681,3.51,26.43,Rainy,31,Thursday,0,Village Road,Medium,22,45,60,2,9,20.6,11:01
362,B011,R002,S067,Namburu,16.36,80.52,2.65,26.07,Sunny,30,Tuesday,1,Village Road,Low,28,9,60,4,0,9.7,11:02
363,B015,R009,S027,Namburu,16.36,80.52,5.45,8.7,Sunny,23,Monday,0,Village Road,Medium,23,41,60,1,4,19.2,11:03
364,B011,R013,S148,Ponnur,16.065,80.551,5.5,5.53,Sunny,22,Friday,1,Village Road,Low,22,35,60,2,0,17.0,11:04
365,B011,R010,S103,Prathipadu,16.48,80.32,3.57,24.25,Sunny,23,Saturday,0,Main Road,Medium,37,28,60,3,4,12.8,11:05
366,B007,R010,S179,Vaddeswaram,16.49,80.61,6.28,14.98,Cloudy,34,Monday,1,Village Road,Low,32,36,60,4,1,16.8,11:06
367,B003,R018,S165,Mangalagiri,16.4303,80.5681,1.06,1.82,Sunny,31,Thursday,1,Village Road,High,22,6,60,4,8,14.9,11:07
368,B019,R008,S019,Guntur,16.3067,80.4365,1.65,25.86,Sunny,23,Saturday,0,Main Road,Medium,31,36,60,2,4,9.2,11:08
369,B015,R020,S044,Guntur,16.3067,80.4365,0.9,19.88,Rainy,40,Monday,0,Main Road,High,37,12,60,1,13,15.5,11:09
370,B004,R019,S140,Namburu,16.36,80.52,3.87,28.22,Cloudy,26,Wednesday,0,Main Road,High,32,53,60,3,9,19.3,11:10
371,B015,R008,S149,Guntur,16.3067,80.4365,2.77,25.5,Sunny,23,Tuesday,0,Main Road,Low,32,55,60,2,0,7.2,11:11
372,B014,R016,S178,Tulluru,16.52,80.58,1.38,1.6,Cloudy,26,Tuesday,0,Main Road,High,30,45,60,3,9,14.8,11:12
373,B010,R012,S108,Ponnur,16.065,80.551,5.2,6.33,Sunny,22,Friday,0,Main Road,Low,37,17,60,1,0,9.4,11:13
374,B007,R004,S039,Mangalagiri,16.4303,80.5681,4.45,18.38,Sunny,37,Thursday,0,Village Road,Medium,35,15,60,1,4,12.6,11:14
375,B004,R002,S138,Guntur,16.3067,80.4365,3.93,13.96,Rainy,27,Tuesday,0,Highway,High,56,36,60,1,13,18.2,11:15
376,B011,R008,S026,Vaddeswaram,16.49,80.61,3.82,26.23,Sunny,29,Saturday,1,Highway,High,52,60,60,1,8,13.4,11:16
377,B006,R013,S096,Tenali,16.239,80.645,5.01,6.64,Sunny,26,Thursday,0,Main Road,Medium,32,45,60,4,4,17.4,11:17
378,B015,R014,S044,Pedakakani,16.285,80.49,1.03,18.09,Sunny,32,Tuesday,1,Village Road,Low,22,43,60,4,0,6.8,11:18
379,B015,R009,S004,Tadikonda,16.405,80.643,3.76,19.41,Sunny,35,Saturday,0,Village Road,High,20,20,60,4,8,23.3,11:19
380,B014,R017,S101,Pedakakani,16.285,80.49,3.81,5.14,Cloudy,37,Saturday,0,Main Road,High,34,33,60,1,9,16.7,11:20
381,B010,R006,S181,Namburu,16.36,80.52,1.76,10.63,Sunny,36,Friday,0,Main Road,Medium,43,34,60,4,4,10.5,11:21
382,B011,R017,S009,Namburu,16.36,80.52,5.31,26.43,Cloudy,31,Thursday,1,Village Road,Low,29,49,60,4,1,16.0,11:22
383,B004,R013,S094,Tulluru,16.52,80.58,6.1,7.74,Cloudy,36,Friday,0,Main Road,High,32,28,60,1,9,21.4,11:23
384,B008,R011,S091,Pedakakani,16.285,80.49,7.87,15.03,Sunny,30,Friday,1,Highway,Low,47,22,60,2,0,12.0,11:24
385,B015,R020,S095,Guntur,16.3067,80.4365,4.41,29.3,Cloudy,24,Tuesday,1,Highway,Medium,56,10,60,3,5,12.7,11:25
386,B017,R001,S076,Mangalagiri,16.4303,80.5681,1.59,9.87,Sunny,35,Saturday,0,Main Road,Medium,39,35,60,2,4,8.4,11:26
387,B014,R019,S088,Pedakakani,16.285,80.49,1.25,27.4,Rainy,32,Thursday,1,Main Road,Low,39,34,60,3,5,9.9,11:27
388,B012,R010,S117,Ponnur,16.065,80.551,2.43,13.59,Rainy,27,Friday,0,Main Road,Low,35,50,60,2,5,11.2,11:28
389,B012,R006,S053,Vaddeswaram,16.49,80.61,2.51,3.74,Sunny,39,Saturday,0,Main Road,Low,34,47,60,3,0,7.4,11:29
390,B016,R005,S118,Pedakakani,16.285,80.49,4.69,9.57,Rainy,32,Tuesday,0,Village Road,Low,32,52,60,4,5,17.8,11:30
391,B019,R015,S087,Vaddeswaram,16.49,80.61,7.25,36.34,Foggy,25,Saturday,1,Village Road,Medium,33,7,60,2,8,23.2,11:31
392,B020,R007,S150,Tadikonda,16.405,80.643,3.69,28.92,Sunny,38,Tuesday,1,Main Road,Medium,39,17,60,1,4,10.7,11:32
393,B012,R013,S038,Guntur,16.3067,80.4365,3.64,18.35,Cloudy,35,Wednesday,1,Highway,Medium,59,28,60,1,5,9.7,11:33
394,B015,R010,S042,Guntur,16.3067,80.4365,7.09,9.72,Sunny,35,Saturday,1,Main Road,Medium,39,13,60,4,4,18.9,11:34
395,B003,R001,S105,Tulluru,16.52,80.58,4.22,30.25,Sunny,30,Thursday,0,Main Road,High,36,40,60,4,8,19.0,11:35
396,B019,R010,S127,Namburu,16.36,80.52,6.79,15.47,Rainy,39,Saturday,1,Village Road,Medium,23,19,60,3,9,29.7,11:36
397,B014,R006,S126,Guntur,16.3067,80.4365,7.68,32.71,Cloudy,29,Monday,0,Village Road,Medium,27,53,60,3,5,25.1,11:37
398,B012,R017,S188,Ponnur,16.065,80.551,4.87,30.92,Sunny,40,Monday,1,Main Road,Medium,41,15,60,1,4,12.1,11:38
399,B002,R010,S075,Tulluru,16.52,80.58,3.37,4.96,Cloudy,38,Saturday,0,Highway,Low,55,37,60,3,1,7.7,11:39
400,B009,R012,S025,Tenali,16.239,80.645,4.71,30.88,Cloudy,39,Friday,1,Village Road,High,23,57,60,3,9,24.3,12:40
401,B007,R018,S158,Tadikonda,16.405,80.643,3.77,31.4,Sunny,38,Friday,0,Highway,Low,54,31,60,2,0,6.2,12:41
402,B006,R010,S008,Namburu,16.36,80.52,4.25,13.6,Rainy,25,Tuesday,0,Village Road,Low,18,59,60,3,5,22.2,12:42
403,B001,R016,S194,Tadikonda,16.405,80.643,1.74,4.1,Rainy,35,Monday,0,Main Road,Medium,34,11,60,1,9,13.1,12:43
404,B004,R020,S053,Guntur,16.3067,80.4365,7.34,8.64,Sunny,40,Tuesday,0,Village Road,Low,21,47,60,1,0,22.0,12:44
405,B004,R019,S196,Pedakakani,16.285,80.49,3.34,28.99,Cloudy,22,Friday,0,Highway,Medium,49,50,60,1,5,10.1,12:45
406,B015,R004,S047,Tenali,16.239,80.645,7.45,35.06,Sunny,33,Thursday,1,Village Road,High,21,18,60,2,8,31.3,12:46
407,B018,R002,S022,Vaddeswaram,16.49,80.61,4.15,19.74,Sunny,32,Thursday,0,Main Road,Medium,40,29,60,3,4,13.2,12:47
408,B016,R012,S046,Ponnur,16.065,80.551,4.79,13.51,Sunny,22,Saturday,1,Main Road,High,44,48,60,1,8,15.5,12:48
409,B003,R012,S051,Mangalagiri,16.4303,80.5681,3.64,24.49,Cloudy,32,Tuesday,1,Main Road,High,33,12,60,2,9,17.6,12:49
410,B016,R017,S072,Tenali,16.239,80.645,6.25,30.28,Sunny,26,Thursday,0,Village Road,High,26,12,60,4,8,26.4,12:50
411,B013,R020,S174,Ponnur,16.065,80.551,1.52,3.11,Cloudy,32,Tuesday,1,Main Road,Low,34,44,60,2,1,5.7,12:51
412,B018,R018,S005,Tulluru,16.52,80.58,2.25,22.11,Sunny,23,Thursday,0,Highway,Medium,47,29,60,3,4,9.9,12:52
413,B016,R014,S035,Namburu,16.36,80.52,1.06,6.37,Rainy,31,Saturday,1,Main Road,Medium,44,36,60,2,9,12.4,12:53
414,B020,R012,S197,Mangalagiri,16.4303,80.5681,4.85,9.54,Sunny,31,Wednesday,0,Main Road,Low,45,6,60,4,0,10.5,12:54
415,B014,R012,S015,Tulluru,16.52,80.58,6.31,25.06,Sunny,29,Tuesday,0,Highway,Low,56,46,60,3,0,9.8,12:55
416,B019,R017,S108,Ponnur,16.065,80.551,3.23,3.82,Sunny,30,Monday,1,Main Road,Low,39,42,60,4,0,9.0,12:56
417,B016,R017,S196,Guntur,16.3067,80.4365,4.92,29.17,Cloudy,32,Tuesday,1,Village Road,Low,28,28,60,3,1,14.5,12:57
418,B019,R004,S152,Prathipadu,16.48,80.32,2.71,11.63,Rainy,32,Wednesday,0,Main Road,Medium,36,41,60,1,9,14.5,12:58
419,B007,R014,S103,Vaddeswaram,16.49,80.61,5.49,14.55,Sunny,30,Friday,1,Main Road,High,41,47,60,3,8,19.0,12:59
420,B019,R002,S134,Vaddeswaram,16.49,80.61,2.33,31.19,Sunny,28,Wednesday,1,Highway,Medium,45,14,60,4,4,11.1,12:00
421,B009,R010,S166,Tenali,16.239,80.645,3.09,28.0,Sunny,27,Wednesday,0,Highway,Low,54,30,60,4,0,7.4,12:01
422,B002,R007,S041,Tenali,16.239,80.645,6.54,15.86,Foggy,30,Tuesday,0,Highway,Medium,51,21,60,4,8,19.7,12:02
423,B003,R014,S094,Ponnur,16.065,80.551,6.43,8.09,Sunny,24,Thursday,0,Main Road,High,31,20,60,3,8,23.4,12:03
424,B019,R013,S192,Mangalagiri,16.4303,80.5681,7.17,14.31,Rainy,29,Thursday,0,Main Road,Low,38,14,60,3,5,19.3,12:04
425,B011,R018,S109,Mangalagiri,16.4303,80.5681,2.63,20.31,Sunny,37,Saturday,0,Highway,Medium,53,22,60,1,4,8.0,12:05
426,B008,R009,S142,Tadikonda,16.405,80.643,5.45,32.61,Cloudy,34,Wednesday,1,Main Road,Low,39,56,60,1,1,10.4,12:06
427,B003,R008,S077,Mangalagiri,16.4303,80.5681,0.86,29.68,Rainy,28,Tuesday,1,Main Road,High,44,45,60,3,13,17.2,12:07
428,B011,R014,S026,Pedakakani,16.285,80.49,7.04,31.74,Sunny,27,Saturday,1,Village Road,High,26,37,60,4,8,28.2,12:08
429,B001,R013,S052,Mangalagiri,16.4303,80.5681,6.29,25.53,Sunny,31,Wednesday,0,Main Road,Low,44,12,60,2,0,10.6,12:09
430,B010,R007,S022,Tadikonda,16.405,80.643,4.05,30.26,Sunny,35,Wednesday,0,Main Road,Low,43,30,60,3,0,8.7,12:10
431,B007,R009,S180,Prathipadu,16.48,80.32,7.45,26.86,Rainy,27,Monday,1,Village Road,Medium,18,44,60,4,9,37.8,12:11
432,B016,R004,S058,Prathipadu,16.48,80.32,2.02,19.04,Cloudy,28,Tuesday,1,Main Road,Low,32,23,60,4,1,8.8,12:12
433,B005,R001,S075,Namburu,16.36,80.52,7.97,16.46,Sunny,30,Tuesday,1,Main Road,Medium,36,20,60,4,4,21.3,12:13
434,B013,R014,S189,Pedakakani,16.285,80.49,4.18,30.32,Sunny,30,Monday,0,Main Road,High,32,40,60,2,8,17.8,12:14
435,B001,R009,S130,Guntur,16.3067,80.4365,7.98,36.16,Cloudy,34,Wednesday,1,Highway,High,52,47,60,1,9,19.2,12:15
436,B011,R017,S111,Pedakakani,16.285,80.49,2.02,16.81,Sunny,26,Wednesday,0,Highway,Low,46,25,60,1,0,3.6,12:16
437,B017,R011,S112,Guntur,16.3067,80.4365,7.47,15.96,Cloudy,27,Wednesday,1,Village Road,High,29,53,60,3,9,27.5,12:17
438,B014,R004,S127,Tadikonda,16.405,80.643,1.87,8.77,Sunny,23,Thursday,1,Main Road,Low,31,50,60,4,0,7.6,12:18
439,B017,R009,S145,Vaddeswaram,16.49,80.61,1.69,4.5,Sunny,40,Tuesday,0,Main Road,High,33,38,60,2,8,13.1,12:19
440,B013,R012,S152,Tulluru,16.52,80.58,5.67,32.29,Cloudy,25,Wednesday,0,Highway,Low,47,6,60,1,1,9.2,12:20
441,B011,R019,S034,Mangalagiri,16.4303,80.5681,5.08,5.25,Cloudy,28,Monday,1,Main Road,High,44,25,60,4,9,19.9,12:21
442,B007,R006,S100,Guntur,16.3067,80.4365,2.64,9.84,Sunny,34,Wednesday,0,Village Road,Medium,30,12,60,1,4,10.3,12:22
443,B013,R016,S069,Ponnur,16.065,80.551,3.39,6.27,Sunny,40,Friday,1,Main Road,Low,39,10,60,4,0,9.2,12:23
444,B016,R017,S162,Prathipadu,16.48,80.32,1.47,16.87,Cloudy,38,Monday,1,Village Road,High,31,34,60,2,9,13.8,12:24
445,B010,R019,S013,Prathipadu,16.48,80.32,7.89,28.42,Sunny,39,Monday,0,Highway,Low,60,37,60,4,0,11.9,12:25
446,B017,R001,S030,Mangalagiri,16.4303,80.5681,5.56,22.61,Sunny,36,Tuesday,0,Main Road,Low,33,58,60,1,0,11.1,12:26
447,B011,R006,S055,Prathipadu,16.48,80.32,5.03,18.68,Cloudy,27,Monday,1,Highway,Medium,58,60,60,3,5,13.2,12:27
448,B010,R020,S158,Mangalagiri,16.4303,80.5681,1.64,6.79,Cloudy,33,Saturday,1,Main Road,Medium,30,56,60,4,5,12.3,12:28
449,B016,R005,S167,Ponnur,16.065,80.551,1.61,2.09,Rainy,29,Thursday,0,Highway,High,49,10,60,2,13,17.0,12:29
450,B016,R001,S116,Ponnur,16.065,80.551,0.96,5.94,Cloudy,40,Tuesday,0,Village Road,Low,31,23,60,4,1,6.9,12:30
451,B019,R020,S188,Tulluru,16.52,80.58,0.86,19.77,Foggy,39,Wednesday,0,Village Road,Medium,28,36,60,4,8,13.8,12:31
452,B016,R004,S127,Prathipadu,16.48,80.32,4.6,17.26,Sunny,33,Thursday,1,Main Road,Low,37,6,60,4,0,11.5,12:32
453,B005,R010,S186,Tadikonda,16.405,80.643,3.95,19.18,Cloudy,34,Thursday,1,Main Road,Medium,45,55,60,4,5,14.3,12:33
454,B020,R016,S026,Namburu,16.36,80.52,5.77,8.36,Sunny,35,Thursday,1,Village Road,Medium,27,20,60,2,4,18.8,12:34
455,B003,R011,S111,Tenali,16.239,80.645,3.37,8.13,Rainy,25,Friday,0,Main Road,High,41,12,60,1,13,18.9,12:35
456,B002,R015,S118,Vaddeswaram,16.49,80.61,6.34,29.44,Rainy,25,Monday,0,Main Road,Medium,40,57,60,1,9,19.5,12:36
457,B017,R016,S188,Vaddeswaram,16.49,80.61,7.07,34.4,Sunny,25,Tuesday,1,Highway,Low,48,26,60,4,0,12.8,12:37
458,B017,R006,S022,Tadikonda,16.405,80.643,6.34,6.54,Sunny,30,Wednesday,1,Highway,High,51,28,60,3,8,18.5,12:38
459,B001,R015,S038,Tenali,16.239,80.645,6.57,18.97,Sunny,22,Saturday,0,Highway,Medium,58,10,60,3,4,13.8,12:39
460,B017,R010,S108,Pedakakani,16.285,80.49,3.63,4.74,Sunny,34,Saturday,1,Main Road,High,43,51,60,1,8,14.1,12:40
461,B012,R013,S199,Pedakakani,16.285,80.49,5.19,9.6,Cloudy,28,Wednesday,0,Village Road,Medium,34,7,60,4,5,18.2,12:41
462,B001,R001,S139,Vaddeswaram,16.49,80.61,1.47,18.02,Rainy,40,Wednesday,0,Main Road,Medium,39,58,60,2,9,13.3,12:42
463,B015,R010,S147,Ponnur,16.065,80.551,2.67,17.89,Rainy,22,Thursday,1,Village Road,Low,29,20,60,1,5,11.5,12:43
464,B017,R008,S027,Tulluru,16.52,80.58,2.85,26.39,Cloudy,32,Friday,0,Main Road,Medium,41,57,60,4,5,13.2,12:44
465,B003,R012,S174,Pedakakani,16.285,80.49,1.39,3.26,Sunny,38,Thursday,1,Main Road,High,43,60,60,4,8,13.9,12:45
466,B015,R005,S181,Ponnur,16.065,80.551,6.07,18.58,Cloudy,38,Friday,0,Main Road,Low,44,49,60,4,1,13.3,12:46
467,B012,R019,S075,Tenali,16.239,80.645,3.46,32.01,Sunny,23,Friday,0,Main Road,Medium,35,12,60,1,4,10.9,12:47
468,B010,R010,S056,Pedakakani,16.285,80.49,4.3,28.04,Cloudy,27,Saturday,1,Main Road,Low,39,5,60,1,1,8.6,12:48
469,B016,R020,S034,Mangalagiri,16.4303,80.5681,4.26,13.55,Sunny,26,Friday,1,Main Road,Medium,31,53,60,4,4,16.2,12:49
470,B011,R018,S012,Namburu,16.36,80.52,6.56,26.5,Sunny,36,Saturday,1,Main Road,Medium,40,46,60,4,4,17.8,12:50
471,B019,R017,S049,Mangalagiri,16.4303,80.5681,5.45,24.77,Foggy,37,Friday,0,Village Road,Low,35,12,60,1,4,14.3,12:51
472,B013,R019,S012,Vaddeswaram,16.49,80.61,2.57,23.74,Sunny,37,Monday,1,Highway,High,45,32,60,3,8,14.4,12:52
473,B009,R003,S040,Tadikonda,16.405,80.643,1.46,30.85,Sunny,31,Thursday,0,Main Road,Medium,42,8,60,2,4,8.1,12:53
474,B013,R004,S014,Tulluru,16.52,80.58,2.95,5.91,Rainy,28,Tuesday,0,Village Road,Low,19,36,60,3,5,17.3,12:54
475,B008,R001,S069,Vaddeswaram,16.49,80.61,1.24,15.18,Sunny,39,Friday,0,Village Road,Medium,26,20,60,4,4,10.9,12:55
476,B012,R018,S044,Vaddeswaram,16.49,80.61,4.01,29.4,Rainy,29,Friday,1,Main Road,Medium,39,40,60,2,9,17.2,12:56
477,B012,R007,S150,Namburu,16.36,80.52,0.8,28.81,Cloudy,38,Wednesday,0,Highway,Medium,59,15,60,4,5,9.8,12:57
478,B007,R020,S130,Vaddeswaram,16.49,80.61,5.83,30.74,Foggy,32,Saturday,1,Main Road,Medium,32,45,60,4,8,22.9,12:58
479,B001,R005,S166,Ponnur,16.065,80.551,5.57,15.22,Foggy,22,Friday,1,Village Road,Low,25,5,60,3,4,20.4,12:59
480,B015,R004,S091,Guntur,16.3067,80.4365,4.67,28.29,Sunny,34,Friday,1,Main Road,Medium,45,29,60,1,4,11.2,12:00
481,B012,R007,S024,Tadikonda,16.405,80.643,3.47,9.26,Cloudy,31,Saturday,0,Village Road,Low,32,19,60,3,1,10.5,12:01
482,B004,R009,S146,Namburu,16.36,80.52,7.31,28.52,Sunny,38,Thursday,0,Village Road,Low,33,40,60,4,0,17.3,12:02
483,B007,R001,S178,Tenali,16.239,80.645,6.17,9.99,Rainy,39,Friday,1,Main Road,High,32,48,60,3,13,27.6,12:03
484,B017,R015,S127,Vaddeswaram,16.49,80.61,6.95,16.64,Sunny,33,Friday,0,Village Road,High,19,51,60,1,8,30.9,12:04
485,B008,R014,S020,Tenali,16.239,80.645,0.84,6.68,Cloudy,29,Tuesday,0,Highway,Low,58,26,60,1,1,2.9,12:05
486,B008,R004,S122,Ponnur,16.065,80.551,3.91,4.63,Rainy,29,Wednesday,0,Highway,Medium,48,57,60,3,9,16.9,12:06
487,B002,R013,S081,Pedakakani,16.285,80.49,6.3,25.06,Sunny,24,Tuesday,0,Main Road,Medium,32,56,60,1,4,16.8,12:07
488,B020,R014,S060,Namburu,16.36,80.52,5.68,22.46,Sunny,22,Thursday,1,Highway,Low,58,34,60,1,0,6.9,12:08
489,B019,R007,S147,Prathipadu,16.48,80.32,4.07,13.92,Sunny,26,Saturday,1,Village Road,Low,18,27,60,1,0,14.6,12:09
490,B010,R019,S139,Prathipadu,16.48,80.32,1.79,3.11,Cloudy,26,Tuesday,1,Main Road,Low,35,24,60,3,1,7.1,12:10
491,B014,R012,S051,Tulluru,16.52,80.58,5.02,25.37,Cloudy,28,Saturday,0,Main Road,Low,30,55,60,1,1,12.0,12:11
492,B006,R004,S117,Mangalagiri,16.4303,80.5681,6.93,23.91,Sunny,23,Thursday,0,Main Road,Low,44,5,60,3,0,12.4,12:12
493,B007,R013,S048,Tenali,16.239,80.645,4.26,27.31,Rainy,22,Wednesday,0,Main Road,High,36,9,60,4,13,24.1,12:13
494,B007,R007,S073,Pedakakani,16.285,80.49,3.97,22.91,Sunny,27,Tuesday,1,Highway,High,48,51,60,1,8,14.0,12:14
495,B013,R004,S087,Tadikonda,16.405,80.643,0.95,26.24,Sunny,28,Wednesday,1,Main Road,High,35,20,60,2,8,11.6,12:15
496,B012,R011,S154,Pedakakani,16.285,80.49,1.65,28.13,Sunny,35,Saturday,0,Village Road,Low,20,7,60,4,0,8.9,12:16
497,B007,R003,S121,Tulluru,16.52,80.58,2.58,21.46,Sunny,24,Tuesday,1,Main Road,Low,34,53,60,4,0,8.6,12:17
498,B009,R019,S103,Vaddeswaram,16.49,80.61,5.93,21.69,Foggy,40,Saturday,0,Main Road,Medium,35,18,60,4,8,22.2,12:18
499,B009,R018,S022,Tenali,16.239,80.645,2.37,15.12,Sunny,26,Monday,1,Village Road,Low,30,33,60,3,0,7.7,12:19
500,B011,R009,S098,Vaddeswaram,16.49,80.61,5.27,18.05,Sunny,22,Tuesday,1,Main Road,Medium,44,19,60,4,4,15.2,13:20
501,B004,R004,S019,Ponnur,16.065,80.551,6.87,22.25,Rainy,33,Monday,0,Main Road,Medium,32,26,60,2,9,23.9,13:21
502,B001,R010,S073,Tenali,16.239,80.645,2.17,20.29,Rainy,33,Thursday,1,Main Road,Low,39,57,60,3,5,11.3,13:22
503,B016,R008,S133,Tulluru,16.52,80.58,7.92,36.46,Sunny,40,Friday,1,Village Road,High,34,51,60,2,8,24.0,13:23
504,B012,R005,S148,Namburu,16.36,80.52,3.89,32.15,Sunny,26,Wednesday,0,Main Road,Medium,40,36,60,1,4,10.8,13:24
505,B005,R005,S085,Pedakakani,16.285,80.49,6.29,27.01,Cloudy,40,Saturday,1,Main Road,Low,43,29,60,1,1,10.8,13:25
506,B003,R006,S027,Tenali,16.239,80.645,4.22,14.09,Cloudy,39,Tuesday,0,Village Road,High,24,57,60,3,9,22.5,13:26
507,B015,R002,S095,Tulluru,16.52,80.58,7.36,18.94,Sunny,38,Monday,0,Main Road,Low,36,25,60,1,0,13.3,13:27
508,B005,R007,S080,Prathipadu,16.48,80.32,3.81,26.1,Rainy,35,Saturday,1,Main Road,Low,34,15,60,2,5,13.7,13:28
509,B003,R013,S155,Tulluru,16.52,80.58,5.96,19.73,Foggy,29,Friday,1,Main Road,Low,36,41,60,4,4,17.9,13:29
510,B013,R020,S045,Namburu,16.36,80.52,5.45,33.02,Rainy,35,Tuesday,0,Main Road,Low,32,44,60,3,5,18.2,13:30
511,B003,R007,S127,Prathipadu,16.48,80.32,5.83,7.14,Sunny,35,Friday,0,Main Road,High,33,28,60,3,8,21.6,13:31
512,B013,R011,S191,Mangalagiri,16.4303,80.5681,1.99,8.21,Sunny,34,Tuesday,1,Village Road,Low,32,7,60,4,0,7.7,13:32
513,B005,R016,S072,Guntur,16.3067,80.4365,4.29,6.34,Sunny,27,Tuesday,0,Main Road,Medium,40,43,60,4,4,14.4,13:33
514,B006,R007,S183,Mangalagiri,16.4303,80.5681,1.36,24.27,Sunny,23,Saturday,0,Highway,Medium,48,33,60,3,4,8.7,13:34
515,B008,R012,S062,Guntur,16.3067,80.4365,4.0,21.95,Sunny,28,Monday,0,Village Road,Low,27,31,60,2,0,10.9,13:35
516,B006,R002,S107,Guntur,16.3067,80.4365,2.39,28.86,Rainy,38,Monday,1,Village Road,Medium,20,25,60,2,9,18.2,13:36
517,B011,R001,S100,Vaddeswaram,16.49,80.61,1.67,8.08,Sunny,28,Thursday,0,Main Road,Low,42,9,60,4,0,6.4,13:37
518,B018,R019,S044,Ponnur,16.065,80.551,7.18,19.51,Sunny,30,Monday,1,Main Road,Medium,31,45,60,1,4,18.9,13:38
519,B003,R011,S005,Prathipadu,16.48,80.32,5.37,31.89,Rainy,40,Thursday,1,Main Road,Low,40,37,60,4,5,17.1,13:39
520,B020,R003,S016,Tenali,16.239,80.645,5.24,32.14,Cloudy,26,Wednesday,1,Main Road,Low,37,23,60,2,1,11.5,13:40
521,B005,R009,S082,Tenali,16.239,80.645,7.45,25.39,Cloudy,23,Friday,1,Highway,High,51,46,60,3,9,20.8,13:41
522,B008,R020,S098,Ponnur,16.065,80.551,2.54,18.72,Cloudy,38,Wednesday,0,Village Road,High,28,33,60,2,9,16.4,13:42
523,B019,R018,S053,Guntur,16.3067,80.4365,1.18,30.94,Sunny,29,Friday,0,Highway,High,60,32,60,2,8,11.2,13:43
524,B009,R016,S021,Namburu,16.36,80.52,2.07,9.54,Sunny,33,Thursday,1,Main Road,Low,37,15,60,2,0,5.4,13:44
525,B020,R018,S040,Namburu,16.36,80.52,0.94,12.38,Rainy,39,Saturday,0,Main Road,High,34,21,60,3,13,17.7,13:45
526,B005,R007,S002,Prathipadu,16.48,80.32,4.85,19.28,Cloudy,22,Friday,1,Main Road,Low,39,36,60,2,1,10.5,13:46
527,B004,R013,S145,Prathipadu,16.48,80.32,4.32,23.55,Sunny,27,Tuesday,1,Village Road,Medium,30,21,60,1,4,13.6,13:47
528,B012,R001,S179,Pedakakani,16.285,80.49,5.49,33.29,Sunny,26,Wednesday,1,Main Road,Medium,41,48,60,1,4,13.0,13:48
529,B017,R007,S109,Tadikonda,16.405,80.643,6.35,25.68,Sunny,27,Thursday,1,Main Road,High,30,49,60,1,8,21.7,13:49
530,B005,R009,S192,Ponnur,16.065,80.551,6.22,33.95,Sunny,28,Saturday,1,Main Road,High,39,49,60,3,8,20.6,13:50
531,B014,R006,S046,Ponnur,16.065,80.551,1.5,24.71,Sunny,33,Tuesday,0,Highway,Medium,50,17,60,3,4,8.8,13:51
532,B014,R015,S161,Namburu,16.36,80.52,2.14,3.91,Rainy,25,Saturday,0,Highway,Low,48,10,60,3,5,10.7,13:52
533,B001,R002,S069,Ponnur,16.065,80.551,3.26,20.83,Cloudy,22,Saturday,0,Highway,Medium,48,11,60,1,5,10.1,13:53
534,B020,R014,S087,Tenali,16.239,80.645,7.91,30.75,Sunny,33,Saturday,1,Main Road,High,42,25,60,3,8,22.3,13:54
535,B005,R001,S155,Tenali,16.239,80.645,7.82,34.01,Sunny,25,Friday,1,Village Road,High,19,49,60,4,8,36.7,13:55
536,B002,R011,S174,Tenali,16.239,80.645,0.82,19.96,Sunny,36,Tuesday,1,Main Road,High,43,30,60,3,8,12.1,13:56
537,B020,R007,S183,Tulluru,16.52,80.58,7.91,33.62,Cloudy,26,Friday,0,Village Road,High,33,13,60,3,9,26.4,13:57
538,B007,R006,S193,Namburu,16.36,80.52,7.25,35.9,Cloudy,24,Monday,1,Village Road,Medium,23,50,60,2,5,25.9,13:58
539,B005,R018,S163,Guntur,16.3067,80.4365,2.39,10.12,Rainy,37,Monday,1,Highway,Medium,55,60,60,1,9,12.6,13:59
540,B008,R008,S067,Tenali,16.239,80.645,7.35,29.64,Cloudy,25,Wednesday,0,Village Road,Medium,30,12,60,4,5,23.7,13:00
541,B002,R019,S138,Mangalagiri,16.4303,80.5681,1.72,11.12,Cloudy,28,Thursday,1,Main Road,Low,33,25,60,3,1,7.1,13:01
542,B008,R016,S175,Pedakakani,16.285,80.49,3.65,19.8,Sunny,36,Tuesday,1,Village Road,Medium,21,14,60,3,4,17.4,13:02
543,B010,R013,S016,Guntur,16.3067,80.4365,7.98,29.18,Rainy,32,Tuesday,0,Main Road,Medium,33,59,60,4,9,27.5,13:03
544,B001,R018,S101,Tenali,16.239,80.645,6.04,15.01,Rainy,32,Thursday,1,Village Road,High,33,27,60,2,13,26.0,13:04
545,B010,R015,S168,Prathipadu,16.48,80.32,5.85,22.29,Sunny,27,Friday,0,Main Road,Low,39,33,60,1,0,10.0,13:05
546,B005,R013,S110,Namburu,16.36,80.52,6.59,12.46,Sunny,27,Monday,0,Main Road,Medium,36,27,60,1,4,16.0,13:06
547,B008,R002,S031,Namburu,16.36,80.52,5.48,23.28,Cloudy,29,Thursday,1,Highway,High,46,24,60,4,9,20.1,13:07
548,B001,R004,S030,Tulluru,16.52,80.58,7.03,26.54,Cloudy,24,Monday,1,Village Road,Low,32,46,60,3,1,17.2,13:08
549,B010,R019,S033,Vaddeswaram,16.49,80.61,6.52,11.95,Cloudy,25,Wednesday,0,Main Road,Medium,38,50,60,4,5,19.3,13:09
550,B007,R004,S047,Vaddeswaram,16.49,80.61,6.69,30.19,Sunny,27,Monday,1,Highway,Medium,45,56,60,1,4,13.9,13:10
551,B017,R010,S094,Pedakakani,16.285,80.49,1.43,9.13,Sunny,39,Tuesday,1,Highway,Medium,49,47,60,1,4,6.8,13:11
552,B020,R018,S131,Guntur,16.3067,80.4365,4.0,21.31,Cloudy,28,Saturday,0,Main Road,Medium,39,47,60,3,5,14.2,13:12
553,B009,R005,S187,Guntur,16.3067,80.4365,6.96,13.42,Cloudy,35,Monday,1,Main Road,Low,34,21,60,3,1,16.3,13:13
554,B003,R009,S163,Prathipadu,16.48,80.32,1.4,9.03,Cloudy,28,Saturday,1,Main Road,Medium,42,41,60,2,5,9.0,13:14
555,B009,R004,S137,Vaddeswaram,16.49,80.61,7.95,20.96,Cloudy,25,Saturday,1,Main Road,Low,34,9,60,1,1,16.0,13:15
556,B013,R004,S032,Pedakakani,16.285,80.49,1.85,25.79,Sunny,27,Friday,1,Main Road,Low,40,42,60,2,0,4.8,13:16
557,B006,R012,S190,Namburu,16.36,80.52,2.75,5.72,Sunny,39,Friday,1,Highway,Low,56,35,60,4,0,6.9,13:17
558,B008,R020,S108,Tulluru,16.52,80.58,1.83,18.86,Rainy,36,Tuesday,1,Highway,Low,45,27,60,3,5,10.4,13:18
559,B010,R014,S198,Namburu,16.36,80.52,7.58,34.02,Sunny,32,Monday,0,Main Road,High,43,9,60,1,8,19.6,13:19
560,B017,R005,S123,Tenali,16.239,80.645,6.15,22.77,Rainy,37,Friday,0,Village Road,Medium,20,30,60,4,9,31.4,13:20
561,B020,R015,S044,Guntur,16.3067,80.4365,6.2,13.53,Foggy,38,Tuesday,0,Main Road,Medium,43,9,60,1,8,17.7,13:21
562,B018,R004,S075,Pedakakani,16.285,80.49,4.37,9.48,Sunny,31,Thursday,1,Village Road,High,31,21,60,2,8,18.5,13:22
563,B020,R016,S015,Tenali,16.239,80.645,7.49,36.26,Rainy,33,Monday,1,Highway,Medium,57,26,60,4,9,20.9,13:23
564,B014,R004,S125,Ponnur,16.065,80.551,3.69,3.96,Sunny,22,Tuesday,1,Main Road,Medium,41,19,60,2,4,11.4,13:24
565,B006,R005,S091,Namburu,16.36,80.52,7.22,23.31,Foggy,35,Monday,1,Main Road,Low,41,60,60,4,4,18.6,13:25
566,B016,R009,S031,Tenali,16.239,80.645,3.64,25.96,Sunny,35,Thursday,1,Highway,High,54,56,60,2,8,14.0,13:26
567,B008,R002,S174,Tadikonda,16.405,80.643,1.59,4.83,Sunny,32,Thursday,0,Main Road,Low,42,32,60,1,0,3.3,13:27
568,B009,R008,S171,Namburu,16.36,80.52,2.58,7.15,Sunny,35,Tuesday,1,Main Road,Medium,32,50,60,1,4,9.8,13:28
569,B014,R001,S158,Mangalagiri,16.4303,80.5681,2.45,6.42,Foggy,28,Monday,0,Village Road,Low,22,29,60,2,4,12.7,13:29
570,B009,R012,S072,Prathipadu,16.48,80.32,3.87,5.71,Sunny,33,Saturday,1,Main Road,Medium,37,20,60,1,4,11.3,13:30
571,B014,R006,S065,Pedakakani,16.285,80.49,1.18,23.52,Sunny,37,Wednesday,1,Village Road,Low,18,24,60,1,0,4.9,13:31
572,B008,R009,S054,Mangalagiri,16.4303,80.5681,3.4,27.7,Cloudy,40,Thursday,0,Highway,Medium,45,11,60,3,5,12.5,13:32
573,B010,R016,S195,Tadikonda,16.405,80.643,2.19,15.56,Rainy,28,Friday,0,Main Road,Low,31,7,60,3,5,12.2,13:33
574,B017,R017,S006,Tadikonda,16.405,80.643,4.03,25.55,Sunny,27,Friday,1,Highway,High,53,49,60,4,8,16.6,13:34
575,B017,R013,S144,Tadikonda,16.405,80.643,4.36,20.33,Sunny,34,Thursday,1,Main Road,Medium,36,18,60,4,4,15.3,13:35
576,B010,R009,S142,Tadikonda,16.405,80.643,4.08,25.31,Sunny,25,Tuesday,0,Highway,Medium,51,7,60,2,4,10.8,13:36
577,B007,R018,S030,Vaddeswaram,16.49,80.61,7.48,15.59,Cloudy,22,Saturday,1,Main Road,Medium,34,45,60,2,5,20.2,13:37
578,B001,R012,S057,Tulluru,16.52,80.58,2.7,6.71,Sunny,30,Tuesday,1,Village Road,High,35,6,60,1,8,13.6,13:38
579,B011,R009,S053,Vaddeswaram,16.49,80.61,7.06,26.09,Rainy,40,Saturday,1,Main Road,Medium,42,14,60,2,9,21.1,13:39
580,B007,R019,S126,Namburu,16.36,80.52,7.3,10.11,Sunny,27,Saturday,1,Main Road,Low,41,6,60,2,0,12.7,13:40
581,B004,R017,S036,Ponnur,16.065,80.551,1.3,3.46,Rainy,22,Friday,0,Highway,Low,50,29,60,4,5,10.6,13:41
582,B001,R004,S139,Prathipadu,16.48,80.32,2.59,5.1,Cloudy,32,Saturday,0,Highway,Low,45,17,60,1,1,5.5,13:42
583,B001,R002,S027,Tadikonda,16.405,80.643,3.19,7.83,Cloudy,39,Wednesday,0,Main Road,Low,35,37,60,1,1,7.5,13:43
584,B004,R016,S044,Prathipadu,16.48,80.32,3.88,8.3,Sunny,25,Tuesday,0,Highway,Medium,52,23,60,4,4,12.5,13:44
585,B014,R017,S086,Pedakakani,16.285,80.49,7.45,35.05,Cloudy,27,Saturday,1,Highway,High,55,14,60,2,9,19.1,13:45
586,B001,R005,S200,Ponnur,16.065,80.551,2.75,17.73,Sunny,26,Wednesday,0,Main Road,Low,41,29,60,1,0,5.0,13:46
587,B006,R013,S091,Namburu,16.36,80.52,4.96,33.75,Sunny,32,Thursday,1,Village Road,Low,21,35,60,2,0,16.2,13:47
588,B013,R003,S149,Prathipadu,16.48,80.32,3.56,20.04,Sunny,35,Friday,0,Main Road,Medium,34,49,60,2,4,12.3,13:48
589,B012,R005,S076,Mangalagiri,16.4303,80.5681,3.41,17.63,Sunny,36,Tuesday,1,Main Road,Low,36,20,60,3,0,8.7,13:49
590,B012,R002,S180,Tenali,16.239,80.645,7.73,28.85,Sunny,25,Saturday,0,Village Road,Low,21,35,60,4,0,26.1,13:50
591,B005,R006,S121,Tulluru,16.52,80.58,1.82,9.17,Rainy,26,Saturday,1,Village Road,Low,29,35,60,4,5,12.8,13:51
592,B017,R006,S003,Prathipadu,16.48,80.32,1.6,3.4,Cloudy,34,Thursday,1,Village Road,Medium,27,40,60,2,5,10.6,13:52
593,B007,R013,S159,Ponnur,16.065,80.551,7.51,15.66,Sunny,23,Tuesday,1,Village Road,Low,31,16,60,2,0,16.5,13:53
594,B014,R007,S070,Vaddeswaram,16.49,80.61,3.05,22.31,Sunny,25,Monday,0,Main Road,High,44,28,60,3,8,15.2,13:54
595,B007,R018,S052,Tulluru,16.52,80.58,2.83,19.08,Cloudy,23,Tuesday,1,Village Road,Low,25,10,60,3,1,10.8,13:55
596,B013,R017,S050,Tulluru,16.52,80.58,3.06,31.37,Sunny,32,Thursday,1,Main Road,Low,31,13,60,3,0,8.9,13:56
597,B006,R005,S175,Mangalagiri,16.4303,80.5681,5.03,16.49,Rainy,36,Monday,0,Main Road,Medium,34,50,60,3,9,20.9,13:57
598,B015,R005,S087,Tenali,16.239,80.645,4.52,26.38,Rainy,31,Wednesday,1,Village Road,Medium,34,7,60,3,9,20.0,13:58
599,B016,R004,S117,Prathipadu,16.48,80.32,1.5,1.95,Sunny,32,Tuesday,1,Main Road,Medium,34,15,60,1,4,7.6,13:59
600,B015,R005,S032,Mangalagiri,16.4303,80.5681,1.31,22.63,Foggy,40,Thursday,0,Main Road,Medium,41,28,60,3,8,12.9,14:00
601,B017,R015,S068,Ponnur,16.065,80.551,4.49,23.23,Sunny,23,Friday,0,Main Road,Low,44,52,60,4,0,10.1,14:01
602,B015,R003,S090,Tenali,16.239,80.645,2.89,7.64,Sunny,36,Thursday,1,Main Road,Low,34,11,60,4,0,9.1,14:02
603,B007,R016,S030,Mangalagiri,16.4303,80.5681,2.24,12.1,Foggy,30,Thursday,0,Highway,Low,48,39,60,4,4,10.8,14:03
604,B014,R016,S055,Tadikonda,16.405,80.643,4.89,34.52,Sunny,23,Tuesday,0,Village Road,Medium,28,53,60,3,4,17.5,14:04
605,B017,R007,S172,Prathipadu,16.48,80.32,1.3,13.45,Cloudy,30,Tuesday,0,Main Road,Low,32,10,60,4,1,7.4,14:05
606,B014,R012,S178,Prathipadu,16.48,80.32,3.31,15.88,Cloudy,40,Thursday,0,Main Road,Medium,35,40,60,2,5,12.7,14:06
607,B004,R014,S068,Tulluru,16.52,80.58,0.9,27.8,Sunny,38,Saturday,0,Highway,High,49,33,60,3,8,12.1,14:07
608,B007,R012,S054,Tadikonda,16.405,80.643,6.17,11.8,Rainy,28,Saturday,0,Main Road,Medium,31,28,60,4,9,24.9,14:08
609,B017,R011,S030,Pedakakani,16.285,80.49,5.47,19.15,Sunny,27,Thursday,1,Highway,Medium,54,28,60,4,4,14.1,14:09
610,B003,R004,S023,Tadikonda,16.405,80.643,2.85,22.64,Cloudy,22,Friday,1,Main Road,Medium,43,11,60,1,5,10.0,14:10
611,B015,R018,S098,Namburu,16.36,80.52,4.98,5.96,Sunny,25,Tuesday,1,Village Road,Low,34,12,60,2,0,10.8,14:11
612,B010,R014,S173,Pedakakani,16.285,80.49,0.85,12.09,Sunny,29,Monday,1,Village Road,Low,30,7,60,3,0,4.7,14:12
613,B007,R020,S165,Guntur,16.3067,80.4365,2.03,19.2,Cloudy,34,Monday,1,Highway,Medium,56,13,60,4,5,11.2,14:13
614,B019,R013,S196,Prathipadu,16.48,80.32,4.52,17.64,Rainy,30,Friday,0,Village Road,Low,28,25,60,1,5,15.7,14:14
615,B019,R013,S007,Tenali,16.239,80.645,5.33,23.13,Cloudy,26,Thursday,1,Highway,Low,45,16,60,1,1,9.1,14:15
616,B002,R009,S022,Tenali,16.239,80.645,4.66,12.02,Rainy,26,Saturday,0,Main Road,Medium,39,45,60,3,9,19.2,14:16
617,B012,R007,S101,Tulluru,16.52,80.58,1.57,10.04,Sunny,25,Thursday,0,Village Road,High,21,31,60,4,8,16.5,14:17
618,B010,R001,S046,Mangalagiri,16.4303,80.5681,3.5,12.91,Rainy,40,Saturday,0,Main Road,High,36,12,60,2,13,20.8,14:18
619,B017,R017,S195,Pedakakani,16.285,80.49,4.56,12.2,Cloudy,26,Tuesday,1,Village Road,Low,23,12,60,1,1,13.9,14:19
620,B012,R018,S167,Tenali,16.239,80.645,6.04,34.24,Sunny,31,Thursday,1,Highway,Low,49,32,60,1,0,8.4,14:20
621,B019,R019,S080,Vaddeswaram,16.49,80.61,2.22,27.6,Foggy,27,Tuesday,1,Village Road,Medium,23,32,60,1,8,14.8,14:21
622,B015,R006,S009,Namburu,16.36,80.52,5.17,18.05,Sunny,38,Wednesday,1,Main Road,Medium,40,23,60,1,4,12.8,14:22
623,B003,R007,S169,Tulluru,16.52,80.58,1.63,25.9,Sunny,33,Wednesday,0,Village Road,Medium,18,54,60,2,4,11.4,14:23
624,B013,R010,S155,Pedakakani,16.285,80.49,2.34,19.36,Sunny,28,Friday,0,Highway,Low,55,11,60,1,0,3.6,14:24
625,B002,R009,S108,Vaddeswaram,16.49,80.61,3.09,12.69,Rainy,25,Monday,1,Main Road,Low,43,15,60,4,5,13.3,14:25
626,B010,R005,S104,Tulluru,16.52,80.58,2.85,22.16,Foggy,23,Friday,0,Main Road,High,37,26,60,4,12,20.6,14:26
627,B016,R020,S013,Guntur,16.3067,80.4365,2.78,25.39,Cloudy,34,Wednesday,1,Highway,Medium,48,36,60,3,5,11.5,14:27
628,B008,R006,S023,Mangalagiri,16.4303,80.5681,1.14,1.45,Sunny,28,Saturday,1,Village Road,Low,25,57,60,4,0,6.7,14:28
629,B009,R006,S036,Vaddeswaram,16.49,80.61,1.6,30.01,Sunny,40,Thursday,0,Village Road,Low,19,13,60,4,0,9.1,14:29
630,B011,R016,S058,Pedakakani,16.285,80.49,4.56,11.78,Sunny,24,Wednesday,1,Village Road,Medium,21,50,60,3,4,20.0,14:30
631,B013,R007,S125,Mangalagiri,16.4303,80.5681,1.34,16.18,Cloudy,25,Wednesday,0,Main Road,Low,36,57,60,4,1,7.2,14:31
632,B013,R015,S159,Tulluru,16.52,80.58,5.52,30.95,Sunny,38,Tuesday,1,Village Road,Low,32,17,60,3,0,13.3,14:32
633,B006,R009,S008,Mangalagiri,16.4303,80.5681,1.86,28.15,Sunny,37,Saturday,1,Main Road,Medium,39,27,60,4,4,10.9,14:33
634,B009,R012,S026,Ponnur,16.065,80.551,2.33,14.24,Sunny,23,Saturday,1,Highway,Medium,47,51,60,4,4,11.0,14:34
635,B008,R004,S057,Prathipadu,16.48,80.32,5.08,20.97,Sunny,25,Monday,0,Highway,Medium,51,41,60,1,4,11.0,14:35
636,B009,R016,S053,Ponnur,16.065,80.551,7.15,28.14,Sunny,27,Tuesday,1,Main Road,Medium,38,45,60,2,4,17.3,14:36
637,B006,R011,S175,Ponnur,16.065,80.551,2.13,29.36,Cloudy,24,Tuesday,0,Village Road,Medium,21,26,60,2,5,13.1,14:37
638,B020,R012,S122,Namburu,16.36,80.52,3.21,8.54,Sunny,40,Monday,1,Highway,Low,45,60,60,1,0,5.3,14:38
639,B004,R010,S189,Tenali,16.239,80.645,6.81,22.57,Sunny,32,Thursday,1,Main Road,Low,30,52,60,1,0,14.6,14:39
640,B004,R009,S176,Pedakakani,16.285,80.49,3.42,3.83,Cloudy,38,Saturday,0,Village Road,Low,26,14,60,4,1,12.9,14:40
641,B003,R007,S097,Prathipadu,16.48,80.32,1.02,18.35,Sunny,25,Wednesday,1,Village Road,Medium,33,38,60,2,4,7.9,14:41
642,B020,R004,S111,Tadikonda,16.405,80.643,5.04,33.4,Sunny,36,Friday,1,Main Road,Low,40,23,60,3,0,10.6,14:42
643,B010,R016,S074,Mangalagiri,16.4303,80.5681,5.7,21.4,Cloudy,24,Wednesday,0,Village Road,Low,32,34,60,2,1,13.7,14:43
644,B005,R012,S073,Guntur,16.3067,80.4365,3.0,15.91,Sunny,38,Saturday,0,Main Road,Medium,31,10,60,3,4,12.8,14:44
645,B014,R013,S026,Ponnur,16.065,80.551,2.89,3.85,Sunny,30,Wednesday,1,Highway,High,51,16,60,4,8,15.4,14:45
646,B019,R015,S140,Tulluru,16.52,80.58,2.6,15.09,Sunny,27,Thursday,1,Main Road,Low,34,11,60,3,0,7.6,14:46
647,B014,R003,S194,Tadikonda,16.405,80.643,3.35,17.35,Sunny,26,Friday,1,Main Road,High,41,55,60,1,8,13.9,14:47
648,B013,R001,S119,Tenali,16.239,80.645,7.28,33.61,Rainy,38,Thursday,0,Main Road,Low,34,10,60,2,5,19.8,14:48
649,B019,R017,S190,Guntur,16.3067,80.4365,6.72,23.68,Rainy,23,Saturday,0,Main Road,Medium,40,38,60,1,9,20.1,14:49
650,B016,R020,S177,Tadikonda,16.405,80.643,7.24,26.43,Cloudy,28,Monday,0,Main Road,Low,34,5,60,1,1,14.8,14:50
651,B004,R010,S104,Tadikonda,16.405,80.643,2.27,16.48,Sunny,37,Tuesday,0,Main Road,High,33,58,60,1,8,13.1,14:51
652,B006,R017,S190,Vaddeswaram,16.49,80.61,1.85,2.5,Cloudy,39,Tuesday,1,Main Road,Low,33,35,60,2,1,6.4,14:52
653,B014,R005,S008,Ponnur,16.065,80.551,5.61,17.35,Sunny,31,Thursday,0,Main Road,Medium,45,41,60,4,4,15.5,14:53
654,B009,R001,S041,Prathipadu,16.48,80.32,1.11,28.32,Sunny,33,Friday,0,Highway,High,54,27,60,4,8,13.2,14:54
655,B009,R010,S101,Vaddeswaram,16.49,80.61,3.33,24.91,Cloudy,24,Saturday,1,Main Road,Low,35,29,60,2,1,8.7,14:55
656,B003,R002,S008,Namburu,16.36,80.52,5.82,23.49,Cloudy,27,Tuesday,0,Main Road,Medium,38,47,60,4,5,18.2,14:56
657,B013,R014,S017,Mangalagiri,16.4303,80.5681,7.87,32.13,Sunny,23,Friday,1,Main Road,Medium,40,12,60,2,4,17.8,14:57
658,B013,R005,S164,Guntur,16.3067,80.4365,5.17,30.39,Sunny,40,Friday,0,Village Road,High,29,17,60,4,8,22.7,14:58
659,B019,R001,S162,Ponnur,16.065,80.551,6.14,19.16,Rainy,25,Tuesday,0,Main Road,Medium,37,56,60,1,9,20.0,14:59
660,B007,R007,S147,Tadikonda,16.405,80.643,7.02,17.24,Foggy,37,Friday,1,Village Road,Medium,35,27,60,4,8,24.0,14:00
661,B004,R004,S128,Tulluru,16.52,80.58,3.88,15.16,Sunny,29,Monday,1,Village Road,Low,32,6,60,3,0,10.3,14:01
662,B018,R019,S062,Tenali,16.239,80.645,5.86,7.9,Foggy,38,Friday,1,Village Road,High,30,30,60,1,12,24.7,14:02
663,B005,R007,S141,Tulluru,16.52,80.58,5.5,6.47,Sunny,32,Saturday,0,Highway,Medium,48,20,60,1,4,11.9,14:03
664,B005,R009,S186,Namburu,16.36,80.52,7.64,25.58,Sunny,23,Monday,0,Highway,Medium,46,36,60,4,4,18.0,14:04
665,B001,R007,S137,Vaddeswaram,16.49,80.61,2.98,28.48,Sunny,34,Saturday,0,Main Road,High,43,40,60,1,8,13.2,14:05
666,B012,R007,S088,Namburu,16.36,80.52,5.85,22.34,Sunny,35,Monday,0,Highway,Low,57,19,60,3,0,9.2,14:06
667,B003,R002,S033,Mangalagiri,16.4303,80.5681,4.89,34.62,Cloudy,36,Tuesday,1,Main Road,Low,43,7,60,1,1,8.8,14:07
668,B018,R007,S127,Pedakakani,16.285,80.49,5.16,19.52,Sunny,33,Tuesday,1,Main Road,Low,39,50,60,3,0,10.9,14:08
669,B014,R020,S125,Ponnur,16.065,80.551,7.23,16.8,Sunny,30,Monday,0,Village Road,Medium,34,13,60,3,4,19.8,14:09
670,B015,R004,S006,Vaddeswaram,16.49,80.61,6.02,29.66,Sunny,37,Monday,1,Main Road,Low,33,22,60,4,0,14.9,14:10
671,B002,R008,S053,Tulluru,16.52,80.58,6.95,18.47,Sunny,34,Tuesday,1,Main Road,Low,31,39,60,4,0,17.5,14:11
672,B019,R007,S194,Guntur,16.3067,80.4365,7.35,29.98,Rainy,22,Wednesday,1,Main Road,Low,41,60,60,3,5,18.8,14:12
673,B014,R019,S185,Prathipadu,16.48,80.32,3.59,25.23,Rainy,40,Friday,1,Village Road,Medium,35,15,60,4,9,19.2,14:13
674,B011,R019,S102,Prathipadu,16.48,80.32,2.82,23.3,Foggy,23,Friday,1,Main Road,Low,34,28,60,3,4,12.0,14:14
675,B001,R015,S003,Ponnur,16.065,80.551,4.89,14.52,Sunny,36,Monday,1,Main Road,Low,33,35,60,4,0,12.9,14:15
676,B009,R009,S127,Vaddeswaram,16.49,80.61,7.26,23.8,Sunny,26,Tuesday,0,Main Road,High,32,14,60,3,8,24.6,14:16
677,B002,R009,S066,Tulluru,16.52,80.58,2.13,17.33,Sunny,22,Saturday,1,Main Road,Medium,33,39,60,2,4,9.9,14:17
678,B014,R003,S165,Guntur,16.3067,80.4365,4.45,7.85,Sunny,35,Wednesday,0,Main Road,Low,33,6,60,3,0,11.1,14:18
679,B006,R012,S012,Pedakakani,16.285,80.49,7.26,18.5,Sunny,31,Tuesday,0,Main Road,High,40,11,60,1,8,19.9,14:19
680,B003,R008,S145,Tulluru,16.52,80.58,3.53,21.01,Sunny,38,Friday,1,Main Road,Medium,41,39,60,1,4,10.2,14:20
681,B011,R008,S197,Mangalagiri,16.4303,80.5681,4.55,14.06,Cloudy,33,Tuesday,1,Village Road,Low,34,25,60,2,1,11.0,14:21
682,B020,R008,S115,Mangalagiri,16.4303,80.5681,1.37,18.18,Sunny,35,Tuesday,0,Main Road,Low,43,39,60,4,0,5.9,14:22
683,B019,R016,S162,Tenali,16.239,80.645,6.53,16.78,Sunny,28,Tuesday,1,Village Road,Low,26,5,60,2,0,17.1,14:23
684,B005,R017,S136,Tadikonda,16.405,80.643,1.71,2.73,Cloudy,34,Thursday,1,Highway,Medium,53,13,60,1,5,7.9,14:24
685,B002,R003,S190,Prathipadu,16.48,80.32,3.23,27.97,Cloudy,33,Thursday,1,Main Road,Low,39,45,60,1,1,7.0,14:25
686,B005,R001,S152,Namburu,16.36,80.52,5.84,27.84,Cloudy,40,Wednesday,1,Village Road,Medium,33,29,60,1,5,16.6,14:26
687,B010,R011,S099,Pedakakani,16.285,80.49,2.94,13.17,Rainy,32,Tuesday,0,Main Road,Medium,33,7,60,4,9,18.3,14:27
688,B006,R010,S067,Tenali,16.239,80.645,3.3,8.27,Sunny,25,Tuesday,1,Main Road,Low,40,14,60,2,0,6.9,14:28
689,B012,R007,S073,Mangalagiri,16.4303,80.5681,7.71,23.9,Sunny,40,Thursday,1,Main Road,Medium,30,38,60,1,4,20.4,14:29
690,B004,R012,S021,Tadikonda,16.405,80.643,4.0,16.97,Rainy,29,Saturday,0,Village Road,Low,21,25,60,3,5,19.4,14:30
691,B014,R004,S181,Tadikonda,16.405,80.643,5.64,7.86,Rainy,38,Wednesday,0,Main Road,Medium,44,58,60,1,9,17.7,14:31
692,B016,R005,S125,Vaddeswaram,16.49,80.61,1.79,13.08,Cloudy,27,Saturday,1,Main Road,High,30,23,60,3,9,15.6,14:32
693,B014,R009,S158,Tadikonda,16.405,80.643,3.93,18.65,Cloudy,34,Saturday,0,Highway,Medium,47,45,60,1,5,11.0,14:33
694,B018,R016,S076,Pedakakani,16.285,80.49,7.1,27.14,Cloudy,25,Tuesday,0,Main Road,Medium,39,53,60,3,5,18.9,14:34
695,B012,R013,S181,Ponnur,16.065,80.551,5.57,9.04,Sunny,26,Thursday,1,Main Road,Medium,40,43,60,1,4,13.4,14:35
696,B009,R011,S106,Prathipadu,16.48,80.32,4.45,31.14,Sunny,34,Thursday,1,Main Road,Medium,39,30,60,3,4,13.8,14:36
697,B018,R007,S200,Ponnur,16.065,80.551,3.25,27.81,Sunny,25,Friday,1,Village Road,Low,25,13,60,2,0,9.8,14:37
698,B002,R017,S054,Tulluru,16.52,80.58,6.42,16.42,Rainy,33,Friday,0,Main Road,Low,42,15,60,1,5,15.2,14:38
699,B002,R001,S194,Vaddeswaram,16.49,80.61,7.36,17.31,Cloudy,38,Monday,1,Main Road,Low,39,55,60,1,1,13.3,14:39
700,B013,R013,S034,Namburu,16.36,80.52,2.46,25.63,Sunny,30,Monday,0,Highway,Low,54,9,60,1,0,3.7,15:40
701,B007,R020,S080,Vaddeswaram,16.49,80.61,6.15,22.4,Sunny,32,Thursday,0,Village Road,High,18,24,60,4,8,32.5,15:41
702,B016,R010,S180,Ponnur,16.065,80.551,3.51,16.4,Sunny,39,Friday,0,Main Road,Low,38,29,60,3,0,8.5,15:42
703,B015,R012,S123,Guntur,16.3067,80.4365,5.94,19.51,Sunny,40,Monday,1,Village Road,Medium,35,26,60,2,4,16.2,15:43
704,B013,R020,S122,Tadikonda,16.405,80.643,2.02,27.96,Sunny,38,Saturday,0,Village Road,Medium,35,8,60,2,4,9.5,15:44
705,B007,R018,S126,Namburu,16.36,80.52,1.06,21.73,Rainy,39,Thursday,1,Main Road,Medium,40,46,60,3,9,13.6,15:45
706,B006,R007,S113,Tenali,16.239,80.645,3.87,6.2,Sunny,25,Monday,1,Main Road,Low,32,36,60,1,0,8.3,15:46
707,B017,R011,S158,Tadikonda,16.405,80.643,3.81,4.09,Foggy,33,Friday,0,Main Road,Low,34,14,60,3,4,13.7,15:47
708,B006,R017,S184,Ponnur,16.065,80.551,5.15,19.31,Sunny,37,Monday,1,Main Road,Low,41,31,60,2,0,9.5,15:48
709,B002,R020,S120,Tadikonda,16.405,80.643,5.85,11.83,Sunny,27,Monday,1,Highway,Low,47,45,60,1,0,8.5,15:49
710,B012,R020,S197,Vaddeswaram,16.49,80.61,2.78,27.4,Cloudy,34,Wednesday,0,Village Road,High,24,9,60,3,9,18.9,15:50
711,B011,R019,S198,Tulluru,16.52,80.58,2.69,5.76,Cloudy,40,Friday,1,Highway,Medium,51,56,60,4,5,12.2,15:51
712,B005,R006,S122,Tulluru,16.52,80.58,0.82,7.77,Rainy,22,Wednesday,0,Main Road,Low,36,8,60,2,5,8.4,15:52
713,B013,R016,S091,Tadikonda,16.405,80.643,3.16,18.17,Cloudy,31,Friday,1,Main Road,Low,43,38,60,4,1,9.4,15:53
714,B004,R018,S112,Mangalagiri,16.4303,80.5681,5.92,31.12,Sunny,33,Tuesday,0,Village Road,Medium,26,60,60,3,4,20.7,15:54
715,B006,R001,S051,Pedakakani,16.285,80.49,5.24,31.53,Sunny,36,Wednesday,0,Village Road,High,24,5,60,3,8,24.1,15:55
716,B013,R002,S179,Tulluru,16.52,80.58,4.42,4.81,Cloudy,30,Wednesday,0,Main Road,Low,41,41,60,4,1,11.5,15:56
717,B002,R012,S008,Guntur,16.3067,80.4365,2.05,24.55,Cloudy,26,Saturday,0,Village Road,Medium,33,60,60,1,5,9.7,15:57
718,B020,R001,S086,Tadikonda,16.405,80.643,5.39,7.26,Cloudy,32,Saturday,0,Highway,Low,48,42,60,2,1,9.7,15:58
719,B006,R015,S012,Pedakakani,16.285,80.49,1.27,26.02,Cloudy,30,Friday,0,Main Road,Medium,43,49,60,1,5,7.8,15:59
720,B019,R015,S023,Vaddeswaram,16.49,80.61,4.84,8.37,Rainy,25,Monday,0,Main Road,Medium,39,51,60,1,9,17.4,15:00
721,B010,R007,S192,Mangalagiri,16.4303,80.5681,2.37,13.61,Cloudy,26,Wednesday,0,Highway,Low,45,29,60,2,1,6.2,15:01
722,B009,R015,S068,Ponnur,16.065,80.551,2.43,8.08,Sunny,24,Thursday,1,Highway,High,49,42,60,3,8,14.0,15:02
723,B012,R010,S054,Pedakakani,16.285,80.49,7.64,25.2,Cloudy,32,Saturday,1,Main Road,Low,35,10,60,4,1,18.1,15:03
724,B005,R015,S151,Vaddeswaram,16.49,80.61,2.68,30.34,Cloudy,32,Wednesday,1,Village Road,Medium,32,47,60,4,5,14.0,15:04
725,B006,R012,S079,Tulluru,16.52,80.58,7.06,7.3,Sunny,27,Thursday,0,Village Road,Medium,29,53,60,1,4,19.6,15:05
726,B013,R010,S011,Guntur,16.3067,80.4365,4.21,11.52,Cloudy,29,Friday,0,Main Road,Medium,43,31,60,4,5,14.9,15:06
727,B019,R005,S034,Prathipadu,16.48,80.32,4.49,32.16,Foggy,32,Monday,0,Village Road,High,23,24,60,2,12,25.7,15:07
728,B003,R006,S061,Tadikonda,16.405,80.643,4.12,23.88,Sunny,28,Thursday,0,Village Road,Low,23,51,60,3,0,13.7,15:08
729,B016,R013,S119,Tenali,16.239,80.645,1.95,4.95,Sunny,29,Monday,1,Highway,Medium,56,13,60,2,4,8.1,15:09
730,B018,R003,S089,Pedakakani,16.285,80.49,7.27,31.86,Sunny,37,Saturday,0,Village Road,Medium,28,19,60,4,4,23.6,15:10
731,B008,R005,S128,Tulluru,16.52,80.58,3.25,27.95,Rainy,28,Monday,0,Highway,Medium,52,24,60,1,9,13.8,15:11
732,B014,R006,S042,Prathipadu,16.48,80.32,1.89,11.22,Sunny,34,Saturday,0,Highway,Medium,57,34,60,3,4,9.0,15:12
733,B016,R013,S109,Mangalagiri,16.4303,80.5681,1.96,5.82,Cloudy,23,Wednesday,1,Main Road,Medium,42,21,60,1,5,8.8,15:13
734,B014,R018,S195,Mangalagiri,16.4303,80.5681,5.93,31.26,Sunny,34,Saturday,0,Main Road,High,41,14,60,2,8,18.7,15:14
735,B002,R004,S126,Guntur,16.3067,80.4365,6.65,28.48,Sunny,36,Wednesday,0,Main Road,Medium,36,43,60,3,4,18.1,15:15
736,B010,R002,S153,Pedakakani,16.285,80.49,4.71,10.07,Sunny,25,Wednesday,0,Main Road,Low,39,39,60,3,0,10.2,15:16
737,B020,R008,S188,Prathipadu,16.48,80.32,6.03,25.02,Sunny,38,Friday,1,Main Road,Medium,33,7,60,4,4,19.0,15:17
738,B014,R013,S006,Mangalagiri,16.4303,80.5681,3.55,32.96,Rainy,27,Saturday,1,Main Road,Low,34,51,60,3,5,14.3,15:18
739,B002,R012,S147,Mangalagiri,16.4303,80.5681,4.91,34.76,Cloudy,37,Tuesday,1,Village Road,Medium,24,22,60,2,5,19.3,15:19
740,B005,R009,S069,Tadikonda,16.405,80.643,5.68,13.86,Sunny,36,Friday,1,Main Road,Medium,42,11,60,4,4,16.1,15:20
741,B020,R011,S139,Tenali,16.239,80.645,5.2,27.04,Sunny,34,Thursday,0,Main Road,Medium,37,26,60,4,4,16.4,15:21
742,B009,R013,S009,Pedakakani,16.285,80.49,6.95,21.92,Sunny,40,Monday,1,Main Road,Medium,34,40,60,4,4,20.3,15:22
743,B020,R012,S145,Pedakakani,16.285,80.49,6.21,19.75,Sunny,35,Thursday,0,Highway,Medium,56,53,60,2,4,12.7,15:23
744,B013,R007,S055,Ponnur,16.065,80.551,7.43,11.38,Rainy,25,Friday,1,Main Road,Medium,37,16,60,1,9,22.0,15:24
745,B004,R011,S129,Tadikonda,16.405,80.643,6.21,18.76,Sunny,39,Friday,1,Village Road,Medium,29,19,60,3,4,19.8,15:25
746,B015,R006,S175,Prathipadu,16.48,80.32,1.93,28.13,Sunny,25,Thursday,1,Main Road,Medium,39,31,60,3,4,10.0,15:26
747,B001,R011,S157,Prathipadu,16.48,80.32,5.19,20.29,Cloudy,29,Tuesday,1,Highway,Low,45,48,60,4,1,11.9,15:27
748,B006,R016,S183,Mangalagiri,16.4303,80.5681,4.48,10.27,Sunny,28,Wednesday,0,Village Road,High,35,23,60,2,8,17.7,15:28
749,B017,R004,S155,Mangalagiri,16.4303,80.5681,2.56,20.66,Rainy,32,Tuesday,0,Village Road,High,32,34,60,4,13,21.8,15:29
750,B018,R004,S184,Mangalagiri,16.4303,80.5681,7.97,33.84,Sunny,39,Saturday,0,Highway,Low,46,33,60,3,0,13.4,15:30
751,B014,R004,S027,Namburu,16.36,80.52,6.76,28.51,Sunny,26,Wednesday,0,Village Road,Low,30,51,60,4,0,17.5,15:31
752,B015,R016,S193,Tadikonda,16.405,80.643,6.53,12.83,Cloudy,29,Wednesday,1,Main Road,Low,34,23,60,1,1,13.5,15:32
753,B012,R019,S093,Namburu,16.36,80.52,5.08,27.92,Sunny,31,Wednesday,0,Main Road,Low,38,41,60,2,0,10.0,15:33
754,B009,R008,S008,Ponnur,16.065,80.551,6.15,27.0,Sunny,28,Friday,1,Main Road,Low,39,14,60,4,0,13.5,15:34
755,B017,R012,S097,Tulluru,16.52,80.58,5.25,10.36,Sunny,37,Saturday,0,Highway,Low,56,60,60,3,0,8.6,15:35
756,B009,R020,S200,Vaddeswaram,16.49,80.61,5.61,7.55,Sunny,25,Saturday,0,Main Road,Low,42,27,60,2,0,10.0,15:36
757,B009,R018,S137,Namburu,16.36,80.52,3.42,4.41,Foggy,39,Monday,0,Main Road,Medium,37,33,60,1,8,14.5,15:37
758,B006,R002,S156,Tulluru,16.52,80.58,5.77,25.29,Cloudy,30,Friday,1,Main Road,Low,38,10,60,4,1,14.1,15:38
759,B015,R004,S138,Tenali,16.239,80.645,2.98,9.21,Rainy,23,Wednesday,0,Village Road,Low,34,17,60,4,5,14.3,15:39
760,B019,R014,S029,Namburu,16.36,80.52,1.52,19.2,Sunny,36,Saturday,0,Highway,Medium,47,42,60,1,4,6.9,15:40
761,B010,R009,S137,Tulluru,16.52,80.58,5.13,19.91,Cloudy,29,Wednesday,1,Village Road,Low,31,48,60,3,1,13.9,15:41
762,B006,R003,S195,Vaddeswaram,16.49,80.61,4.31,13.89,Sunny,35,Saturday,1,Main Road,High,33,11,60,2,8,17.8,15:42
763,B004,R010,S157,Namburu,16.36,80.52,6.29,12.69,Sunny,28,Friday,0,Main Road,Medium,36,25,60,4,4,18.5,15:43
764,B009,R008,S068,Tadikonda,16.405,80.643,5.19,9.9,Foggy,37,Wednesday,1,Highway,High,57,14,60,4,12,21.5,15:44
765,B002,R014,S091,Ponnur,16.065,80.551,3.02,19.92,Sunny,26,Thursday,1,Main Road,Medium,40,6,60,4,4,12.5,15:45
766,B007,R020,S129,Tenali,16.239,80.645,0.97,13.79,Cloudy,36,Wednesday,0,Main Road,Low,39,9,60,2,1,4.5,15:46
767,B009,R020,S151,Tenali,16.239,80.645,6.42,18.12,Cloudy,34,Monday,0,Highway,High,60,8,60,2,9,17.4,15:47
768,B005,R005,S151,Pedakakani,16.285,80.49,1.6,5.63,Sunny,31,Friday,0,Main Road,Medium,44,40,60,4,4,10.2,15:48
769,B011,R012,S198,Mangalagiri,16.4303,80.5681,4.62,13.36,Rainy,36,Saturday,0,Main Road,Low,38,16,60,1,5,13.3,15:49
770,B005,R004,S165,Pedakakani,16.285,80.49,2.23,31.37,Cloudy,35,Thursday,1,Main Road,Low,41,56,60,1,1,5.3,15:50
771,B018,R016,S073,Namburu,16.36,80.52,4.87,34.74,Rainy,40,Wednesday,0,Village Road,High,18,52,60,3,13,32.2,15:51
772,B003,R014,S071,Mangalagiri,16.4303,80.5681,6.89,9.52,Cloudy,36,Thursday,0,Main Road,High,35,46,60,2,9,22.8,15:52
773,B019,R010,S002,Pedakakani,16.285,80.49,6.42,28.6,Rainy,34,Monday,0,Highway,High,55,19,60,4,13,24.0,15:53
774,B019,R005,S049,Pedakakani,16.285,80.49,4.63,24.24,Rainy,26,Tuesday,1,Main Road,Low,37,16,60,3,5,15.5,15:54
775,B007,R010,S042,Mangalagiri,16.4303,80.5681,3.31,5.39,Rainy,35,Wednesday,0,Highway,High,46,18,60,2,13,19.3,15:55
776,B015,R015,S103,Pedakakani,16.285,80.49,0.98,27.01,Sunny,28,Tuesday,1,Highway,High,59,42,60,1,8,10.0,15:56
777,B014,R007,S054,Mangalagiri,16.4303,80.5681,6.25,9.86,Cloudy,24,Friday,1,Highway,Medium,50,35,60,3,5,15.5,15:57
778,B010,R003,S112,Ponnur,16.065,80.551,3.54,16.14,Sunny,31,Tuesday,0,Main Road,High,30,46,60,3,8,18.1,15:58
779,B005,R016,S196,Prathipadu,16.48,80.32,1.13,26.55,Sunny,23,Monday,0,Village Road,Low,28,60,60,2,0,4.4,15:59
780,B012,R004,S042,Ponnur,16.065,80.551,2.04,30.13,Cloudy,22,Thursday,0,Main Road,High,35,24,60,2,9,14.5,15:00
781,B014,R002,S139,Prathipadu,16.48,80.32,6.44,16.39,Sunny,34,Friday,0,Main Road,High,40,15,60,2,8,19.7,15:01
782,B005,R020,S164,Mangalagiri,16.4303,80.5681,7.91,11.28,Foggy,22,Wednesday,1,Highway,Medium,52,35,60,4,8,21.1,15:02
783,B005,R008,S169,Ponnur,16.065,80.551,4.35,29.28,Sunny,24,Saturday,0,Highway,Medium,56,50,60,2,4,10.7,15:03
784,B019,R017,S133,Prathipadu,16.48,80.32,2.6,24.5,Cloudy,40,Wednesday,0,Main Road,Low,37,25,60,4,1,9.2,15:04
785,B008,R006,S102,Prathipadu,16.48,80.32,5.35,29.18,Sunny,32,Monday,1,Main Road,High,31,35,60,1,8,19.4,15:05
786,B011,R006,S066,Pedakakani,16.285,80.49,4.06,11.94,Cloudy,32,Thursday,1,Highway,Medium,57,47,60,3,5,12.3,15:06
787,B008,R015,S029,Mangalagiri,16.4303,80.5681,6.43,19.23,Cloudy,25,Friday,1,Main Road,Low,38,13,60,1,1,12.2,15:07
788,B008,R001,S051,Pedakakani,16.285,80.49,2.11,26.71,Cloudy,33,Friday,0,Main Road,High,32,41,60,2,9,15.0,15:08
789,B005,R018,S157,Vaddeswaram,16.49,80.61,2.0,6.76,Cloudy,35,Tuesday,1,Main Road,Medium,37,8,60,2,5,10.2,15:09
790,B007,R020,S153,Prathipadu,16.48,80.32,3.12,24.77,Sunny,24,Monday,1,Main Road,Low,45,13,60,3,0,7.2,15:10
791,B003,R008,S071,Tadikonda,16.405,80.643,6.46,25.84,Sunny,26,Thursday,0,Main Road,Low,37,51,60,3,0,13.5,15:11
792,B017,R004,S198,Tulluru,16.52,80.58,1.83,10.09,Cloudy,37,Tuesday,1,Village Road,Low,32,24,60,3,1,7.4,15:12
793,B013,R009,S029,Mangalagiri,16.4303,80.5681,7.14,29.77,Rainy,36,Thursday,0,Main Road,Medium,34,50,60,1,9,22.6,15:13
794,B014,R014,S015,Namburu,16.36,80.52,7.98,26.08,Sunny,25,Wednesday,1,Village Road,Medium,20,21,60,4,4,31.9,15:14
795,B019,R014,S171,Vaddeswaram,16.49,80.61,0.89,22.28,Cloudy,30,Monday,1,Main Road,Medium,41,40,60,2,5,8.3,15:15
796,B004,R008,S093,Tulluru,16.52,80.58,5.13,22.84,Foggy,40,Saturday,1,Village Road,Medium,19,57,60,1,8,25.2,15:16
797,B001,R007,S146,Prathipadu,16.48,80.32,6.94,24.14,Rainy,27,Monday,1,Village Road,Medium,32,11,60,4,9,26.0,15:17
798,B015,R002,S084,Ponnur,16.065,80.551,3.38,23.87,Foggy,36,Saturday,1,Village Road,Low,26,54,60,3,4,14.8,15:18
799,B020,R018,S190,Tadikonda,16.405,80.643,6.42,11.58,Sunny,29,Wednesday,1,Main Road,Medium,42,11,60,3,4,16.2,15:19
800,B015,R012,S194,Mangalagiri,16.4303,80.5681,6.25,12.31,Sunny,27,Tuesday,1,Main Road,High,45,6,60,3,8,19.3,16:20
801,B020,R013,S068,Mangalagiri,16.4303,80.5681,4.68,16.62,Sunny,26,Saturday,1,Highway,Medium,54,39,60,1,4,10.2,16:21
802,B008,R018,S040,Pedakakani,16.285,80.49,5.22,34.34,Sunny,30,Monday,1,Main Road,Low,33,19,60,1,0,10.5,16:22
803,B015,R014,S143,Tenali,16.239,80.645,1.85,10.75,Rainy,39,Friday,0,Main Road,High,44,31,60,4,13,19.5,16:23
804,B012,R008,S082,Tadikonda,16.405,80.643,5.89,35.35,Sunny,39,Wednesday,0,Village Road,High,26,49,60,3,8,24.6,16:24
805,B004,R020,S059,Tadikonda,16.405,80.643,7.86,31.39,Sunny,33,Saturday,0,Main Road,Medium,34,34,60,3,4,20.9,16:25
806,B018,R002,S089,Ponnur,16.065,80.551,4.38,17.47,Sunny,37,Saturday,0,Main Road,High,44,9,60,4,8,18.0,16:26
807,B007,R015,S080,Pedakakani,16.285,80.49,5.94,20.66,Rainy,39,Saturday,1,Highway,Medium,53,26,60,4,9,19.7,16:27
808,B012,R019,S031,Tenali,16.239,80.645,7.86,25.47,Foggy,24,Friday,0,Main Road,High,34,38,60,1,12,26.9,16:28
809,B003,R004,S104,Prathipadu,16.48,80.32,6.82,7.7,Cloudy,40,Saturday,1,Village Road,High,23,56,60,3,9,29.8,16:29
810,B016,R003,S048,Prathipadu,16.48,80.32,2.12,11.46,Sunny,30,Thursday,0,Main Road,Low,34,19,60,3,0,6.7,16:30
811,B012,R004,S044,Pedakakani,16.285,80.49,6.21,21.93,Cloudy,22,Friday,0,Village Road,Low,32,5,60,1,1,13.6,16:31
812,B012,R004,S175,Pedakakani,16.285,80.49,7.68,13.33,Sunny,26,Friday,1,Main Road,Medium,41,41,60,2,4,17.2,16:32
813,B010,R010,S028,Tadikonda,16.405,80.643,1.02,2.18,Foggy,33,Saturday,0,Village Road,Medium,32,42,60,1,8,10.9,16:33
814,B015,R004,S172,Vaddeswaram,16.49,80.61,5.15,35.07,Rainy,39,Monday,1,Highway,High,48,20,60,4,13,23.4,16:34
815,B017,R003,S170,Pedakakani,16.285,80.49,1.1,2.86,Sunny,32,Friday,1,Highway,High,60,53,60,1,8,10.1,16:35
816,B013,R003,S126,Vaddeswaram,16.49,80.61,4.02,9.96,Sunny,22,Thursday,0,Main Road,High,40,25,60,4,8,18.0,16:36
817,B007,R003,S079,Vaddeswaram,16.49,80.61,7.94,31.06,Cloudy,40,Saturday,0,Main Road,Medium,39,46,60,1,5,18.2,16:37
818,B017,R017,S046,Pedakakani,16.285,80.49,3.57,14.12,Rainy,38,Wednesday,0,Village Road,Medium,27,18,60,4,9,20.9,16:38
819,B002,R013,S053,Mangalagiri,16.4303,80.5681,1.33,7.44,Cloudy,25,Wednesday,0,Main Road,Low,37,20,60,1,1,4.2,16:39
820,B014,R019,S182,Pedakakani,16.285,80.49,7.41,19.47,Cloudy,31,Tuesday,1,Village Road,Low,29,31,60,3,1,19.3,16:40
821,B013,R002,S179,Guntur,16.3067,80.4365,6.87,12.55,Sunny,36,Tuesday,0,Main Road,Medium,42,9,60,1,4,14.8,16:41
822,B010,R018,S074,Mangalagiri,16.4303,80.5681,4.67,9.69,Foggy,31,Friday,1,Highway,Medium,60,11,60,4,8,16.7,16:42
823,B004,R004,S059,Mangalagiri,16.4303,80.5681,6.89,12.91,Sunny,23,Thursday,0,Main Road,Medium,32,10,60,4,4,20.9,16:43
824,B007,R011,S012,Mangalagiri,16.4303,80.5681,3.98,27.05,Cloudy,40,Monday,0,Main Road,Medium,44,26,60,2,5,12.4,16:44
825,B008,R006,S161,Ponnur,16.065,80.551,7.29,8.98,Rainy,28,Wednesday,1,Village Road,Low,24,6,60,1,5,24.2,16:45
826,B014,R017,S137,Namburu,16.36,80.52,1.96,18.37,Sunny,22,Friday,0,Highway,Low,52,51,60,1,0,3.3,16:46
827,B008,R002,S145,Pedakakani,16.285,80.49,0.84,0.94,Sunny,39,Monday,0,Main Road,Low,33,46,60,1,0,2.5,16:47
828,B015,R016,S040,Namburu,16.36,80.52,4.04,26.48,Cloudy,36,Friday,1,Village Road,Medium,30,19,60,3,5,16.1,16:48
829,B002,R015,S106,Tadikonda,16.405,80.643,7.15,18.19,Rainy,39,Tuesday,1,Main Road,Low,42,13,60,2,5,17.2,16:49
830,B011,R013,S035,Pedakakani,16.285,80.49,4.12,17.69,Sunny,38,Tuesday,0,Main Road,High,43,18,60,3,8,16.7,16:50
831,B005,R016,S028,Tenali,16.239,80.645,7.01,30.77,Sunny,39,Saturday,1,Main Road,Low,44,24,60,4,0,13.6,16:51
832,B015,R001,S178,Tulluru,16.52,80.58,4.77,9.47,Cloudy,28,Thursday,0,Main Road,Low,36,22,60,2,1,10.9,16:52
833,B011,R020,S196,Tulluru,16.52,80.58,3.76,17.82,Sunny,38,Saturday,0,Village Road,High,22,48,60,4,8,22.3,16:53
834,B007,R005,S055,Mangalagiri,16.4303,80.5681,7.43,33.51,Sunny,31,Monday,1,Village Road,Low,18,44,60,3,0,27.8,16:54
835,B006,R014,S031,Pedakakani,16.285,80.49,5.87,14.56,Cloudy,39,Friday,1,Main Road,Low,45,15,60,2,1,10.8,16:55
836,B005,R013,S122,Vaddeswaram,16.49,80.61,7.83,27.75,Sunny,34,Thursday,0,Main Road,Low,38,54,60,1,0,13.4,16:56
837,B011,R003,S095,Guntur,16.3067,80.4365,4.02,4.62,Cloudy,24,Tuesday,0,Main Road,Medium,44,44,60,3,5,13.5,16:57
838,B012,R020,S127,Ponnur,16.065,80.551,7.72,17.34,Rainy,22,Friday,1,Main Road,Medium,33,15,60,1,9,24.0,16:58
839,B010,R009,S115,Pedakakani,16.285,80.49,7.31,8.01,Sunny,35,Wednesday,0,Village Road,Low,34,22,60,2,0,14.9,16:59
840,B013,R007,S121,Namburu,16.36,80.52,7.08,34.88,Cloudy,34,Thursday,0,Main Road,Low,31,49,60,3,1,17.7,16:00
841,B009,R018,S050,Ponnur,16.065,80.551,6.95,30.47,Sunny,37,Wednesday,1,Main Road,Medium,41,10,60,3,4,17.2,16:01
842,B003,R006,S096,Namburu,16.36,80.52,7.25,7.94,Rainy,24,Tuesday,0,Village Road,Low,34,54,60,2,5,19.8,16:02
843,B011,R004,S157,Mangalagiri,16.4303,80.5681,7.07,25.59,Cloudy,25,Monday,0,Village Road,Low,28,17,60,4,1,20.1,16:03
844,B017,R007,S122,Mangalagiri,16.4303,80.5681,6.5,13.49,Sunny,28,Saturday,1,Highway,Low,47,43,60,3,0,11.3,16:04
845,B004,R003,S049,Tadikonda,16.405,80.643,4.45,6.84,Sunny,27,Wednesday,0,Main Road,High,44,15,60,2,8,16.1,16:05
846,B017,R001,S168,Prathipadu,16.48,80.32,5.41,11.96,Sunny,30,Wednesday,0,Main Road,Low,43,9,60,2,0,9.5,16:06
847,B011,R019,S198,Guntur,16.3067,80.4365,1.38,24.31,Sunny,33,Saturday,0,Highway,Medium,56,41,60,1,4,6.5,16:07
848,B018,R007,S059,Ponnur,16.065,80.551,6.14,20.55,Rainy,40,Tuesday,0,Village Road,Medium,29,49,60,3,9,24.7,16:08
849,B014,R001,S036,Pedakakani,16.285,80.49,4.14,31.11,Sunny,32,Thursday,0,Main Road,Medium,40,30,60,4,4,14.2,16:09
850,B001,R016,S101,Pedakakani,16.285,80.49,2.36,2.85,Sunny,27,Wednesday,1,Highway,Medium,50,19,60,2,4,8.8,16:10
851,B003,R011,S181,Tenali,16.239,80.645,7.62,12.41,Sunny,37,Friday,1,Main Road,High,43,14,60,1,8,19.6,16:11
852,B020,R014,S157,Tenali,16.239,80.645,4.33,33.04,Sunny,25,Friday,0,Main Road,Medium,36,38,60,3,4,14.2,16:12
853,B007,R011,S177,Ponnur,16.065,80.551,4.87,19.08,Sunny,29,Wednesday,1,Main Road,Low,34,55,60,2,0,10.6,16:13
854,B008,R016,S145,Ponnur,16.065,80.551,7.75,31.2,Rainy,37,Monday,1,Main Road,Medium,36,37,60,2,9,23.9,16:14
855,B003,R015,S100,Mangalagiri,16.4303,80.5681,4.61,18.49,Rainy,28,Wednesday,0,Main Road,High,40,28,60,3,13,22.9,16:15
856,B016,R011,S155,Guntur,16.3067,80.4365,3.36,21.98,Rainy,39,Tuesday,0,Main Road,Medium,30,43,60,3,9,18.7,16:16
857,B010,R009,S053,Tulluru,16.52,80.58,6.55,15.02,Sunny,26,Wednesday,0,Highway,Medium,46,6,60,1,4,13.5,16:17
858,B009,R015,S071,Prathipadu,16.48,80.32,5.31,21.97,Rainy,28,Saturday,1,Highway,Medium,59,23,60,1,9,15.4,16:18
859,B018,R001,S161,Tadikonda,16.405,80.643,1.18,10.98,Sunny,35,Saturday,1,Main Road,Medium,30,30,60,4,4,10.4,16:19
860,B016,R003,S018,Tadikonda,16.405,80.643,4.87,21.93,Sunny,26,Tuesday,0,Main Road,High,39,38,60,2,8,17.5,16:20
861,B013,R018,S016,Tadikonda,16.405,80.643,7.8,17.94,Rainy,38,Thursday,1,Village Road,Medium,29,49,60,4,9,29.1,16:21
862,B018,R001,S014,Tadikonda,16.405,80.643,1.95,24.83,Sunny,29,Thursday,0,Main Road,High,36,7,60,1,8,12.2,16:22
863,B016,R001,S172,Tenali,16.239,80.645,3.1,14.73,Sunny,35,Friday,0,Village Road,Medium,34,7,60,3,4,12.5,16:23
864,B013,R007,S039,Tenali,16.239,80.645,0.85,21.9,Sunny,39,Monday,1,Main Road,Medium,37,22,60,2,4,7.4,16:24
865,B004,R010,S116,Vaddeswaram,16.49,80.61,6.23,13.92,Rainy,22,Thursday,1,Main Road,Low,35,18,60,4,5,19.7,16:25
866,B019,R010,S093,Tadikonda,16.405,80.643,2.24,19.35,Rainy,36,Monday,0,Highway,Medium,57,41,60,2,9,13.4,16:26
867,B011,R015,S101,Ponnur,16.065,80.551,2.36,7.79,Sunny,27,Thursday,1,Main Road,Low,39,40,60,4,0,7.6,16:27
868,B001,R010,S114,Tulluru,16.52,80.58,7.17,32.75,Rainy,34,Saturday,0,Main Road,Medium,32,11,60,3,9,25.4,16:28
869,B010,R005,S068,Guntur,16.3067,80.4365,1.35,13.87,Rainy,36,Tuesday,0,Main Road,Low,43,45,60,1,5,7.9,16:29
870,B009,R001,S180,Guntur,16.3067,80.4365,1.61,23.35,Rainy,40,Thursday,0,Village Road,Medium,18,51,60,3,9,17.4,16:30
871,B019,R002,S169,Tadikonda,16.405,80.643,1.07,14.04,Sunny,24,Wednesday,1,Main Road,Medium,42,51,60,1,4,6.5,16:31
872,B019,R014,S144,Namburu,16.36,80.52,7.73,13.37,Rainy,37,Tuesday,0,Main Road,Medium,30,23,60,1,9,25.5,16:32
873,B011,R012,S105,Pedakakani,16.285,80.49,4.72,15.92,Cloudy,27,Friday,1,Highway,High,56,28,60,2,9,16.1,16:33
874,B005,R011,S092,Namburu,16.36,80.52,5.67,17.9,Sunny,36,Thursday,0,Village Road,High,33,7,60,3,8,21.3,16:34
875,B013,R003,S108,Pedakakani,16.285,80.49,5.36,27.7,Cloudy,25,Friday,0,Main Road,High,40,38,60,2,9,19.0,16:35
876,B018,R013,S134,Mangalagiri,16.4303,80.5681,5.72,29.35,Sunny,34,Tuesday,1,Main Road,Medium,35,52,60,3,4,16.8,16:36
877,B016,R005,S019,Prathipadu,16.48,80.32,1.92,22.74,Cloudy,31,Tuesday,1,Main Road,Medium,37,24,60,1,5,9.1,16:37
878,B003,R009,S116,Tenali,16.239,80.645,0.92,9.79,Rainy,25,Thursday,1,Main Road,Low,36,47,60,1,5,7.5,16:38
879,B016,R002,S128,Prathipadu,16.48,80.32,3.5,12.61,Rainy,32,Wednesday,0,Highway,Medium,54,21,60,1,9,13.9,16:39
880,B001,R013,S010,Namburu,16.36,80.52,5.76,24.37,Foggy,37,Monday,1,Village Road,Low,31,21,60,4,4,19.1,16:40
881,B010,R018,S199,Vaddeswaram,16.49,80.61,3.53,13.65,Sunny,36,Tuesday,1,Highway,Medium,52,11,60,3,4,11.1,16:41
882,B009,R019,S031,Guntur,16.3067,80.4365,4.41,18.31,Sunny,38,Thursday,0,Main Road,Medium,44,33,60,1,4,11.0,16:42
883,B016,R008,S002,Ponnur,16.065,80.551,3.87,24.47,Sunny,34,Saturday,0,Village Road,High,28,54,60,4,8,20.3,16:43
884,B004,R006,S036,Prathipadu,16.48,80.32,7.03,24.54,Cloudy,26,Saturday,0,Highway,Medium,50,33,60,1,5,14.4,16:44
885,B009,R014,S143,Namburu,16.36,80.52,7.26,18.31,Sunny,35,Monday,0,Main Road,Medium,30,10,60,1,4,19.5,16:45
886,B006,R003,S147,Ponnur,16.065,80.551,4.45,11.75,Sunny,27,Saturday,0,Village Road,High,30,33,60,1,8,17.9,16:46
887,B008,R007,S038,Vaddeswaram,16.49,80.61,7.79,27.48,Sunny,31,Tuesday,1,Main Road,Medium,45,5,60,1,4,15.4,16:47
888,B011,R008,S123,Pedakakani,16.285,80.49,5.59,23.16,Rainy,28,Tuesday,1,Highway,Low,45,35,60,2,5,14.5,16:48
889,B017,R005,S195,Namburu,16.36,80.52,5.36,21.6,Sunny,24,Thursday,0,Main Road,High,42,41,60,2,8,17.7,16:49
890,B013,R001,S050,Tadikonda,16.405,80.643,6.76,18.95,Sunny,33,Thursday,1,Main Road,Medium,41,43,60,3,4,16.9,16:50
891,B016,R003,S111,Tenali,16.239,80.645,7.2,26.58,Sunny,22,Thursday,0,Village Road,Medium,34,40,60,3,4,19.7,16:51
892,B010,R018,S155,Mangalagiri,16.4303,80.5681,2.8,11.23,Foggy,32,Wednesday,1,Village Road,Medium,29,37,60,3,8,16.8,16:52
893,B009,R009,S070,Namburu,16.36,80.52,1.46,16.15,Cloudy,31,Friday,0,Main Road,Low,45,25,60,1,1,3.9,16:53
894,B007,R020,S036,Pedakakani,16.285,80.49,2.18,12.23,Sunny,31,Tuesday,1,Village Road,Medium,27,50,60,4,4,12.8,16:54
895,B020,R011,S047,Vaddeswaram,16.49,80.61,2.05,23.79,Cloudy,37,Wednesday,0,Main Road,High,44,30,60,2,9,13.8,16:55
896,B001,R003,S049,Namburu,16.36,80.52,2.63,4.79,Sunny,30,Thursday,1,Village Road,Low,22,40,60,4,0,11.2,16:56
897,B014,R013,S081,Tulluru,16.52,80.58,1.17,14.0,Cloudy,25,Tuesday,0,Village Road,High,26,12,60,4,9,15.7,16:57
898,B007,R002,S170,Pedakakani,16.285,80.49,2.8,19.25,Rainy,40,Monday,0,Village Road,Low,20,12,60,4,5,17.4,16:58
899,B008,R005,S006,Pedakakani,16.285,80.49,2.53,9.14,Rainy,39,Friday,1,Village Road,Medium,31,53,60,3,9,16.9,16:59
900,B016,R004,S025,Tenali,16.239,80.645,5.24,33.87,Cloudy,29,Thursday,0,Highway,Low,57,20,60,3,1,9.5,17:00
901,B015,R007,S060,Namburu,16.36,80.52,1.57,8.73,Cloudy,25,Monday,1,Main Road,Low,37,50,60,4,1,7.5,17:01
902,B011,R001,S128,Namburu,16.36,80.52,4.7,12.85,Sunny,38,Friday,1,Main Road,High,42,58,60,3,8,17.7,17:02
903,B007,R011,S091,Namburu,16.36,80.52,5.13,26.1,Rainy,34,Wednesday,0,Main Road,Low,34,50,60,2,5,16.1,17:03
904,B013,R019,S089,Ponnur,16.065,80.551,5.74,22.64,Sunny,33,Thursday,0,Village Road,Medium,18,36,60,1,4,24.1,17:04
905,B006,R006,S057,Prathipadu,16.48,80.32,2.64,9.5,Foggy,40,Saturday,0,Village Road,Low,31,59,60,4,4,13.1,17:05
906,B009,R003,S135,Guntur,16.3067,80.4365,1.45,28.93,Cloudy,30,Thursday,0,Village Road,Low,25,23,60,1,1,5.5,17:06
907,B019,R006,S074,Tadikonda,16.405,80.643,3.75,8.75,Rainy,39,Thursday,1,Village Road,Low,25,15,60,1,5,15.0,17:07
908,B018,R012,S186,Tenali,16.239,80.645,6.36,14.43,Cloudy,27,Tuesday,0,Highway,Medium,51,20,60,4,5,16.5,17:08
909,B002,R016,S040,Guntur,16.3067,80.4365,6.66,21.69,Sunny,26,Tuesday,1,Main Road,High,38,41,60,2,8,20.5,17:09
910,B005,R001,S074,Ponnur,16.065,80.551,5.94,10.8,Sunny,36,Friday,1,Main Road,Medium,35,48,60,4,4,18.2,17:10
911,B017,R014,S043,Prathipadu,16.48,80.32,3.35,21.52,Cloudy,38,Thursday,0,Main Road,Medium,44,56,60,3,5,12.6,17:11
912,B016,R007,S193,Guntur,16.3067,80.4365,5.15,17.52,Sunny,22,Tuesday,1,Main Road,Low,39,54,60,3,0,10.9,17:12
913,B013,R015,S183,Tadikonda,16.405,80.643,2.56,3.05,Sunny,36,Wednesday,0,Main Road,Low,39,34,60,4,0,7.9,17:13
914,B013,R014,S020,Tadikonda,16.405,80.643,7.26,34.94,Sunny,31,Wednesday,1,Main Road,Low,37,7,60,4,0,15.8,17:14
915,B002,R001,S131,Namburu,16.36,80.52,7.44,12.42,Sunny,28,Saturday,1,Highway,High,55,6,60,3,8,19.1,17:15
916,B016,R014,S196,Namburu,16.36,80.52,2.85,4.38,Sunny,38,Monday,0,Main Road,Medium,41,14,60,4,4,12.2,17:16
917,B008,R002,S012,Prathipadu,16.48,80.32,1.82,29.27,Sunny,31,Monday,0,Main Road,Low,38,17,60,4,0,6.9,17:17
918,B006,R002,S068,Prathipadu,16.48,80.32,4.74,12.39,Sunny,37,Monday,0,Main Road,High,34,34,60,1,8,17.4,17:18
919,B016,R009,S148,Tadikonda,16.405,80.643,5.62,29.97,Cloudy,39,Friday,1,Village Road,Low,20,45,60,3,1,20.9,17:19
920,B016,R013,S014,Pedakakani,16.285,80.49,6.67,19.69,Rainy,40,Wednesday,1,Main Road,Low,37,11,60,3,5,18.8,17:20
921,B013,R014,S146,Tadikonda,16.405,80.643,7.32,35.1,Cloudy,32,Wednesday,0,Main Road,Medium,37,20,60,4,5,20.9,17:21
922,B011,R012,S031,Tadikonda,16.405,80.643,3.94,28.39,Sunny,31,Tuesday,1,Main Road,Low,40,36,60,1,0,6.9,17:22
923,B019,R013,S022,Prathipadu,16.48,80.32,2.86,21.18,Sunny,25,Monday,0,Main Road,Low,43,55,60,3,0,7.0,17:23
924,B001,R016,S046,Guntur,16.3067,80.4365,7.53,31.34,Sunny,23,Tuesday,1,Highway,Medium,58,58,60,1,4,12.8,17:24
925,B002,R020,S001,Pedakakani,16.285,80.49,1.99,11.28,Foggy,28,Tuesday,1,Main Road,Low,32,57,60,1,4,8.7,17:25
926,B016,R020,S058,Namburu,16.36,80.52,1.8,15.67,Sunny,31,Monday,1,Highway,High,54,59,60,1,8,11.0,17:26
927,B008,R010,S171,Pedakakani,16.285,80.49,7.65,16.84,Rainy,32,Tuesday,0,Main Road,Medium,44,34,60,4,9,23.4,17:27
928,B003,R010,S198,Tadikonda,16.405,80.643,5.03,8.56,Sunny,32,Saturday,1,Village Road,Low,19,42,60,2,0,17.9,17:28
929,B007,R016,S168,Tenali,16.239,80.645,7.5,27.55,Cloudy,23,Wednesday,0,Village Road,Medium,21,30,60,3,5,29.4,17:29
930,B015,R005,S084,Tenali,16.239,80.645,3.6,27.98,Foggy,35,Saturday,1,Main Road,Medium,31,53,60,3,8,18.0,17:30
931,B002,R005,S062,Tulluru,16.52,80.58,7.67,20.14,Foggy,38,Friday,1,Village Road,Medium,23,22,60,2,8,30.0,17:31
932,B004,R016,S198,Tenali,16.239,80.645,5.35,26.69,Sunny,38,Tuesday,0,Village Road,High,18,14,60,1,8,26.8,17:32
933,B015,R019,S141,Pedakakani,16.285,80.49,7.95,26.32,Sunny,31,Friday,1,Main Road,Medium,42,7,60,1,4,16.4,17:33
934,B011,R019,S058,Ponnur,16.065,80.551,6.77,19.29,Rainy,36,Wednesday,1,Main Road,Medium,32,46,60,2,9,23.7,17:34
935,B013,R001,S111,Guntur,16.3067,80.4365,0.83,7.71,Rainy,23,Monday,1,Village Road,Low,26,39,60,2,5,8.9,17:35
936,B008,R013,S144,Vaddeswaram,16.49,80.61,4.38,21.79,Cloudy,32,Tuesday,0,Village Road,Medium,19,5,60,1,5,19.8,17:36
937,B009,R014,S042,Prathipadu,16.48,80.32,1.52,29.45,Sunny,35,Tuesday,0,Highway,Medium,52,28,60,3,4,8.8,17:37
938,B001,R008,S017,Mangalagiri,16.4303,80.5681,5.78,24.95,Sunny,30,Tuesday,0,Village Road,Low,35,53,60,1,0,10.9,17:38
939,B006,R013,S049,Namburu,16.36,80.52,5.61,13.96,Rainy,39,Wednesday,0,Main Road,Low,33,44,60,3,5,18.2,17:39
940,B001,R011,S100,Mangalagiri,16.4303,80.5681,1.95,26.41,Sunny,35,Monday,1,Village Road,Medium,28,18,60,3,4,11.2,17:40
941,B013,R011,S165,Tadikonda,16.405,80.643,6.81,34.82,Cloudy,33,Tuesday,0,Highway,Medium,60,7,60,4,5,15.8,17:41
942,B003,R005,S025,Namburu,16.36,80.52,5.47,17.94,Foggy,38,Friday,0,Highway,High,56,42,60,4,12,21.9,17:42
943,B010,R002,S028,Tadikonda,16.405,80.643,6.46,25.6,Cloudy,23,Wednesday,0,Main Road,Low,33,49,60,4,1,16.7,17:43
944,B010,R010,S105,Ponnur,16.065,80.551,6.92,36.36,Sunny,22,Monday,1,Village Road,High,28,25,60,4,8,26.8,17:44
945,B006,R019,S055,Tadikonda,16.405,80.643,1.62,30.86,Sunny,40,Monday,0,Village Road,Medium,29,8,60,1,4,8.4,17:45
946,B014,R003,S169,Ponnur,16.065,80.551,5.54,8.55,Rainy,32,Wednesday,0,Main Road,Medium,39,13,60,3,9,20.5,17:46
947,B019,R018,S064,Mangalagiri,16.4303,80.5681,1.11,25.4,Sunny,24,Wednesday,0,Highway,Medium,45,16,60,2,4,7.5,17:47
948,B014,R001,S175,Tulluru,16.52,80.58,2.37,23.61,Foggy,38,Wednesday,0,Village Road,Low,33,36,60,2,4,10.3,17:48
949,B019,R010,S069,Vaddeswaram,16.49,80.61,2.19,18.02,Sunny,29,Friday,0,Main Road,Low,36,50,60,4,0,7.7,17:49
950,B019,R004,S172,Prathipadu,16.48,80.32,3.72,9.45,Sunny,29,Tuesday,0,Main Road,Low,30,19,60,2,0,9.4,17:50
951,B004,R001,S106,Tenali,16.239,80.645,7.75,16.05,Sunny,25,Wednesday,0,Village Road,Low,22,33,60,2,0,23.1,17:51
952,B005,R007,S100,Tadikonda,16.405,80.643,7.84,19.2,Sunny,33,Tuesday,0,Highway,Medium,48,36,60,2,4,15.8,17:52
953,B015,R017,S075,Namburu,16.36,80.52,0.82,14.73,Rainy,28,Thursday,0,Village Road,Low,26,23,60,1,5,7.9,17:53
954,B008,R015,S052,Tadikonda,16.405,80.643,4.21,27.09,Sunny,30,Thursday,1,Main Road,Low,43,22,60,3,0,8.9,17:54
955,B004,R009,S185,Tadikonda,16.405,80.643,6.42,25.78,Foggy,33,Friday,1,Main Road,Low,34,49,60,2,4,17.3,17:55
956,B008,R018,S158,Mangalagiri,16.4303,80.5681,1.25,29.96,Rainy,40,Friday,0,Main Road,Low,42,45,60,3,5,9.8,17:56
957,B016,R007,S048,Namburu,16.36,80.52,3.16,23.85,Cloudy,25,Saturday,1,Village Road,Medium,18,51,60,1,5,16.5,17:57
958,B016,R020,S051,Prathipadu,16.48,80.32,5.62,34.44,Sunny,29,Wednesday,0,Main Road,Medium,36,59,60,4,4,17.4,17:58
959,B008,R014,S012,Pedakakani,16.285,80.49,2.44,31.17,Sunny,28,Thursday,1,Main Road,Low,40,39,60,2,0,5.7,17:59
960,B004,R009,S165,Mangalagiri,16.4303,80.5681,6.11,12.66,Sunny,40,Thursday,0,Highway,Low,59,10,60,4,0,10.2,17:00
961,B016,R009,S139,Pedakakani,16.285,80.49,6.5,22.61,Rainy,27,Saturday,0,Village Road,Medium,26,58,60,1,9,25.0,17:01
962,B014,R012,S092,Namburu,16.36,80.52,1.52,16.63,Cloudy,36,Friday,0,Village Road,Low,28,6,60,1,1,5.3,17:02
963,B007,R007,S034,Mangalagiri,16.4303,80.5681,2.04,6.75,Cloudy,31,Thursday,0,Village Road,Medium,24,47,60,2,5,12.1,17:03
964,B014,R005,S177,Namburu,16.36,80.52,6.03,27.75,Rainy,24,Tuesday,1,Main Road,Low,31,29,60,3,5,19.7,17:04
965,B014,R008,S180,Guntur,16.3067,80.4365,1.58,24.51,Sunny,27,Wednesday,1,Highway,Low,46,33,60,1,0,3.1,17:05
966,B001,R007,S104,Tadikonda,16.405,80.643,2.04,27.14,Sunny,31,Thursday,1,Village Road,Medium,31,10,60,2,4,9.9,17:06
967,B019,R005,S014,Tulluru,16.52,80.58,6.11,22.12,Cloudy,38,Tuesday,0,Highway,High,49,56,60,4,9,20.5,17:07
968,B011,R018,S035,Tadikonda,16.405,80.643,4.68,7.19,Sunny,27,Monday,1,Main Road,Medium,32,36,60,3,4,15.8,17:08
969,B011,R015,S043,Tenali,16.239,80.645,1.86,15.13,Cloudy,30,Wednesday,0,Highway,Medium,52,7,60,1,5,8.1,17:09
970,B007,R016,S026,Guntur,16.3067,80.4365,3.12,25.85,Cloudy,36,Friday,1,Village Road,High,20,8,60,1,9,19.4,17:10
971,B009,R006,S022,Tulluru,16.52,80.58,3.53,6.98,Cloudy,39,Tuesday,1,Highway,High,49,23,60,3,9,16.3,17:11
972,B016,R002,S130,Namburu,16.36,80.52,6.74,15.41,Sunny,35,Thursday,0,Main Road,Medium,34,7,60,4,4,19.9,17:12
973,B013,R013,S145,Tulluru,16.52,80.58,3.29,13.53,Cloudy,25,Tuesday,1,Highway,Low,53,14,60,2,1,6.7,17:13
974,B018,R002,S161,Ponnur,16.065,80.551,3.44,28.09,Sunny,37,Monday,1,Main Road,Medium,41,18,60,1,4,10.0,17:14
975,B005,R003,S016,Tenali,16.239,80.645,6.36,29.72,Rainy,30,Monday,0,Main Road,High,41,60,60,2,13,24.3,17:15
976,B016,R008,S133,Prathipadu,16.48,80.32,5.3,13.06,Sunny,28,Thursday,0,Main Road,High,30,38,60,4,8,22.6,17:16
977,B014,R010,S041,Mangalagiri,16.4303,80.5681,1.82,13.82,Cloudy,22,Tuesday,1,Main Road,Medium,34,53,60,3,5,11.2,17:17
978,B010,R013,S041,Tadikonda,16.405,80.643,3.03,26.38,Rainy,33,Wednesday,1,Main Road,Low,36,60,60,4,5,14.1,17:18
979,B003,R016,S097,Guntur,16.3067,80.4365,4.71,10.32,Rainy,31,Thursday,1,Highway,Low,52,60,60,1,5,11.4,17:19
980,B011,R005,S120,Ponnur,16.065,80.551,3.45,20.13,Sunny,23,Saturday,1,Main Road,Medium,37,7,60,3,4,12.6,17:20
981,B017,R009,S151,Ponnur,16.065,80.551,2.27,8.75,Rainy,32,Saturday,0,Main Road,High,39,30,60,2,13,18.5,17:21
982,B018,R002,S156,Tenali,16.239,80.645,5.92,19.56,Rainy,28,Tuesday,0,Village Road,Medium,21,45,60,1,9,26.9,17:22
983,B003,R020,S195,Tenali,16.239,80.645,8.0,9.18,Sunny,38,Thursday,1,Main Road,Medium,42,29,60,1,4,16.4,17:23
984,B011,R014,S029,Mangalagiri,16.4303,80.5681,7.36,13.62,Rainy,39,Tuesday,0,Main Road,Low,30,20,60,1,5,20.7,17:24
985,B020,R007,S101,Prathipadu,16.48,80.32,6.73,24.61,Rainy,33,Friday,1,Main Road,High,38,13,60,1,13,24.6,17:25
986,B013,R017,S123,Guntur,16.3067,80.4365,5.4,22.65,Sunny,32,Monday,0,Highway,Low,47,53,60,2,0,8.9,17:26
987,B003,R009,S010,Prathipadu,16.48,80.32,1.86,9.06,Sunny,31,Tuesday,1,Highway,Low,50,52,60,1,0,3.2,17:27
988,B017,R004,S030,Guntur,16.3067,80.4365,4.35,16.21,Rainy,26,Thursday,0,Village Road,Medium,25,7,60,1,9,20.4,17:28
989,B013,R005,S176,Tenali,16.239,80.645,3.61,30.15,Rainy,36,Monday,1,Village Road,Low,29,52,60,1,5,13.5,17:29
990,B014,R019,S028,Tenali,16.239,80.645,7.26,17.93,Cloudy,37,Saturday,1,Highway,High,50,32,60,2,9,19.7,17:30
991,B018,R001,S136,Vaddeswaram,16.49,80.61,6.79,15.5,Sunny,36,Tuesday,1,Main Road,High,36,24,60,3,8,22.3,17:31
992,B012,R015,S177,Tenali,16.239,80.645,2.33,21.68,Sunny,22,Friday,0,Main Road,Medium,43,37,60,1,4,8.3,17:32
993,B019,R006,S104,Pedakakani,16.285,80.49,4.93,32.98,Sunny,40,Friday,1,Village Road,Medium,27,54,60,3,4,18.0,17:33
994,B003,R017,S076,Tulluru,16.52,80.58,5.42,28.2,Cloudy,26,Friday,1,Main Road,Medium,39,42,60,4,5,17.3,17:34
995,B006,R007,S028,Prathipadu,16.48,80.32,4.87,13.7,Rainy,27,Tuesday,1,Main Road,Medium,34,54,60,2,9,19.6,17:35
996,B005,R013,S164,Tadikonda,16.405,80.643,7.72,9.36,Sunny,25,Thursday,1,Village Road,Medium,35,6,60,4,4,21.2,17:36
997,B008,R017,S036,Namburu,16.36,80.52,7.59,29.32,Sunny,39,Monday,1,Highway,Medium,51,57,60,3,4,15.9,17:37
998,B013,R019,S196,Guntur,16.3067,80.4365,7.3,24.29,Sunny,33,Friday,0,Village Road,Medium,22,32,60,2,4,25.9,17:38
999,B014,R004,S173,Ponnur,16.065,80.551,3.73,5.91,Sunny,26,Tuesday,1,Highway,High,57,41,60,4,8,15.9,17:39
1000,B017,R009,S161,Pedakakani,16.285,80.49,6.4,18.36,Cloudy,23,Monday,0,Village Road,Low,24,35,60,3,1,20.0,08:40
1001,B003,R003,S172,Tenali,16.239,80.645,1.25,2.9,Rainy,28,Friday,1,Highway,High,58,57,60,2,13,16.3,08:41
1002,B011,R002,S117,Guntur,16.3067,80.4365,1.2,20.65,Cloudy,35,Tuesday,0,Highway,Low,47,60,60,1,1,3.5,08:42
1003,B015,R015,S154,Tulluru,16.52,80.58,6.06,12.68,Sunny,31,Thursday,0,Village Road,Low,19,8,60,4,0,23.1,08:43
1004,B016,R013,S013,Namburu,16.36,80.52,5.09,15.43,Sunny,27,Friday,0,Village Road,Medium,22,54,60,4,4,21.9,08:44
1005,B012,R006,S052,Ponnur,16.065,80.551,2.23,15.85,Sunny,33,Thursday,0,Highway,Low,53,34,60,3,0,5.5,08:45
1006,B001,R013,S029,Vaddeswaram,16.49,80.61,6.92,33.89,Sunny,29,Thursday,0,Village Road,Low,24,57,60,2,0,19.3,08:46
1007,B015,R003,S171,Vaddeswaram,16.49,80.61,4.37,21.57,Sunny,39,Wednesday,1,Village Road,Low,32,21,60,2,0,10.2,08:47
1008,B014,R009,S073,Tulluru,16.52,80.58,1.81,13.68,Foggy,23,Tuesday,1,Highway,Medium,50,18,60,1,8,11.2,08:48
1009,B006,R003,S004,Ponnur,16.065,80.551,1.58,5.83,Rainy,27,Saturday,0,Village Road,Medium,35,36,60,2,9,13.7,08:49
1010,B016,R020,S113,Tulluru,16.52,80.58,2.68,30.6,Cloudy,29,Thursday,0,Main Road,Medium,33,60,60,3,5,12.9,08:50
1011,B001,R016,S180,Vaddeswaram,16.49,80.61,5.71,15.26,Sunny,40,Friday,1,Main Road,Low,35,30,60,4,0,13.8,08:51
1012,B012,R001,S097,Mangalagiri,16.4303,80.5681,2.5,14.65,Sunny,39,Tuesday,0,Main Road,Medium,42,47,60,1,4,8.6,08:52
1013,B018,R015,S027,Tadikonda,16.405,80.643,1.42,13.22,Sunny,30,Thursday,0,Highway,High,56,51,60,3,8,12.5,08:53
1014,B018,R019,S137,Mangalagiri,16.4303,80.5681,3.16,15.1,Cloudy,30,Tuesday,1,Main Road,Medium,32,44,60,1,5,11.9,08:54
1015,B018,R014,S185,Tulluru,16.52,80.58,7.22,8.35,Sunny,30,Friday,1,Main Road,Low,35,46,60,2,0,14.4,08:55
1016,B015,R003,S092,Tadikonda,16.405,80.643,2.84,16.4,Sunny,27,Tuesday,1,Main Road,Medium,32,33,60,1,4,10.3,08:56
1017,B016,R020,S137,Prathipadu,16.48,80.32,2.78,26.19,Sunny,37,Thursday,0,Main Road,High,30,59,60,4,8,17.6,08:57
1018,B018,R011,S175,Tulluru,16.52,80.58,6.83,10.71,Sunny,38,Monday,1,Main Road,Medium,45,46,60,1,4,14.1,08:58
1019,B013,R020,S085,Tadikonda,16.405,80.643,5.81,32.3,Rainy,36,Friday,0,Main Road,Medium,41,6,60,4,9,21.5,08:59
1020,B007,R005,S091,Mangalagiri,16.4303,80.5681,2.73,8.21,Sunny,31,Tuesday,0,Highway,Medium,50,45,60,4,4,11.3,08:00
1021,B011,R013,S043,Tadikonda,16.405,80.643,7.04,12.88,Rainy,30,Monday,1,Main Road,High,42,16,60,1,13,24.1,08:01
1022,B008,R011,S136,Vaddeswaram,16.49,80.61,3.6,32.66,Rainy,33,Monday,0,Village Road,Low,28,60,60,2,5,14.7,08:02
1023,B001,R020,S083,Vaddeswaram,16.49,80.61,0.98,20.35,Foggy,37,Saturday,1,Highway,Medium,57,57,60,3,8,12.0,08:03
1024,B016,R020,S124,Ponnur,16.065,80.551,7.12,33.94,Sunny,27,Monday,0,Main Road,High,39,38,60,1,8,20.0,08:04
1025,B004,R011,S084,Pedakakani,16.285,80.49,6.84,13.15,Sunny,28,Monday,0,Main Road,Low,31,51,60,4,0,17.2,08:05
1026,B011,R002,S005,Tadikonda,16.405,80.643,6.04,34.56,Rainy,30,Tuesday,0,Main Road,Low,43,23,60,4,5,17.4,08:06
1027,B018,R002,S155,Mangalagiri,16.4303,80.5681,3.56,19.44,Cloudy,26,Thursday,0,Highway,High,56,22,60,4,9,16.8,08:07
1028,B014,R002,S084,Pedakakani,16.285,80.49,7.21,35.27,Rainy,40,Friday,1,Highway,Medium,56,55,60,4,9,20.7,08:08
1029,B018,R011,S188,Namburu,16.36,80.52,1.8,22.98,Foggy,40,Thursday,1,Main Road,Medium,39,55,60,3,8,13.8,08:09
1030,B011,R001,S035,Pedakakani,16.285,80.49,1.73,30.47,Foggy,22,Monday,0,Village Road,High,34,14,60,4,12,19.1,08:10
1031,B011,R011,S018,Ponnur,16.065,80.551,7.7,11.63,Rainy,28,Monday,1,Main Road,High,37,26,60,1,13,26.5,08:11
1032,B013,R019,S159,Namburu,16.36,80.52,6.11,26.57,Sunny,37,Tuesday,1,Highway,Low,51,59,60,4,0,11.2,08:12
1033,B012,R010,S054,Tenali,16.239,80.645,1.88,2.07,Cloudy,24,Friday,0,Main Road,Low,39,56,60,2,1,5.9,08:13
1034,B010,R020,S024,Tadikonda,16.405,80.643,6.82,10.61,Rainy,23,Thursday,0,Village Road,Medium,24,10,60,1,9,27.1,08:14
1035,B013,R017,S181,Vaddeswaram,16.49,80.61,2.27,18.85,Cloudy,24,Saturday,1,Main Road,Low,45,16,60,4,1,8.0,08:15
1036,B013,R005,S147,Tadikonda,16.405,80.643,2.67,31.87,Sunny,23,Wednesday,0,Village Road,Medium,28,44,60,2,4,11.7,08:16
1037,B004,R016,S045,Mangalagiri,16.4303,80.5681,2.54,5.61,Rainy,24,Thursday,0,Main Road,Low,42,17,60,4,5,12.6,08:17
1038,B014,R006,S026,Namburu,16.36,80.52,3.15,8.33,Cloudy,35,Wednesday,0,Village Road,Medium,18,45,60,2,5,17.5,08:18
1039,B011,R018,S079,Ponnur,16.065,80.551,3.14,14.05,Rainy,30,Thursday,0,Main Road,High,37,36,60,2,13,20.1,08:19
1040,B009,R019,S199,Namburu,16.36,80.52,6.62,15.32,Cloudy,37,Friday,0,Village Road,High,23,16,60,3,9,29.3,08:20
1041,B017,R016,S185,Namburu,16.36,80.52,4.91,18.11,Sunny,25,Tuesday,1,Main Road,Low,30,50,60,4,0,13.8,08:21
1042,B013,R002,S141,Pedakakani,16.285,80.49,1.0,21.26,Sunny,28,Tuesday,0,Highway,High,52,7,60,3,8,12.2,08:22
1043,B017,R012,S048,Ponnur,16.065,80.551,4.42,30.33,Cloudy,29,Saturday,1,Village Road,Medium,34,8,60,3,5,15.8,08:23
1044,B004,R015,S018,Guntur,16.3067,80.4365,7.44,26.8,Rainy,33,Tuesday,0,Main Road,High,39,60,60,3,13,27.4,08:24
1045,B001,R003,S078,Tulluru,16.52,80.58,5.43,10.45,Rainy,28,Thursday,1,Village Road,High,22,46,60,3,13,30.8,08:25
1046,B005,R013,S013,Vaddeswaram,16.49,80.61,7.94,10.42,Sunny,26,Saturday,0,Highway,Medium,51,12,60,1,4,14.3,08:26
1047,B004,R004,S098,Tenali,16.239,80.645,6.22,10.41,Rainy,34,Monday,0,Highway,Low,59,16,60,1,5,12.3,08:27
1048,B007,R020,S192,Guntur,16.3067,80.4365,6.01,25.86,Rainy,28,Monday,1,Highway,High,46,41,60,2,13,22.8,08:28
1049,B017,R004,S039,Tenali,16.239,80.645,0.9,6.27,Cloudy,31,Tuesday,0,Main Road,Medium,36,10,60,3,5,9.5,08:29
1050,B013,R005,S005,Ponnur,16.065,80.551,6.99,24.28,Sunny,40,Tuesday,1,Highway,Low,57,27,60,3,0,10.4,08:30
1051,B001,R004,S059,Prathipadu,16.48,80.32,5.95,23.02,Rainy,36,Monday,0,Village Road,Low,24,22,60,4,5,23.9,08:31
1052,B009,R003,S191,Tenali,16.239,80.645,3.44,12.65,Sunny,26,Monday,0,Main Road,High,40,35,60,1,8,14.2,08:32
1053,B015,R003,S111,Guntur,16.3067,80.4365,2.46,17.31,Cloudy,35,Friday,0,Main Road,Low,35,31,60,1,1,6.2,08:33
1054,B008,R010,S009,Tenali,16.239,80.645,3.1,31.69,Rainy,29,Monday,0,Highway,Low,54,6,60,1,5,9.4,08:34
1055,B019,R012,S096,Tulluru,16.52,80.58,3.45,30.24,Sunny,31,Thursday,0,Main Road,Low,45,20,60,4,0,8.6,08:35
1056,B017,R004,S010,Ponnur,16.065,80.551,4.12,4.2,Sunny,28,Monday,1,Main Road,Low,34,40,60,1,0,8.3,08:36
1057,B012,R015,S028,Tenali,16.239,80.645,4.32,17.03,Sunny,26,Friday,0,Highway,Low,57,60,60,1,0,5.5,08:37
1058,B008,R011,S021,Mangalagiri,16.4303,80.5681,2.21,3.48,Sunny,23,Wednesday,1,Village Road,Medium,20,38,60,4,4,14.6,08:38
1059,B018,R017,S174,Ponnur,16.065,80.551,1.62,7.52,Sunny,33,Thursday,1,Main Road,Low,42,50,60,3,0,5.3,08:39
1060,B020,R013,S041,Prathipadu,16.48,80.32,1.67,1.83,Cloudy,36,Wednesday,1,Main Road,Low,30,30,60,2,1,6.3,08:40
1061,B002,R009,S104,Prathipadu,16.48,80.32,4.58,29.5,Sunny,35,Thursday,0,Village Road,Medium,20,24,60,1,4,18.7,08:41
1062,B002,R001,S192,Pedakakani,16.285,80.49,1.16,18.82,Sunny,30,Friday,0,Main Road,Medium,32,39,60,3,4,9.2,08:42
1063,B009,R020,S156,Vaddeswaram,16.49,80.61,2.59,32.51,Rainy,38,Monday,1,Highway,Low,53,46,60,1,5,8.9,08:43
1064,B013,R020,S143,Tulluru,16.52,80.58,5.47,11.43,Cloudy,31,Monday,1,Village Road,Medium,25,29,60,4,5,22.1,08:44
1065,B014,R006,S054,Mangalagiri,16.4303,80.5681,4.29,21.42,Rainy,38,Saturday,1,Highway,Low,60,42,60,3,5,12.3,08:45
1066,B001,R007,S120,Tulluru,16.52,80.58,5.92,33.25,Sunny,23,Friday,1,Village Road,Low,20,57,60,2,0,19.8,08:46
1067,B004,R018,S022,Vaddeswaram,16.49,80.61,1.2,5.95,Sunny,29,Wednesday,1,Village Road,Medium,31,14,60,3,4,9.3,08:47
1068,B003,R018,S103,Mangalagiri,16.4303,80.5681,4.43,22.06,Cloudy,30,Wednesday,0,Highway,Low,59,15,60,1,1,6.5,08:48
1069,B001,R009,S139,Mangalagiri,16.4303,80.5681,7.8,19.01,Cloudy,23,Thursday,1,Main Road,High,37,25,60,1,9,22.6,08:49
1070,B006,R017,S128,Namburu,16.36,80.52,4.86,13.85,Rainy,40,Wednesday,0,Main Road,Medium,36,43,60,1,9,18.1,08:50
1071,B009,R002,S151,Prathipadu,16.48,80.32,4.97,34.94,Sunny,33,Tuesday,0,Main Road,High,44,21,60,1,8,15.8,08:51
1072,B010,R018,S143,Mangalagiri,16.4303,80.5681,3.88,18.71,Sunny,29,Wednesday,1,Village Road,Medium,29,27,60,4,4,16.0,08:52
1073,B020,R013,S099,Mangalagiri,16.4303,80.5681,2.91,4.27,Sunny,39,Tuesday,1,Village Road,Medium,23,44,60,3,4,14.6,08:53
1074,B006,R012,S149,Prathipadu,16.48,80.32,1.27,1.62,Sunny,29,Saturday,1,Highway,Medium,59,22,60,2,4,7.3,08:54
1075,B005,R009,S102,Vaddeswaram,16.49,80.61,4.65,20.63,Cloudy,37,Tuesday,1,Main Road,Medium,37,43,60,4,5,16.5,08:55
1076,B012,R020,S164,Tulluru,16.52,80.58,2.96,9.39,Cloudy,27,Tuesday,1,Highway,High,45,11,60,2,9,14.9,08:56
1077,B013,R011,S200,Tenali,16.239,80.645,2.14,9.6,Sunny,22,Tuesday,1,Main Road,High,30,22,60,1,8,13.3,08:57
1078,B001,R019,S107,Ponnur,16.065,80.551,3.89,23.4,Cloudy,34,Monday,1,Main Road,High,33,53,60,3,9,19.1,08:58
1079,B013,R015,S142,Namburu,16.36,80.52,5.08,22.28,Sunny,26,Monday,1,Village Road,Medium,26,10,60,1,4,16.7,08:59
1080,B020,R018,S159,Namburu,16.36,80.52,5.28,32.85,Rainy,29,Saturday,1,Main Road,Medium,37,49,60,4,9,21.6,08:00
1081,B002,R004,S032,Tulluru,16.52,80.58,5.76,31.76,Cloudy,26,Saturday,0,Main Road,Low,42,8,60,3,1,12.2,08:01
1082,B008,R020,S138,Namburu,16.36,80.52,3.33,5.44,Cloudy,39,Thursday,0,Village Road,Low,19,31,60,1,1,12.5,08:02
1083,B002,R001,S153,Pedakakani,16.285,80.49,4.97,14.8,Sunny,40,Wednesday,0,Main Road,Medium,33,24,60,1,4,14.0,08:03
1084,B014,R016,S106,Vaddeswaram,16.49,80.61,2.91,14.2,Rainy,23,Wednesday,1,Village Road,Low,19,21,60,4,5,18.2,08:04
1085,B019,R015,S079,Tadikonda,16.405,80.643,7.03,21.73,Cloudy,32,Tuesday,0,Highway,Medium,54,55,60,1,5,13.8,08:05
1086,B005,R006,S198,Vaddeswaram,16.49,80.61,2.55,26.02,Sunny,35,Wednesday,1,Village Road,Low,22,8,60,4,0,11.0,08:06
1087,B004,R006,S039,Mangalagiri,16.4303,80.5681,7.46,7.73,Sunny,31,Tuesday,1,Main Road,High,41,32,60,2,8,20.9,08:07
1088,B006,R009,S182,Namburu,16.36,80.52,1.77,11.25,Sunny,25,Monday,1,Main Road,Low,39,59,60,1,0,3.7,08:08
1089,B016,R016,S144,Vaddeswaram,16.49,80.61,0.84,27.97,Sunny,26,Tuesday,0,Village Road,Medium,19,16,60,4,4,10.7,08:09
1090,B006,R014,S020,Tulluru,16.52,80.58,7.5,15.7,Cloudy,26,Saturday,0,Main Road,Low,44,15,60,3,1,14.2,08:10
1091,B015,R018,S090,Guntur,16.3067,80.4365,3.26,16.16,Cloudy,27,Wednesday,1,Main Road,Medium,37,37,60,1,5,11.3,08:11
1092,B002,R002,S174,Tadikonda,16.405,80.643,3.13,10.73,Foggy,35,Wednesday,1,Main Road,Medium,37,46,60,3,8,16.1,08:12
1093,B005,R015,S074,Pedakakani,16.285,80.49,7.06,32.43,Sunny,39,Friday,1,Main Road,Low,40,48,60,2,0,12.6,08:13
1094,B016,R006,S008,Tulluru,16.52,80.58,7.29,19.23,Cloudy,28,Friday,1,Village Road,Low,32,48,60,2,1,16.7,08:14
1095,B008,R002,S066,Tadikonda,16.405,80.643,5.52,7.34,Cloudy,32,Saturday,0,Village Road,High,18,7,60,4,9,31.4,08:15
1096,B010,R001,S010,Prathipadu,16.48,80.32,4.42,8.76,Sunny,25,Friday,0,Main Road,Medium,40,50,60,2,4,12.6,08:16
1097,B009,R009,S110,Prathipadu,16.48,80.32,3.29,8.46,Rainy,23,Friday,0,Main Road,Low,32,57,60,3,5,14.2,08:17
1098,B008,R020,S032,Vaddeswaram,16.49,80.61,4.04,27.57,Cloudy,26,Friday,1,Village Road,Low,24,37,60,3,1,14.1,08:18
1099,B010,R011,S124,Vaddeswaram,16.49,80.61,4.5,9.15,Cloudy,40,Saturday,0,Main Road,High,43,58,60,1,9,16.3,08:19
1100,B009,R006,S069,Namburu,16.36,80.52,3.51,4.6,Cloudy,26,Tuesday,0,Highway,Low,59,42,60,4,1,8.6,09:20
1101,B013,R006,S146,Namburu,16.36,80.52,1.89,5.27,Cloudy,28,Tuesday,0,Highway,Medium,52,50,60,1,5,8.2,09:21
1102,B001,R003,S178,Tulluru,16.52,80.58,1.67,26.16,Sunny,38,Thursday,1,Main Road,Low,35,32,60,1,0,3.9,09:22
1103,B003,R010,S016,Prathipadu,16.48,80.32,1.68,18.11,Sunny,29,Friday,1,Highway,High,45,25,60,4,8,14.2,09:23
1104,B007,R011,S080,Tenali,16.239,80.645,2.79,26.28,Cloudy,35,Friday,1,Main Road,Medium,31,58,60,2,5,12.4,09:24
1105,B011,R019,S098,Mangalagiri,16.4303,80.5681,6.81,18.94,Sunny,36,Monday,1,Highway,Low,51,6,60,3,0,11.0,09:25
1106,B003,R003,S181,Guntur,16.3067,80.4365,1.46,1.85,Rainy,29,Wednesday,0,Main Road,Medium,43,56,60,3,9,14.0,09:26
1107,B014,R014,S141,Namburu,16.36,80.52,6.36,20.44,Sunny,28,Wednesday,0,Main Road,Medium,42,29,60,2,4,15.1,09:27
1108,B016,R017,S175,Vaddeswaram,16.49,80.61,5.17,28.72,Cloudy,37,Friday,0,Village Road,Medium,30,28,60,1,5,16.3,09:28
1109,B005,R001,S023,Guntur,16.3067,80.4365,4.07,6.4,Sunny,26,Thursday,1,Main Road,Medium,35,34,60,2,4,13.0,09:29
1110,B005,R003,S119,Vaddeswaram,16.49,80.61,2.98,5.34,Rainy,33,Wednesday,1,Main Road,High,42,12,60,3,13,20.3,09:30
1111,B009,R003,S156,Namburu,16.36,80.52,4.32,15.87,Sunny,40,Thursday,0,Main Road,Low,32,32,60,2,0,10.1,09:31
1112,B012,R009,S034,Ponnur,16.065,80.551,4.49,6.72,Cloudy,25,Friday,1,Highway,Low,49,48,60,3,1,9.5,09:32
1113,B016,R001,S182,Ponnur,16.065,80.551,6.41,10.2,Sunny,40,Monday,0,Main Road,High,40,9,60,3,8,20.6,09:33
1114,B006,R017,S042,Prathipadu,16.48,80.32,7.64,21.42,Sunny,39,Friday,1,Main Road,Low,43,51,60,4,0,14.7,09:34
1115,B015,R008,S024,Ponnur,16.065,80.551,5.49,32.86,Sunny,26,Thursday,0,Highway,Medium,47,29,60,3,4,14.0,09:35
1116,B003,R004,S148,Vaddeswaram,16.49,80.61,1.27,24.86,Cloudy,33,Monday,0,Village Road,High,33,59,60,1,9,12.3,09:36
1117,B015,R002,S146,Namburu,16.36,80.52,2.14,4.57,Cloudy,26,Tuesday,0,Village Road,High,28,7,60,2,9,15.6,09:37
1118,B017,R019,S080,Namburu,16.36,80.52,0.83,15.35,Rainy,39,Saturday,1,Highway,High,58,49,60,1,13,14.9,09:38
1119,B020,R009,S072,Ponnur,16.065,80.551,5.07,22.26,Sunny,37,Monday,1,Main Road,High,44,58,60,2,8,16.9,09:39
1120,B002,R009,S086,Mangalagiri,16.4303,80.5681,6.59,30.92,Rainy,23,Tuesday,1,Village Road,Low,24,54,60,1,5,22.5,09:40
1121,B015,R009,S135,Vaddeswaram,16.49,80.61,1.29,28.06,Rainy,29,Wednesday,0,Main Road,Low,37,31,60,3,5,10.1,09:41
1122,B010,R018,S129,Vaddeswaram,16.49,80.61,6.17,19.6,Sunny,28,Friday,1,Highway,Medium,53,16,60,3,4,14.0,09:42
1123,B009,R002,S101,Pedakakani,16.285,80.49,7.39,23.6,Sunny,33,Thursday,1,Village Road,Low,30,27,60,4,0,18.8,09:43
1124,B011,R004,S011,Mangalagiri,16.4303,80.5681,4.86,26.74,Sunny,37,Saturday,1,Main Road,Low,35,51,60,3,0,11.3,09:44
1125,B004,R020,S176,Guntur,16.3067,80.4365,7.65,37.55,Cloudy,22,Tuesday,1,Main Road,Medium,37,56,60,4,5,21.4,09:45
1126,B008,R011,S069,Ponnur,16.065,80.551,5.74,11.05,Sunny,24,Saturday,0,Village Road,Medium,19,5,60,3,4,25.1,09:46
1127,B006,R014,S195,Mangalagiri,16.4303,80.5681,6.45,33.45,Foggy,23,Monday,1,Main Road,Low,44,12,60,1,4,13.8,09:47
1128,B016,R004,S196,Pedakakani,16.285,80.49,3.97,30.69,Sunny,36,Saturday,0,Main Road,Low,41,59,60,1,0,6.8,09:48
1129,B001,R013,S074,Tadikonda,16.405,80.643,5.44,32.84,Rainy,28,Wednesday,0,Main Road,Medium,41,18,60,1,9,18.0,09:49
1130,B003,R003,S139,Tulluru,16.52,80.58,7.55,33.9,Cloudy,31,Saturday,0,Highway,Medium,53,19,60,3,5,16.5,09:50
1131,B002,R012,S100,Pedakakani,16.285,80.49,6.27,13.58,Cloudy,24,Monday,0,Village Road,Low,29,31,60,2,1,16.0,09:51
1132,B018,R013,S184,Namburu,16.36,80.52,4.91,33.2,Cloudy,36,Thursday,1,Main Road,High,30,7,60,1,9,19.8,09:52
1133,B008,R001,S001,Tenali,16.239,80.645,5.57,22.68,Cloudy,34,Thursday,1,Village Road,Low,24,29,60,3,1,17.9,09:53
1134,B011,R009,S034,Tadikonda,16.405,80.643,5.36,30.21,Sunny,34,Tuesday,1,Main Road,Low,36,11,60,4,0,12.9,09:54
1135,B010,R011,S025,Namburu,16.36,80.52,5.56,22.74,Sunny,24,Monday,0,Main Road,Medium,31,41,60,2,4,16.8,09:55
1136,B017,R009,S063,Guntur,16.3067,80.4365,2.56,21.68,Cloudy,22,Tuesday,0,Main Road,High,31,10,60,4,9,18.0,09:56
1137,B011,R019,S143,Prathipadu,16.48,80.32,2.83,23.18,Rainy,39,Thursday,1,Main Road,High,34,59,60,4,13,22.0,09:57
1138,B006,R001,S178,Tulluru,16.52,80.58,3.04,14.9,Rainy,26,Thursday,1,Village Road,Low,31,27,60,4,5,14.9,09:58
1139,B003,R012,S042,Vaddeswaram,16.49,80.61,7.21,28.06,Rainy,29,Saturday,0,Highway,Low,53,16,60,1,5,14.2,09:59
1140,B001,R012,S145,Tenali,16.239,80.645,1.29,28.5,Sunny,25,Thursday,0,Main Road,Medium,33,54,60,4,4,10.3,09:00
1141,B016,R006,S181,Mangalagiri,16.4303,80.5681,4.76,7.21,Sunny,25,Thursday,0,Main Road,Medium,41,50,60,4,4,15.0,09:01
1142,B020,R005,S131,Guntur,16.3067,80.4365,4.65,28.9,Sunny,40,Thursday,0,Village Road,Medium,33,56,60,4,4,16.5,09:02
1143,B002,R006,S142,Vaddeswaram,16.49,80.61,7.97,12.11,Sunny,28,Friday,1,Main Road,Medium,31,39,60,1,4,20.4,09:03
1144,B005,R017,S192,Tadikonda,16.405,80.643,1.23,3.89,Foggy,25,Monday,1,Main Road,Low,34,28,60,2,4,8.2,09:04
1145,B009,R005,S057,Tulluru,16.52,80.58,6.1,28.14,Cloudy,26,Tuesday,1,Main Road,Low,30,36,60,1,1,14.2,09:05
1146,B014,R011,S013,Pedakakani,16.285,80.49,3.49,9.31,Rainy,35,Wednesday,1,Village Road,High,25,17,60,1,13,22.4,09:06
1147,B020,R018,S058,Guntur,16.3067,80.4365,7.53,20.73,Sunny,26,Monday,0,Main Road,Medium,41,46,60,1,4,16.0,09:07
1148,B019,R017,S056,Tadikonda,16.405,80.643,4.18,15.52,Rainy,25,Monday,1,Village Road,Medium,20,20,60,2,9,23.5,09:08
1149,B014,R016,S004,Vaddeswaram,16.49,80.61,1.97,18.99,Sunny,38,Monday,1,Village Road,High,30,30,60,1,8,12.9,09:09
1150,B005,R003,S147,Vaddeswaram,16.49,80.61,7.67,33.98,Sunny,38,Thursday,1,Village Road,Low,32,28,60,4,0,18.4,09:10
1151,B020,R007,S184,Guntur,16.3067,80.4365,5.52,18.75,Foggy,29,Friday,1,Main Road,Medium,38,27,60,3,8,19.7,09:11
1152,B003,R010,S038,Guntur,16.3067,80.4365,2.17,27.57,Sunny,30,Tuesday,1,Main Road,Low,35,47,60,1,0,4.7,09:12
1153,B018,R016,S153,Tadikonda,16.405,80.643,5.65,8.69,Cloudy,25,Saturday,1,Village Road,Medium,26,14,60,1,5,19.0,09:13
1154,B015,R006,S094,Tenali,16.239,80.645,2.39,19.18,Rainy,23,Wednesday,0,Village Road,High,26,19,60,3,13,21.5,09:14
1155,B013,R001,S096,Tenali,16.239,80.645,1.36,22.55,Cloudy,30,Wednesday,1,Main Road,Low,31,54,60,4,1,7.6,09:15
1156,B011,R007,S093,Prathipadu,16.48,80.32,6.53,18.57,Cloudy,29,Thursday,1,Village Road,Medium,28,41,60,3,5,22.0,09:16
1157,B014,R007,S072,Namburu,16.36,80.52,7.5,25.34,Foggy,26,Monday,0,Village Road,Medium,30,26,60,1,8,24.0,09:17
1158,B011,R012,S148,Ponnur,16.065,80.551,4.46,28.9,Sunny,34,Thursday,1,Main Road,Low,40,59,60,2,0,8.7,09:18
1159,B009,R006,S099,Namburu,16.36,80.52,7.06,15.35,Rainy,25,Wednesday,0,Highway,Low,52,47,60,1,5,14.1,09:19
1160,B007,R002,S116,Ponnur,16.065,80.551,7.57,32.07,Sunny,40,Thursday,0,Main Road,Low,37,47,60,3,0,15.3,09:20
1161,B006,R005,S031,Namburu,16.36,80.52,5.45,27.38,Cloudy,24,Wednesday,1,Main Road,Medium,30,10,60,3,5,18.9,09:21
1162,B009,R009,S175,Vaddeswaram,16.49,80.61,6.67,26.41,Sunny,37,Monday,0,Main Road,Medium,36,36,60,4,4,19.1,09:22
1163,B015,R015,S034,Tenali,16.239,80.645,3.76,14.0,Sunny,40,Thursday,1,Main Road,Medium,30,48,60,4,4,15.5,09:23
1164,B005,R015,S138,Pedakakani,16.285,80.49,1.6,28.93,Sunny,24,Monday,1,Main Road,Medium,44,25,60,3,4,9.2,09:24
1165,B010,R006,S082,Vaddeswaram,16.49,80.61,7.43,21.95,Cloudy,36,Saturday,0,Main Road,Medium,31,12,60,1,5,20.4,09:25
1166,B016,R006,S009,Prathipadu,16.48,80.32,6.34,12.87,Rainy,28,Monday,0,Highway,Low,54,29,60,1,5,13.0,09:26
1167,B008,R012,S033,Tulluru,16.52,80.58,7.33,8.13,Cloudy,33,Friday,1,Main Road,Medium,42,57,60,4,5,19.5,09:27
1168,B017,R020,S156,Tenali,16.239,80.645,5.41,28.54,Cloudy,27,Monday,1,Village Road,Medium,22,28,60,2,5,21.8,09:28
1169,B016,R013,S024,Namburu,16.36,80.52,1.73,14.43,Sunny,23,Friday,1,Main Road,Low,41,7,60,1,0,3.5,09:29
1170,B016,R004,S040,Vaddeswaram,16.49,80.61,6.61,31.5,Sunny,34,Monday,1,Highway,Low,60,46,60,1,0,7.6,09:30
1171,B018,R009,S200,Vaddeswaram,16.49,80.61,5.6,30.85,Cloudy,34,Thursday,0,Main Road,Medium,32,25,60,3,5,18.5,09:31
1172,B006,R017,S005,Namburu,16.36,80.52,7.85,36.78,Foggy,25,Friday,1,Village Road,High,24,21,60,2,12,33.6,09:32
1173,B007,R012,S168,Tadikonda,16.405,80.643,6.09,16.7,Sunny,23,Thursday,0,Main Road,Low,35,58,60,3,0,13.4,09:33
1174,B008,R001,S125,Namburu,16.36,80.52,4.63,12.78,Sunny,32,Tuesday,1,Village Road,Medium,21,54,60,1,4,18.2,09:34
1175,B017,R010,S170,Mangalagiri,16.4303,80.5681,7.2,9.35,Sunny,34,Tuesday,1,Main Road,Medium,34,47,60,1,4,17.7,09:35
1176,B012,R003,S110,Pedakakani,16.285,80.49,1.12,10.67,Rainy,30,Monday,0,Main Road,Medium,38,41,60,1,9,11.8,09:36
1177,B018,R016,S092,Pedakakani,16.285,80.49,4.95,16.23,Cloudy,27,Monday,1,Main Road,High,30,56,60,4,9,22.9,09:37
1178,B004,R005,S187,Guntur,16.3067,80.4365,3.93,8.68,Cloudy,24,Tuesday,1,Village Road,Low,23,9,60,4,1,15.3,09:38
1179,B007,R003,S043,Tenali,16.239,80.645,4.63,24.05,Cloudy,35,Thursday,1,Main Road,Medium,42,19,60,4,5,15.6,09:39
1180,B018,R014,S091,Mangalagiri,16.4303,80.5681,5.49,25.74,Foggy,29,Saturday,0,Village Road,Low,32,45,60,4,4,18.3,09:40
1181,B017,R019,S164,Tulluru,16.52,80.58,5.14,24.04,Sunny,32,Tuesday,0,Village Road,Low,21,12,60,1,0,15.7,09:41
1182,B019,R015,S073,Tadikonda,16.405,80.643,6.86,30.1,Sunny,37,Monday,0,Highway,Medium,48,5,60,3,4,15.6,09:42
1183,B019,R015,S080,Tadikonda,16.405,80.643,3.03,22.99,Sunny,24,Thursday,0,Main Road,Medium,42,29,60,4,4,12.3,09:43
1184,B007,R002,S151,Pedakakani,16.285,80.49,1.04,13.24,Cloudy,34,Wednesday,1,Main Road,Low,38,44,60,4,1,6.6,09:44
1185,B008,R011,S053,Tadikonda,16.405,80.643,7.16,24.12,Cloudy,23,Saturday,1,Village Road,Low,21,42,60,4,1,25.5,09:45
1186,B010,R008,S021,Namburu,16.36,80.52,1.59,17.46,Cloudy,32,Friday,1,Village Road,Medium,29,38,60,4,5,12.3,09:46
1187,B009,R010,S191,Tulluru,16.52,80.58,7.44,19.86,Sunny,29,Wednesday,1,Village Road,Medium,29,55,60,3,4,22.4,09:47
1188,B009,R019,S116,Mangalagiri,16.4303,80.5681,4.9,23.0,Cloudy,31,Tuesday,1,Village Road,Low,30,31,60,3,1,13.8,09:48
1189,B007,R019,S172,Ponnur,16.065,80.551,1.14,10.99,Cloudy,39,Saturday,1,Highway,Medium,50,11,60,4,5,10.4,09:49
1190,B011,R010,S133,Tenali,16.239,80.645,1.24,6.44,Rainy,33,Tuesday,1,Highway,High,45,45,60,4,13,18.7,09:50
1191,B013,R003,S038,Prathipadu,16.48,80.32,1.07,1.37,Cloudy,29,Friday,0,Main Road,Low,34,57,60,3,1,5.9,09:51
1192,B012,R017,S181,Guntur,16.3067,80.4365,6.41,12.53,Sunny,34,Tuesday,1,Highway,High,56,42,60,4,8,18.9,09:52
1193,B003,R009,S181,Pedakakani,16.285,80.49,7.57,36.7,Cloudy,33,Friday,1,Main Road,Low,30,17,60,2,1,18.1,09:53
1194,B010,R006,S049,Ponnur,16.065,80.551,1.41,8.09,Sunny,35,Tuesday,0,Main Road,Medium,42,7,60,2,4,8.0,09:54
1195,B019,R014,S130,Tenali,16.239,80.645,2.71,8.95,Sunny,34,Friday,0,Highway,Low,59,7,60,4,0,6.8,09:55
1196,B016,R015,S074,Vaddeswaram,16.49,80.61,3.55,21.03,Rainy,24,Thursday,1,Village Road,Low,26,17,60,1,5,14.2,09:56
1197,B006,R018,S157,Guntur,16.3067,80.4365,2.44,26.26,Rainy,30,Thursday,1,Main Road,High,31,26,60,2,13,19.7,09:57
1198,B005,R001,S035,Tadikonda,16.405,80.643,2.25,17.86,Rainy,32,Thursday,0,Main Road,Low,35,18,60,1,5,9.9,09:58
1199,B014,R015,S094,Tenali,16.239,80.645,2.22,14.47,Cloudy,22,Thursday,1,Village Road,Medium,25,14,60,1,5,11.3,09:59
1200,B003,R006,S060,Namburu,16.36,80.52,7.27,8.97,Sunny,40,Friday,1,Main Road,Low,40,57,60,1,0,11.9,10:00
1201,B015,R003,S149,Namburu,16.36,80.52,5.96,34.48,Sunny,22,Monday,1,Highway,Low,45,50,60,3,0,10.9,10:01
1202,B018,R015,S187,Tadikonda,16.405,80.643,7.14,8.89,Cloudy,25,Thursday,1,Village Road,High,19,25,60,3,9,34.5,10:02
1203,B005,R016,S162,Ponnur,16.065,80.551,3.58,22.77,Rainy,26,Wednesday,0,Main Road,Low,38,16,60,4,5,14.7,10:03
1204,B008,R016,S064,Tadikonda,16.405,80.643,3.64,19.65,Rainy,28,Thursday,0,Main Road,Medium,40,55,60,2,9,16.5,10:04
1205,B018,R014,S191,Tadikonda,16.405,80.643,1.66,15.4,Sunny,23,Saturday,0,Highway,Medium,47,34,60,3,4,9.1,10:05
1206,B012,R006,S154,Guntur,16.3067,80.4365,6.55,34.53,Sunny,32,Saturday,0,Village Road,Medium,19,36,60,3,4,27.7,10:06
1207,B012,R010,S039,Mangalagiri,16.4303,80.5681,6.19,13.68,Sunny,26,Monday,1,Highway,Medium,49,16,60,1,4,12.6,10:07
1208,B007,R010,S076,Prathipadu,16.48,80.32,7.34,29.54,Cloudy,31,Thursday,0,Main Road,Low,42,24,60,2,1,13.5,10:08
1209,B017,R012,S019,Vaddeswaram,16.49,80.61,2.75,3.37,Rainy,32,Tuesday,1,Village Road,Low,18,36,60,4,5,18.2,10:09
1210,B014,R008,S069,Ponnur,16.065,80.551,5.37,11.65,Cloudy,27,Thursday,1,Main Road,High,42,35,60,3,9,19.7,10:10
1211,B020,R005,S008,Pedakakani,16.285,80.49,0.93,3.35,Cloudy,33,Friday,0,Village Road,Low,22,14,60,2,1,5.5,10:11
1212,B008,R014,S063,Tulluru,16.52,80.58,2.37,6.92,Rainy,36,Saturday,0,Main Road,Low,40,46,60,4,5,12.6,10:12
1213,B018,R011,S025,Prathipadu,16.48,80.32,3.91,6.19,Cloudy,28,Tuesday,0,Highway,Medium,54,19,60,1,5,10.3,10:13
1214,B003,R006,S039,Vaddeswaram,16.49,80.61,4.93,30.48,Rainy,25,Tuesday,0,Village Road,Low,26,28,60,1,5,17.4,10:14
1215,B010,R001,S027,Ponnur,16.065,80.551,1.91,14.97,Sunny,40,Monday,1,Main Road,Medium,41,21,60,4,4,10.8,10:15
1216,B006,R019,S129,Vaddeswaram,16.49,80.61,6.2,31.32,Sunny,37,Thursday,1,Main Road,Medium,39,20,60,4,4,17.5,10:16
1217,B005,R007,S076,Pedakakani,16.285,80.49,7.61,19.59,Cloudy,27,Monday,0,Main Road,Low,42,50,60,4,1,15.9,10:17
1218,B018,R007,S029,Prathipadu,16.48,80.32,2.12,11.29,Sunny,31,Saturday,1,Village Road,Low,24,37,60,3,0,8.3,10:18
1219,B019,R017,S025,Tulluru,16.52,80.58,7.01,20.41,Sunny,27,Friday,0,Village Road,High,33,12,60,3,8,23.7,10:19
1220,B001,R012,S051,Vaddeswaram,16.49,80.61,3.75,25.88,Cloudy,27,Friday,1,Highway,Medium,52,17,60,1,5,10.3,10:20
1221,B018,R001,S091,Vaddeswaram,16.49,80.61,5.35,15.15,Sunny,39,Saturday,0,Main Road,Low,30,31,60,2,0,12.7,10:21
1222,B008,R008,S046,Tulluru,16.52,80.58,3.67,24.6,Sunny,39,Tuesday,1,Highway,Low,46,48,60,4,0,8.8,10:22
1223,B006,R013,S117,Tenali,16.239,80.645,4.44,23.49,Foggy,25,Tuesday,1,Main Road,High,43,40,60,4,12,22.2,10:23
1224,B020,R005,S026,Ponnur,16.065,80.551,2.17,22.08,Sunny,39,Friday,0,Village Road,Medium,20,27,60,2,4,12.5,10:24
1225,B016,R013,S025,Tadikonda,16.405,80.643,5.9,28.83,Sunny,23,Thursday,1,Main Road,High,45,57,60,4,8,19.9,10:25
1226,B004,R015,S129,Tulluru,16.52,80.58,6.35,24.99,Sunny,25,Wednesday,1,Highway,Medium,48,42,60,4,4,15.9,10:26
1227,B013,R013,S095,Vaddeswaram,16.49,80.61,2.08,22.35,Rainy,34,Friday,1,Main Road,High,41,53,60,2,13,18.0,10:27
1228,B011,R011,S058,Tadikonda,16.405,80.643,3.13,9.25,Cloudy,30,Saturday,1,Main Road,Medium,33,45,60,2,5,12.7,10:28
1229,B019,R010,S017,Guntur,16.3067,80.4365,4.0,22.82,Cloudy,36,Friday,1,Village Road,Low,18,36,60,4,1,18.3,10:29
1230,B009,R003,S131,Guntur,16.3067,80.4365,2.64,13.2,Cloudy,28,Friday,1,Main Road,Medium,39,12,60,4,5,13.1,10:30
1231,B013,R010,S199,Prathipadu,16.48,80.32,7.59,17.89,Cloudy,40,Friday,0,Main Road,Low,44,21,60,1,1,12.3,10:31
1232,B013,R005,S118,Ponnur,16.065,80.551,3.15,8.28,Foggy,23,Thursday,1,Main Road,High,42,23,60,2,12,18.5,10:32
1233,B001,R018,S139,Vaddeswaram,16.49,80.61,2.09,18.13,Cloudy,40,Friday,0,Main Road,Low,30,60,60,2,1,7.2,10:33
1234,B008,R001,S039,Guntur,16.3067,80.4365,2.69,28.33,Cloudy,36,Wednesday,0,Main Road,High,37,8,60,4,9,17.4,10:34
1235,B001,R012,S100,Guntur,16.3067,80.4365,1.53,28.19,Sunny,31,Monday,1,Main Road,Medium,42,54,60,2,4,8.2,10:35
1236,B004,R017,S121,Tulluru,16.52,80.58,4.03,5.58,Rainy,27,Thursday,0,Highway,Medium,59,6,60,1,9,14.1,10:36
1237,B009,R005,S154,Mangalagiri,16.4303,80.5681,7.2,10.89,Rainy,23,Thursday,1,Main Road,Low,43,22,60,3,5,18.0,10:37
1238,B011,R012,S157,Pedakakani,16.285,80.49,2.97,4.13,Rainy,35,Thursday,0,Village Road,Low,23,25,60,1,5,13.7,10:38
1239,B015,R001,S067,Prathipadu,16.48,80.32,5.18,15.13,Cloudy,37,Wednesday,1,Village Road,Low,21,29,60,3,1,18.8,10:39
1240,B018,R008,S081,Ponnur,16.065,80.551,5.13,14.92,Rainy,22,Thursday,0,Main Road,Low,41,13,60,2,5,14.5,10:40
1241,B013,R005,S169,Ponnur,16.065,80.551,2.0,26.87,Sunny,27,Monday,0,Main Road,High,36,50,60,2,8,13.3,10:41
1242,B020,R012,S143,Namburu,16.36,80.52,1.93,25.1,Cloudy,32,Saturday,1,Main Road,Medium,44,40,60,2,5,9.6,10:42
1243,B016,R012,S158,Pedakakani,16.285,80.49,1.81,27.59,Sunny,24,Thursday,0,Highway,Low,54,8,60,3,0,5.0,10:43
1244,B012,R007,S092,Pedakakani,16.285,80.49,5.11,12.86,Sunny,26,Wednesday,1,Village Road,Medium,27,60,60,2,4,17.4,10:44
1245,B007,R009,S075,Vaddeswaram,16.49,80.61,1.66,19.08,Foggy,28,Monday,1,Village Road,Medium,32,19,60,4,8,15.1,10:45
1246,B008,R017,S154,Namburu,16.36,80.52,1.7,8.23,Rainy,27,Thursday,0,Main Road,Low,37,37,60,2,5,9.8,10:46
1247,B006,R011,S176,Namburu,16.36,80.52,6.52,20.92,Sunny,24,Wednesday,0,Main Road,Medium,32,12,60,4,4,20.2,10:47
1248,B004,R017,S145,Namburu,16.36,80.52,7.47,29.34,Rainy,25,Wednesday,1,Main Road,Medium,40,48,60,1,9,21.2,10:48
1249,B019,R003,S080,Namburu,16.36,80.52,1.43,15.81,Rainy,29,Tuesday,1,Highway,Medium,53,13,60,4,9,14.6,10:49
1250,B002,R004,S013,Tulluru,16.52,80.58,2.69,29.87,Cloudy,39,Friday,1,Main Road,Low,42,35,60,1,1,5.8,10:50
1251,B010,R006,S167,Tenali,16.239,80.645,1.49,4.04,Cloudy,31,Thursday,1,Main Road,Medium,40,52,60,3,5,10.2,10:51
1252,B011,R019,S090,Vaddeswaram,16.49,80.61,3.95,20.78,Rainy,38,Tuesday,0,Village Road,High,29,58,60,4,13,25.2,10:52
1253,B005,R010,S136,Tulluru,16.52,80.58,6.17,20.05,Cloudy,39,Tuesday,1,Highway,Medium,49,10,60,1,5,13.6,10:53
1254,B014,R016,S195,Namburu,16.36,80.52,7.46,31.79,Rainy,27,Friday,1,Highway,Medium,55,38,60,2,9,19.1,10:54
1255,B019,R008,S157,Mangalagiri,16.4303,80.5681,4.6,14.85,Cloudy,37,Friday,0,Highway,Medium,51,22,60,1,5,11.4,10:55
1256,B014,R019,S054,Pedakakani,16.285,80.49,4.01,21.32,Sunny,29,Wednesday,0,Main Road,Low,35,45,60,4,0,10.9,10:56
1257,B004,R004,S148,Pedakakani,16.285,80.49,6.34,26.41,Cloudy,29,Friday,0,Village Road,Low,18,5,60,1,1,23.1,10:57
1258,B002,R019,S016,Tenali,16.239,80.645,1.77,27.75,Sunny,38,Wednesday,0,Village Road,Low,27,59,60,4,0,7.9,10:58
1259,B003,R011,S179,Vaddeswaram,16.49,80.61,1.24,5.31,Sunny,38,Thursday,0,Village Road,Low,28,29,60,4,0,6.7,10:59
1260,B012,R008,S159,Prathipadu,16.48,80.32,5.77,21.06,Cloudy,23,Saturday,0,Highway,Medium,59,45,60,2,5,12.9,10:00
1261,B013,R013,S062,Pedakakani,16.285,80.49,5.36,14.12,Sunny,40,Thursday,0,Main Road,Medium,32,27,60,3,4,17.1,10:01
1262,B017,R008,S121,Pedakakani,16.285,80.49,2.89,14.68,Sunny,37,Tuesday,1,Village Road,Medium,30,6,60,2,4,11.8,10:02
1263,B009,R009,S018,Tadikonda,16.405,80.643,0.83,28.25,Cloudy,35,Monday,0,Main Road,Low,42,11,60,4,1,6.2,10:03
1264,B002,R012,S032,Tulluru,16.52,80.58,3.21,29.38,Sunny,23,Tuesday,0,Village Road,Medium,24,13,60,3,4,15.0,10:04
1265,B009,R009,S174,Namburu,16.36,80.52,4.3,10.56,Rainy,30,Thursday,0,Village Road,Low,22,38,60,1,5,17.7,10:05
1266,B020,R001,S146,Tulluru,16.52,80.58,4.94,22.19,Sunny,27,Tuesday,1,Main Road,Low,36,44,60,3,0,11.2,10:06
1267,B005,R016,S032,Vaddeswaram,16.49,80.61,1.61,22.82,Rainy,36,Wednesday,0,Main Road,High,40,6,60,4,13,19.4,10:07
1268,B007,R010,S054,Prathipadu,16.48,80.32,6.84,31.46,Rainy,40,Friday,0,Village Road,Medium,30,37,60,1,9,23.7,10:08
1269,B015,R001,S065,Namburu,16.36,80.52,7.72,14.39,Sunny,25,Tuesday,0,Main Road,Low,44,43,60,4,0,14.5,10:09
1270,B013,R005,S090,Guntur,16.3067,80.4365,4.49,23.6,Sunny,30,Tuesday,0,Main Road,Medium,41,21,60,2,4,12.6,10:10
1271,B009,R009,S017,Mangalagiri,16.4303,80.5681,5.2,26.92,Sunny,22,Monday,1,Main Road,Low,37,49,60,1,0,9.4,10:11
1272,B002,R020,S124,Tulluru,16.52,80.58,1.95,13.09,Rainy,31,Monday,0,Village Road,Medium,24,14,60,1,9,14.9,10:12
1273,B007,R006,S046,Ponnur,16.065,80.551,4.22,26.55,Rainy,33,Monday,1,Main Road,High,30,58,60,4,13,25.4,10:13
1274,B004,R004,S137,Ponnur,16.065,80.551,2.71,29.41,Sunny,23,Monday,0,Village Road,Medium,18,24,60,4,4,17.0,10:14
1275,B002,R005,S200,Prathipadu,16.48,80.32,1.16,1.52,Sunny,23,Monday,1,Main Road,Medium,42,54,60,2,4,7.7,10:15
1276,B011,R015,S122,Tenali,16.239,80.645,4.91,10.81,Cloudy,32,Monday,0,Main Road,High,34,11,60,1,9,18.7,10:16
1277,B015,R006,S042,Namburu,16.36,80.52,6.55,13.04,Sunny,24,Monday,0,Main Road,Medium,30,39,60,1,4,18.1,10:17
1278,B009,R014,S029,Prathipadu,16.48,80.32,4.37,9.94,Rainy,37,Monday,0,Main Road,Low,32,40,60,3,5,16.2,10:18
1279,B010,R010,S034,Mangalagiri,16.4303,80.5681,3.01,15.22,Sunny,27,Wednesday,0,Main Road,High,44,10,60,2,8,14.1,10:19
1280,B019,R009,S079,Prathipadu,16.48,80.32,7.36,15.46,Foggy,36,Thursday,0,Highway,Low,55,29,60,1,4,13.0,10:20
1281,B020,R010,S185,Tulluru,16.52,80.58,3.07,9.81,Sunny,39,Monday,0,Highway,Low,50,22,60,4,0,7.7,10:21
1282,B018,R019,S024,Pedakakani,16.285,80.49,3.55,7.49,Cloudy,27,Thursday,1,Village Road,Low,21,53,60,3,1,14.1,10:22
1283,B005,R007,S119,Ponnur,16.065,80.551,4.8,28.53,Cloudy,34,Monday,0,Village Road,High,33,37,60,4,9,21.7,10:23
1284,B019,R004,S147,Vaddeswaram,16.49,80.61,4.48,11.4,Cloudy,23,Thursday,1,Main Road,High,38,44,60,1,9,17.1,10:24
1285,B013,R020,S187,Tulluru,16.52,80.58,1.16,18.3,Cloudy,26,Tuesday,1,Highway,Medium,58,19,60,2,5,8.2,10:25
1286,B011,R009,S111,Ponnur,16.065,80.551,7.6,8.77,Sunny,27,Tuesday,0,Main Road,Low,38,15,60,4,0,16.0,10:26
1287,B001,R002,S006,Mangalagiri,16.4303,80.5681,7.04,17.82,Rainy,22,Friday,1,Village Road,Low,22,20,60,2,5,26.2,10:27
1288,B004,R009,S031,Ponnur,16.065,80.551,5.07,23.44,Cloudy,34,Monday,0,Village Road,Low,25,42,60,1,1,14.2,10:28
1289,B020,R002,S100,Mangalagiri,16.4303,80.5681,5.74,11.79,Rainy,22,Friday,1,Main Road,Medium,37,24,60,4,9,22.3,10:29
1290,B008,R008,S112,Vaddeswaram,16.49,80.61,8.0,19.66,Sunny,25,Monday,0,Village Road,Low,33,33,60,3,0,17.5,10:30
1291,B019,R010,S039,Mangalagiri,16.4303,80.5681,5.57,22.23,Sunny,22,Tuesday,1,Village Road,Low,20,56,60,2,0,18.7,10:31
1292,B010,R019,S181,Guntur,16.3067,80.4365,2.8,15.13,Sunny,30,Thursday,1,Highway,Medium,51,33,60,3,4,10.3,10:32
1293,B017,R005,S036,Tadikonda,16.405,80.643,1.79,28.23,Rainy,29,Friday,1,Village Road,Medium,35,43,60,1,9,13.1,10:33
1294,B005,R015,S059,Ponnur,16.065,80.551,1.04,11.44,Sunny,33,Saturday,0,Village Road,High,22,31,60,3,8,13.8,10:34
1295,B018,R011,S028,Ponnur,16.065,80.551,0.93,9.77,Sunny,39,Monday,1,Highway,Low,52,9,60,2,0,3.1,10:35
1296,B015,R020,S045,Tadikonda,16.405,80.643,2.87,28.86,Rainy,29,Monday,1,Village Road,Low,18,32,60,1,5,15.6,10:36
1297,B007,R005,S146,Prathipadu,16.48,80.32,2.54,6.84,Sunny,35,Monday,1,Highway,Low,47,10,60,2,0,5.2,10:37
1298,B010,R013,S186,Tadikonda,16.405,80.643,4.38,17.26,Sunny,23,Wednesday,0,Highway,Medium,53,14,60,3,4,12.0,10:38
1299,B012,R016,S185,Namburu,16.36,80.52,6.74,7.49,Sunny,28,Saturday,1,Main Road,Medium,39,36,60,1,4,15.4,10:39
1300,B005,R015,S172,Tadikonda,16.405,80.643,4.34,16.63,Rainy,27,Thursday,1,Main Road,Low,43,5,60,1,5,12.1,11:40
1301,B003,R020,S114,Vaddeswaram,16.49,80.61,7.51,31.01,Rainy,35,Friday,1,Main Road,High,42,37,60,3,13,26.7,11:41
1302,B001,R002,S106,Ponnur,16.065,80.551,6.78,26.65,Cloudy,25,Friday,1,Village Road,Medium,32,37,60,3,5,20.7,11:42
1303,B014,R013,S141,Tulluru,16.52,80.58,2.49,28.41,Sunny,26,Monday,0,Main Road,High,34,10,60,3,8,15.4,11:43
1304,B009,R010,S165,Pedakakani,16.285,80.49,1.98,9.68,Sunny,24,Monday,0,Village Road,Medium,29,47,60,4,4,12.1,11:44
1305,B008,R011,S174,Tulluru,16.52,80.58,1.86,9.33,Sunny,40,Wednesday,0,Main Road,High,32,51,60,3,8,14.5,11:45
1306,B004,R004,S012,Mangalagiri,16.4303,80.5681,0.97,13.12,Rainy,27,Monday,0,Main Road,Low,43,57,60,3,5,9.4,11:46
1307,B001,R008,S128,Pedakakani,16.285,80.49,2.58,3.46,Sunny,26,Monday,1,Main Road,Medium,32,8,60,4,4,12.8,11:47
1308,B003,R003,S071,Guntur,16.3067,80.4365,5.08,21.6,Cloudy,23,Monday,0,Main Road,Medium,36,24,60,1,5,14.5,11:48
1309,B002,R004,S162,Namburu,16.36,80.52,6.18,23.87,Cloudy,34,Tuesday,1,Village Road,Medium,33,48,60,4,5,20.2,11:49
1310,B012,R001,S161,Tulluru,16.52,80.58,4.99,13.54,Sunny,25,Monday,0,Village Road,High,21,33,60,3,8,25.3,11:50
1311,B017,R001,S121,Pedakakani,16.285,80.49,4.2,9.19,Rainy,26,Thursday,0,Main Road,Medium,33,50,60,4,9,20.6,11:51
1312,B005,R007,S174,Tenali,16.239,80.645,1.0,21.71,Cloudy,40,Saturday,1,Main Road,Low,33,21,60,2,1,4.8,11:52
1313,B001,R006,S074,Namburu,16.36,80.52,3.24,10.04,Sunny,39,Monday,1,Main Road,Medium,36,55,60,1,4,10.4,11:53
1314,B007,R013,S048,Pedakakani,16.285,80.49,5.49,25.56,Rainy,27,Monday,1,Main Road,Low,30,42,60,2,5,18.0,11:54
1315,B015,R012,S017,Guntur,16.3067,80.4365,3.34,17.02,Sunny,35,Friday,0,Village Road,Low,35,20,60,4,0,9.7,11:55
1316,B013,R003,S002,Tulluru,16.52,80.58,3.12,25.19,Rainy,37,Monday,0,Village Road,High,20,17,60,2,13,24.4,11:56
1317,B019,R005,S074,Pedakakani,16.285,80.49,6.91,27.99,Cloudy,39,Wednesday,0,Highway,Medium,53,19,60,2,5,14.8,11:57
1318,B003,R013,S122,Guntur,16.3067,80.4365,6.66,16.15,Sunny,33,Saturday,1,Highway,Low,48,49,60,3,0,11.3,11:58
1319,B009,R016,S108,Ponnur,16.065,80.551,2.48,18.98,Sunny,30,Tuesday,1,Main Road,Low,37,37,60,1,0,5.0,11:59
1320,B005,R018,S198,Tulluru,16.52,80.58,2.58,12.69,Rainy,24,Thursday,1,Village Road,Medium,33,26,60,1,9,14.7,11:00
1321,B020,R015,S042,Mangalagiri,16.4303,80.5681,1.51,12.38,Rainy,29,Saturday,1,Highway,Low,56,6,60,1,5,7.6,11:01
1322,B003,R015,S027,Tadikonda,16.405,80.643,6.36,19.05,Sunny,22,Thursday,0,Main Road,Medium,43,8,60,3,4,15.9,11:02
1323,B002,R007,S026,Vaddeswaram,16.49,80.61,6.23,20.65,Rainy,37,Wednesday,1,Main Road,High,42,19,60,4,13,25.9,11:03
1324,B006,R013,S013,Vaddeswaram,16.49,80.61,6.71,31.93,Sunny,27,Friday,0,Highway,Medium,50,26,60,4,4,16.1,11:04
1325,B015,R014,S110,Ponnur,16.065,80.551,7.23,12.81,Sunny,30,Tuesday,0,Village Road,Medium,22,33,60,1,4,24.7,11:05
1326,B016,R014,S178,Prathipadu,16.48,80.32,6.99,28.18,Sunny,26,Wednesday,0,Main Road,High,45,18,60,4,8,21.3,11:06
1327,B019,R008,S046,Vaddeswaram,16.49,80.61,7.25,28.07,Cloudy,23,Saturday,1,Main Road,Medium,31,54,60,4,5,23.0,11:07
1328,B016,R007,S148,Pedakakani,16.285,80.49,6.48,27.1,Cloudy,35,Saturday,0,Village Road,High,29,25,60,2,9,24.4,11:08
1329,B016,R017,S153,Tulluru,16.52,80.58,3.06,23.51,Sunny,36,Thursday,1,Village Road,Medium,18,27,60,1,4,15.2,11:09
1330,B013,R005,S117,Ponnur,16.065,80.551,6.78,22.59,Sunny,28,Tuesday,0,Highway,Low,47,50,60,2,0,10.7,11:10
1331,B014,R020,S031,Tadikonda,16.405,80.643,1.57,3.82,Sunny,37,Monday,1,Highway,Medium,49,15,60,4,4,9.9,11:11
1332,B012,R006,S027,Guntur,16.3067,80.4365,2.88,27.99,Cloudy,35,Friday,0,Village Road,Medium,21,18,60,1,5,14.2,11:12
1333,B004,R009,S048,Tulluru,16.52,80.58,7.27,29.68,Foggy,34,Wednesday,1,Village Road,High,18,58,60,1,12,37.2,11:13
1334,B013,R007,S115,Mangalagiri,16.4303,80.5681,4.14,30.75,Sunny,23,Wednesday,0,Highway,Low,45,7,60,1,0,6.5,11:14
1335,B004,R015,S041,Ponnur,16.065,80.551,6.81,12.32,Sunny,40,Wednesday,1,Main Road,High,35,32,60,2,8,21.7,11:15
1336,B020,R020,S141,Tenali,16.239,80.645,6.14,28.83,Sunny,32,Monday,0,Village Road,Low,19,52,60,3,0,22.4,11:16
1337,B008,R012,S167,Tulluru,16.52,80.58,2.1,27.94,Cloudy,23,Wednesday,1,Main Road,Low,35,8,60,4,1,8.6,11:17
1338,B012,R007,S151,Tadikonda,16.405,80.643,5.45,30.17,Sunny,37,Wednesday,1,Village Road,Medium,30,6,60,3,4,17.9,11:18
1339,B006,R002,S140,Namburu,16.36,80.52,3.81,18.66,Sunny,22,Saturday,0,Village Road,Low,18,41,60,1,0,13.7,11:19
1340,B020,R002,S072,Tadikonda,16.405,80.643,7.31,30.61,Rainy,30,Friday,0,Main Road,High,35,42,60,2,13,27.5,11:20
1341,B002,R005,S096,Tenali,16.239,80.645,2.58,7.78,Sunny,32,Wednesday,0,Highway,High,50,12,60,1,8,12.1,11:21
1342,B019,R017,S142,Tulluru,16.52,80.58,3.17,24.71,Sunny,39,Wednesday,0,Village Road,High,27,44,60,4,8,19.0,11:22
1343,B001,R018,S007,Tenali,16.239,80.645,2.92,10.31,Cloudy,33,Friday,0,Village Road,High,23,12,60,2,9,18.6,11:23
1344,B011,R020,S154,Tadikonda,16.405,80.643,1.96,19.35,Sunny,26,Monday,0,Village Road,Medium,20,14,60,4,4,13.9,11:24
1345,B013,R006,S153,Tenali,16.239,80.645,4.26,13.53,Sunny,30,Saturday,0,Village Road,Low,20,41,60,1,0,13.8,11:25
1346,B008,R013,S033,Tenali,16.239,80.645,2.1,15.49,Sunny,35,Wednesday,1,Village Road,Medium,22,25,60,3,4,12.7,11:26
1347,B004,R015,S197,Tadikonda,16.405,80.643,1.54,28.71,Rainy,29,Monday,0,Main Road,Medium,38,41,60,4,9,15.4,11:27
1348,B011,R012,S003,Tulluru,16.52,80.58,2.75,8.48,Sunny,32,Monday,1,Highway,Medium,53,18,60,2,4,9.1,11:28
1349,B005,R009,S120,Tadikonda,16.405,80.643,5.6,7.08,Sunny,26,Wednesday,1,Highway,High,48,60,60,4,8,19.0,11:29
1350,B019,R006,S189,Tadikonda,16.405,80.643,5.32,25.58,Cloudy,22,Wednesday,1,Highway,Medium,47,36,60,1,5,12.8,11:30
1351,B012,R004,S092,Guntur,16.3067,80.4365,7.14,29.87,Foggy,23,Tuesday,1,Main Road,Medium,36,34,60,4,8,23.9,11:31
1352,B018,R006,S199,Vaddeswaram,16.49,80.61,7.16,17.17,Rainy,32,Saturday,1,Main Road,Medium,38,50,60,2,9,22.3,11:32
1353,B010,R007,S200,Namburu,16.36,80.52,2.72,17.19,Rainy,32,Saturday,1,Highway,Medium,50,10,60,3,9,15.3,11:33
1354,B006,R010,S115,Tulluru,16.52,80.58,7.06,7.32,Sunny,27,Friday,1,Main Road,Low,35,17,60,4,0,16.1,11:34
1355,B010,R019,S147,Tulluru,16.52,80.58,6.93,12.02,Rainy,27,Friday,0,Village Road,Low,20,55,60,1,5,26.8,11:35
1356,B011,R002,S149,Guntur,16.3067,80.4365,6.79,20.09,Sunny,33,Thursday,0,Main Road,Low,42,16,60,3,0,12.7,11:36
1357,B008,R012,S196,Mangalagiri,16.4303,80.5681,5.96,24.4,Rainy,28,Friday,0,Main Road,Low,31,13,60,2,5,18.5,11:37
1358,B001,R017,S037,Tadikonda,16.405,80.643,7.64,14.31,Cloudy,36,Thursday,0,Main Road,High,32,25,60,4,9,27.3,11:38
1359,B001,R001,S147,Prathipadu,16.48,80.32,4.21,17.29,Sunny,32,Tuesday,1,Main Road,Low,43,16,60,3,0,8.9,11:39
1360,B014,R004,S004,Tenali,16.239,80.645,5.55,31.27,Sunny,30,Wednesday,0,Main Road,Medium,44,32,60,2,4,13.6,11:40
1361,B015,R006,S119,Ponnur,16.065,80.551,3.31,30.31,Rainy,37,Saturday,1,Highway,Low,51,38,60,2,5,10.9,11:41
1362,B009,R014,S018,Pedakakani,16.285,80.49,6.98,13.23,Sunny,37,Wednesday,1,Main Road,Low,31,11,60,1,0,14.5,11:42
1363,B006,R010,S144,Vaddeswaram,16.49,80.61,5.26,22.2,Cloudy,29,Thursday,1,Main Road,Low,32,22,60,1,1,11.9,11:43
1364,B019,R009,S115,Ponnur,16.065,80.551,2.73,15.58,Sunny,40,Monday,0,Highway,Low,60,27,60,4,0,6.7,11:44
1365,B006,R007,S133,Ponnur,16.065,80.551,6.86,10.96,Sunny,35,Saturday,1,Village Road,Medium,30,9,60,4,4,21.7,11:45
1366,B006,R003,S101,Guntur,16.3067,80.4365,4.41,14.53,Sunny,30,Tuesday,1,Village Road,High,25,54,60,3,8,21.6,11:46
1367,B004,R010,S057,Tulluru,16.52,80.58,4.64,12.5,Sunny,36,Friday,1,Main Road,Medium,37,22,60,4,4,15.5,11:47
1368,B009,R014,S120,Tenali,16.239,80.645,4.7,18.24,Rainy,26,Saturday,1,Main Road,Medium,42,53,60,4,9,19.7,11:48
1369,B002,R005,S116,Tenali,16.239,80.645,7.15,9.76,Cloudy,37,Saturday,0,Main Road,Low,41,41,60,1,1,12.5,11:49
1370,B008,R012,S106,Mangalagiri,16.4303,80.5681,5.82,25.31,Sunny,35,Monday,1,Highway,High,54,7,60,3,8,17.5,11:50
1371,B007,R001,S104,Tenali,16.239,80.645,5.06,12.43,Sunny,37,Saturday,0,Village Road,Low,31,40,60,4,0,13.8,11:51
1372,B020,R001,S198,Tadikonda,16.405,80.643,7.19,21.45,Sunny,38,Thursday,1,Highway,Medium,50,26,60,1,4,13.6,11:52
1373,B017,R020,S129,Tenali,16.239,80.645,4.19,10.35,Sunny,37,Thursday,0,Main Road,Medium,31,52,60,2,4,14.1,11:53
1374,B018,R014,S196,Pedakakani,16.285,80.49,4.91,9.08,Sunny,24,Friday,1,Village Road,Low,27,48,60,3,0,13.9,11:54
1375,B016,R007,S149,Namburu,16.36,80.52,6.84,29.72,Sunny,40,Tuesday,0,Highway,Medium,57,48,60,1,4,12.2,11:55
1376,B008,R015,S024,Tulluru,16.52,80.58,4.85,17.41,Rainy,36,Saturday,0,Village Road,Low,21,39,60,2,5,20.9,11:56
1377,B003,R008,S084,Prathipadu,16.48,80.32,3.72,12.48,Cloudy,31,Saturday,0,Village Road,Low,23,12,60,2,1,12.7,11:57
1378,B007,R001,S095,Ponnur,16.065,80.551,7.96,25.92,Sunny,30,Friday,0,Main Road,Low,44,22,60,4,0,14.9,11:58
1379,B015,R018,S029,Tenali,16.239,80.645,5.82,29.3,Rainy,35,Thursday,0,Main Road,Medium,37,29,60,1,9,19.4,11:59
1380,B004,R013,S167,Prathipadu,16.48,80.32,3.27,22.63,Rainy,30,Friday,0,Village Road,Medium,21,59,60,1,9,19.3,11:00
1381,B014,R010,S011,Vaddeswaram,16.49,80.61,6.38,9.81,Cloudy,36,Monday,0,Highway,Low,45,6,60,2,1,11.5,11:01
1382,B010,R010,S135,Vaddeswaram,16.49,80.61,1.95,6.46,Rainy,32,Monday,0,Main Road,Low,32,34,60,2,5,10.7,11:02
1383,B020,R013,S029,Tadikonda,16.405,80.643,5.35,8.01,Sunny,27,Thursday,1,Main Road,Medium,35,30,60,1,4,14.2,11:03
1384,B014,R007,S173,Tadikonda,16.405,80.643,2.53,6.13,Rainy,30,Wednesday,1,Highway,Low,46,18,60,2,5,10.3,11:04
1385,B003,R006,S003,Pedakakani,16.285,80.49,3.2,18.86,Sunny,31,Saturday,0,Village Road,High,26,24,60,1,8,16.4,11:05
1386,B015,R012,S064,Tadikonda,16.405,80.643,5.1,22.67,Sunny,22,Tuesday,1,Main Road,High,36,41,60,2,8,18.5,11:06
1387,B013,R011,S035,Namburu,16.36,80.52,5.47,18.94,Rainy,31,Monday,1,Main Road,Low,37,27,60,2,5,15.9,11:07
1388,B001,R008,S103,Tenali,16.239,80.645,6.23,27.23,Rainy,30,Friday,0,Main Road,High,38,12,60,3,13,25.8,11:08
1389,B005,R008,S110,Pedakakani,16.285,80.49,4.53,12.82,Sunny,23,Thursday,1,Village Road,Medium,25,56,60,2,4,16.9,11:09
1390,B005,R002,S066,Namburu,16.36,80.52,1.73,19.17,Sunny,27,Friday,1,Main Road,Medium,39,16,60,2,4,8.7,11:10
1391,B006,R007,S089,Tadikonda,16.405,80.643,3.8,5.98,Rainy,34,Friday,0,Village Road,Medium,30,42,60,4,9,20.6,11:11
1392,B016,R015,S157,Tulluru,16.52,80.58,6.21,28.25,Sunny,27,Wednesday,1,Village Road,High,28,5,60,4,8,25.3,11:12
1393,B004,R011,S052,Ponnur,16.065,80.551,4.57,30.58,Cloudy,38,Saturday,0,Highway,Low,53,53,60,2,1,8.2,11:13
1394,B013,R005,S158,Tulluru,16.52,80.58,1.01,27.91,Sunny,24,Wednesday,0,Highway,Low,49,59,60,4,0,5.2,11:14
1395,B018,R016,S034,Guntur,16.3067,80.4365,1.65,7.77,Sunny,23,Friday,1,Village Road,High,27,46,60,2,8,13.7,11:15
1396,B011,R020,S182,Pedakakani,16.285,80.49,6.14,26.15,Sunny,26,Monday,0,Village Road,Medium,23,19,60,1,4,21.0,11:16
1397,B005,R019,S199,Pedakakani,16.285,80.49,3.88,32.15,Rainy,39,Monday,1,Village Road,Low,31,30,60,4,5,16.5,11:17
1398,B014,R004,S135,Vaddeswaram,16.49,80.61,5.54,12.92,Sunny,35,Friday,1,Highway,High,45,35,60,4,8,19.4,11:18
1399,B011,R008,S019,Tadikonda,16.405,80.643,2.58,30.76,Sunny,28,Thursday,1,Village Road,Medium,27,59,60,2,4,11.7,11:19
1400,B002,R008,S108,Prathipadu,16.48,80.32,4.37,23.64,Foggy,24,Friday,0,Highway,Low,46,7,60,3,4,12.7,12:20
1401,B010,R010,S071,Tadikonda,16.405,80.643,4.29,10.59,Sunny,36,Wednesday,0,Main Road,Low,36,54,60,2,0,9.2,12:21
1402,B016,R014,S083,Ponnur,16.065,80.551,3.8,7.66,Foggy,24,Friday,0,Main Road,Low,44,55,60,1,4,10.2,12:22
1403,B003,R009,S091,Namburu,16.36,80.52,5.8,34.63,Cloudy,34,Tuesday,1,Main Road,Low,32,7,60,3,1,14.9,12:23
1404,B015,R009,S070,Tulluru,16.52,80.58,3.29,25.55,Rainy,34,Saturday,1,Village Road,Medium,29,20,60,3,9,18.8,12:24
1405,B010,R011,S080,Tulluru,16.52,80.58,6.71,6.79,Cloudy,25,Friday,1,Main Road,Low,31,6,60,1,1,15.0,12:25
1406,B002,R008,S132,Tenali,16.239,80.645,6.59,7.31,Sunny,33,Friday,1,Main Road,Low,35,48,60,2,0,13.3,12:26
1407,B003,R013,S073,Ponnur,16.065,80.551,4.69,9.24,Cloudy,35,Saturday,0,Main Road,Low,44,60,60,3,1,10.4,12:27
1408,B001,R017,S130,Tenali,16.239,80.645,2.24,30.22,Sunny,23,Thursday,1,Village Road,Medium,22,7,60,3,4,13.1,12:28
1409,B018,R010,S057,Vaddeswaram,16.49,80.61,1.1,21.48,Cloudy,24,Monday,0,Village Road,Low,23,48,60,1,1,4.9,12:29
1410,B013,R008,S048,Tadikonda,16.405,80.643,3.21,11.48,Sunny,25,Monday,1,Village Road,Low,21,7,60,2,0,11.2,12:30
1411,B009,R012,S183,Ponnur,16.065,80.551,3.06,21.08,Sunny,30,Wednesday,1,Village Road,Medium,18,51,60,4,4,18.2,12:31
1412,B008,R019,S070,Guntur,16.3067,80.4365,4.0,5.91,Sunny,35,Thursday,1,Village Road,Low,20,31,60,3,0,15.0,12:32
1413,B005,R013,S019,Tadikonda,16.405,80.643,5.86,23.15,Sunny,39,Wednesday,0,Village Road,High,28,13,60,1,8,21.6,12:33
1414,B013,R008,S011,Pedakakani,16.285,80.49,7.33,22.84,Rainy,34,Thursday,0,Main Road,Low,30,32,60,1,5,20.7,12:34
1415,B019,R002,S152,Guntur,16.3067,80.4365,2.72,2.96,Sunny,25,Tuesday,0,Main Road,Medium,32,56,60,2,4,11.1,12:35
1416,B012,R019,S120,Tenali,16.239,80.645,0.97,8.84,Sunny,33,Tuesday,0,Main Road,Low,41,41,60,4,0,5.4,12:36
1417,B010,R011,S066,Tadikonda,16.405,80.643,3.9,7.89,Sunny,30,Saturday,0,Village Road,High,35,7,60,4,8,18.7,12:37
1418,B018,R020,S100,Pedakakani,16.285,80.49,2.42,5.14,Cloudy,33,Saturday,1,Main Road,Medium,39,38,60,1,5,9.7,12:38
1419,B005,R004,S127,Tenali,16.239,80.645,7.86,12.57,Rainy,37,Monday,1,Main Road,Low,40,49,60,3,5,19.8,12:39
1420,B001,R010,S115,Prathipadu,16.48,80.32,6.64,31.85,Sunny,26,Thursday,1,Main Road,Low,43,6,60,4,0,13.3,12:40
1421,B015,R008,S174,Tadikonda,16.405,80.643,3.43,5.56,Cloudy,24,Thursday,1,Highway,High,47,56,60,1,9,14.4,12:41
1422,B007,R008,S152,Mangalagiri,16.4303,80.5681,3.97,5.83,Sunny,32,Wednesday,1,Main Road,Low,41,41,60,1,0,6.8,12:42
1423,B019,R002,S082,Ponnur,16.065,80.551,2.34,22.74,Rainy,36,Monday,0,Highway,Low,57,53,60,4,5,11.5,12:43
1424,B018,R008,S050,Vaddeswaram,16.49,80.61,6.9,19.04,Sunny,32,Saturday,1,Main Road,Low,43,21,60,1,0,10.6,12:44
1425,B016,R003,S139,Vaddeswaram,16.49,80.61,1.15,6.72,Cloudy,30,Tuesday,0,Main Road,Low,41,56,60,4,1,6.7,12:45
1426,B007,R005,S054,Mangalagiri,16.4303,80.5681,3.91,11.17,Rainy,40,Thursday,1,Main Road,Low,30,21,60,4,5,16.8,12:46
1427,B013,R020,S152,Guntur,16.3067,80.4365,6.29,30.75,Rainy,27,Wednesday,0,Highway,High,49,33,60,4,13,24.7,12:47
1428,B001,R019,S025,Namburu,16.36,80.52,7.05,26.6,Sunny,30,Saturday,0,Village Road,Low,35,9,60,2,0,14.1,12:48
1429,B020,R019,S135,Prathipadu,16.48,80.32,2.81,6.96,Sunny,26,Friday,0,Main Road,High,35,56,60,1,8,13.8,12:49
1430,B011,R014,S146,Namburu,16.36,80.52,6.87,27.57,Sunny,24,Tuesday,0,Main Road,Low,32,12,60,4,0,16.9,12:50
1431,B005,R016,S116,Guntur,16.3067,80.4365,2.34,6.98,Sunny,36,Thursday,0,Highway,Medium,57,18,60,2,4,8.5,12:51
1432,B007,R018,S093,Mangalagiri,16.4303,80.5681,7.49,29.39,Rainy,23,Tuesday,1,Main Road,Low,42,56,60,1,5,16.7,12:52
1433,B016,R010,S187,Guntur,16.3067,80.4365,6.53,10.59,Cloudy,23,Tuesday,1,Main Road,Low,35,22,60,1,1,13.2,12:53
1434,B014,R006,S004,Guntur,16.3067,80.4365,4.45,17.29,Sunny,23,Tuesday,1,Main Road,Medium,45,17,60,1,4,10.9,12:54
1435,B020,R016,S166,Vaddeswaram,16.49,80.61,7.61,29.48,Sunny,40,Tuesday,0,Main Road,Low,42,38,60,3,0,13.9,12:55
1436,B011,R001,S073,Tenali,16.239,80.645,2.66,30.08,Sunny,28,Tuesday,1,Village Road,Medium,20,54,60,3,4,15.0,12:56
1437,B018,R019,S181,Prathipadu,16.48,80.32,7.82,15.54,Sunny,39,Saturday,0,Main Road,Low,34,47,60,2,0,15.8,12:57
1438,B006,R005,S050,Mangalagiri,16.4303,80.5681,2.61,2.73,Cloudy,40,Friday,1,Main Road,Low,40,36,60,4,1,8.9,12:58
1439,B005,R007,S116,Ponnur,16.065,80.551,5.95,28.35,Sunny,38,Saturday,1,Highway,Medium,50,8,60,2,4,13.1,12:59
1440,B019,R012,S103,Pedakakani,16.285,80.49,4.56,16.09,Cloudy,31,Thursday,1,Main Road,Low,32,30,60,3,1,12.5,12:00
1441,B001,R020,S114,Guntur,16.3067,80.4365,5.29,22.31,Sunny,26,Tuesday,1,Village Road,Medium,32,56,60,2,4,15.9,12:01
1442,B011,R015,S176,Mangalagiri,16.4303,80.5681,1.4,13.42,Sunny,38,Thursday,1,Highway,Low,46,26,60,3,0,4.8,12:02
1443,B009,R016,S111,Namburu,16.36,80.52,6.21,16.96,Sunny,30,Monday,0,Main Road,Medium,40,8,60,2,4,15.3,12:03
1444,B012,R009,S084,Prathipadu,16.48,80.32,6.96,15.7,Sunny,25,Tuesday,0,Main Road,Low,43,21,60,4,0,13.7,12:04
1445,B001,R017,S199,Ponnur,16.065,80.551,1.83,27.27,Cloudy,29,Wednesday,1,Main Road,Low,39,60,60,4,1,7.8,12:05
1446,B005,R007,S132,Guntur,16.3067,80.4365,3.74,5.11,Rainy,35,Monday,0,Village Road,Medium,25,7,60,3,9,21.0,12:06
1447,B003,R020,S122,Pedakakani,16.285,80.49,6.18,12.56,Sunny,37,Friday,1,Village Road,Medium,26,13,60,4,4,22.3,12:07
1448,B002,R015,S053,Ponnur,16.065,80.551,2.31,13.99,Sunny,33,Thursday,1,Main Road,Low,38,24,60,3,0,6.6,12:08
1449,B019,R018,S012,Vaddeswaram,16.49,80.61,5.41,34.01,Cloudy,26,Saturday,1,Village Road,Medium,33,5,60,3,5,17.8,12:09
1450,B012,R017,S154,Tadikonda,16.405,80.643,5.48,29.74,Sunny,26,Wednesday,1,Village Road,Low,22,44,60,1,0,15.9,12:10
1451,B018,R014,S118,Guntur,16.3067,80.4365,2.44,19.35,Sunny,33,Friday,1,Main Road,Medium,34,12,60,3,4,11.3,12:11
1452,B020,R011,S165,Ponnur,16.065,80.551,6.0,12.04,Rainy,38,Thursday,1,Highway,Medium,58,11,60,2,9,17.2,12:12
1453,B020,R009,S043,Tulluru,16.52,80.58,7.79,20.67,Sunny,36,Thursday,1,Main Road,Medium,37,23,60,4,4,20.6,12:13
1454,B012,R003,S136,Vaddeswaram,16.49,80.61,3.56,9.01,Cloudy,24,Thursday,0,Main Road,Medium,36,23,60,1,5,11.9,12:14
1455,B008,R005,S118,Tadikonda,16.405,80.643,3.78,20.24,Rainy,26,Tuesday,1,Village Road,High,27,12,60,2,13,23.4,12:15
1456,B011,R009,S183,Namburu,16.36,80.52,2.44,22.82,Sunny,39,Saturday,1,Main Road,Medium,34,8,60,4,4,12.3,12:16
1457,B011,R007,S152,Vaddeswaram,16.49,80.61,5.86,7.98,Sunny,38,Monday,0,Main Road,Medium,44,58,60,3,4,15.0,12:17
1458,B012,R017,S156,Namburu,16.36,80.52,5.0,14.61,Cloudy,34,Tuesday,1,Village Road,Medium,29,57,60,3,5,18.3,12:18
1459,B013,R003,S039,Vaddeswaram,16.49,80.61,2.28,2.97,Sunny,29,Friday,1,Main Road,Low,44,48,60,4,0,7.1,12:19
1460,B004,R017,S197,Mangalagiri,16.4303,80.5681,4.74,28.96,Rainy,26,Monday,1,Highway,Low,45,5,60,4,5,15.3,12:20
1461,B013,R018,S156,Prathipadu,16.48,80.32,4.07,8.03,Sunny,29,Tuesday,1,Main Road,Medium,33,50,60,2,4,13.4,12:21
1462,B015,R017,S158,Vaddeswaram,16.49,80.61,7.43,14.71,Sunny,35,Friday,0,Main Road,Low,39,17,60,3,0,14.4,12:22
1463,B004,R011,S085,Pedakakani,16.285,80.49,3.98,26.17,Rainy,32,Saturday,0,Main Road,Medium,30,48,60,2,9,19.0,12:23
1464,B017,R009,S182,Pedakakani,16.285,80.49,5.43,21.17,Cloudy,30,Wednesday,0,Main Road,Medium,41,24,60,2,5,14.9,12:24
1465,B005,R008,S166,Pedakakani,16.285,80.49,3.04,12.3,Sunny,32,Monday,0,Village Road,Medium,20,30,60,1,4,14.1,12:25
1466,B015,R020,S115,Vaddeswaram,16.49,80.61,6.7,29.99,Cloudy,39,Monday,0,Village Road,Medium,30,19,60,4,5,22.4,12:26
1467,B001,R008,S198,Ponnur,16.065,80.551,4.49,12.39,Cloudy,35,Saturday,1,Village Road,High,31,24,60,3,9,20.7,12:27
1468,B012,R019,S128,Guntur,16.3067,80.4365,4.25,27.0,Sunny,33,Thursday,0,Highway,Medium,51,43,60,1,4,10.0,12:28
1469,B019,R003,S085,Tadikonda,16.405,80.643,3.63,20.42,Cloudy,39,Wednesday,1,Main Road,Medium,33,46,60,2,5,13.6,12:29
1470,B009,R018,S064,Tadikonda,16.405,80.643,2.96,14.24,Sunny,40,Thursday,1,Village Road,High,23,6,60,3,8,18.7,12:30
1471,B019,R012,S140,Namburu,16.36,80.52,6.9,28.17,Cloudy,31,Saturday,0,Village Road,Low,30,45,60,3,1,17.8,12:31
1472,B017,R004,S104,Namburu,16.36,80.52,3.98,14.08,Rainy,40,Friday,0,Main Road,High,43,46,60,1,13,19.6,12:32
1473,B018,R007,S178,Ponnur,16.065,80.551,6.83,26.86,Rainy,37,Thursday,1,Village Road,Low,27,6,60,3,5,23.2,12:33
1474,B005,R014,S163,Tadikonda,16.405,80.643,5.58,35.49,Rainy,33,Saturday,0,Main Road,High,42,41,60,1,13,22.0,12:34
1475,B014,R014,S112,Tulluru,16.52,80.58,7.21,19.68,Sunny,24,Monday,0,Main Road,Medium,33,25,60,4,4,21.1,12:35
1476,B009,R020,S151,Prathipadu,16.48,80.32,1.77,27.24,Cloudy,39,Monday,0,Village Road,Low,19,18,60,2,1,8.6,12:36
1477,B011,R005,S163,Namburu,16.36,80.52,3.38,25.59,Rainy,31,Wednesday,1,Village Road,Low,33,12,60,1,5,12.1,12:37
1478,B014,R010,S036,Ponnur,16.065,80.551,6.39,16.9,Rainy,34,Monday,0,Main Road,Medium,36,40,60,3,9,22.6,12:38
1479,B020,R011,S092,Prathipadu,16.48,80.32,1.28,18.82,Cloudy,40,Tuesday,0,Main Road,Medium,42,36,60,4,5,10.8,12:39
1480,B001,R006,S191,Namburu,16.36,80.52,5.18,5.97,Foggy,32,Wednesday,0,Main Road,High,32,51,60,3,12,24.7,12:40
1481,B019,R001,S077,Tenali,16.239,80.645,7.1,19.08,Cloudy,37,Tuesday,0,Village Road,Low,26,9,60,2,1,19.4,12:41
1482,B003,R004,S067,Ponnur,16.065,80.551,3.49,17.96,Sunny,40,Thursday,1,Village Road,Medium,20,42,60,3,4,17.5,12:42
1483,B014,R004,S132,Pedakakani,16.285,80.49,0.9,10.57,Sunny,28,Monday,1,Main Road,Low,30,37,60,4,0,5.8,12:43
1484,B008,R014,S124,Guntur,16.3067,80.4365,3.05,20.52,Rainy,39,Thursday,0,Highway,Low,60,45,60,3,5,11.1,12:44
1485,B014,R010,S033,Mangalagiri,16.4303,80.5681,1.36,15.04,Cloudy,32,Thursday,0,Village Road,Low,35,31,60,3,1,6.3,12:45
1486,B012,R009,S046,Vaddeswaram,16.49,80.61,6.72,26.42,Rainy,28,Monday,1,Main Road,Low,34,7,60,1,5,17.9,12:46
1487,B011,R005,S044,Guntur,16.3067,80.4365,3.91,13.97,Rainy,31,Saturday,0,Highway,Medium,46,11,60,1,9,15.1,12:47
1488,B001,R004,S103,Ponnur,16.065,80.551,4.26,7.35,Sunny,35,Tuesday,0,Village Road,Low,31,59,60,2,0,10.2,12:48
1489,B006,R006,S013,Vaddeswaram,16.49,80.61,1.07,30.81,Foggy,33,Thursday,0,Highway,Low,49,46,60,2,4,7.3,12:49
1490,B007,R008,S165,Guntur,16.3067,80.4365,6.26,13.94,Sunny,27,Wednesday,0,Highway,Low,46,38,60,1,0,9.2,12:50
1491,B011,R005,S056,Prathipadu,16.48,80.32,2.55,20.48,Rainy,31,Tuesday,1,Village Road,Low,23,24,60,3,5,14.7,12:51
1492,B019,R012,S064,Ponnur,16.065,80.551,2.7,18.06,Sunny,35,Thursday,1,Main Road,Medium,30,45,60,1,4,10.4,12:52
1493,B013,R013,S095,Tenali,16.239,80.645,6.78,17.47,Sunny,32,Friday,0,Main Road,High,35,22,60,2,8,21.6,12:53
1494,B014,R010,S027,Namburu,16.36,80.52,6.47,32.64,Cloudy,30,Thursday,1,Village Road,Medium,29,19,60,4,5,22.4,12:54
1495,B014,R011,S171,Tenali,16.239,80.645,7.12,30.44,Rainy,29,Wednesday,0,Main Road,High,35,40,60,4,13,29.2,12:55
1496,B016,R019,S039,Tulluru,16.52,80.58,7.2,29.64,Sunny,31,Monday,1,Main Road,Low,34,35,60,4,0,16.7,12:56
1497,B014,R018,S085,Mangalagiri,16.4303,80.5681,6.16,22.57,Sunny,38,Saturday,1,Highway,Low,59,20,60,3,0,9.3,12:57
1498,B014,R004,S091,Tulluru,16.52,80.58,1.86,18.83,Sunny,29,Saturday,0,Highway,Medium,48,11,60,1,4,7.3,12:58
1499,B002,R016,S177,Prathipadu,16.48,80.32,1.01,1.7,Sunny,27,Monday,0,Village Road,High,20,22,60,4,8,15.0,12:59
1500,B004,R010,S102,Vaddeswaram,16.49,80.61,7.25,18.85,Sunny,28,Friday,1,Main Road,Low,30,55,60,2,0,16.5,13:00
1501,B012,R013,S053,Namburu,16.36,80.52,6.19,35.93,Sunny,28,Friday,0,Main Road,Medium,38,34,60,3,4,16.8,13:01
1502,B006,R014,S180,Tadikonda,16.405,80.643,3.65,20.83,Cloudy,34,Saturday,1,Village Road,Medium,24,41,60,1,5,15.1,13:02
1503,B002,R004,S100,Namburu,16.36,80.52,3.76,30.43,Sunny,25,Tuesday,1,Highway,Low,58,55,60,1,0,4.9,13:03
1504,B009,R009,S056,Tulluru,16.52,80.58,6.07,7.09,Sunny,37,Saturday,1,Highway,Medium,57,58,60,2,4,12.4,13:04
1505,B003,R002,S019,Namburu,16.36,80.52,6.52,14.96,Cloudy,35,Thursday,0,Main Road,High,38,7,60,3,9,22.3,13:05
1506,B001,R002,S080,Mangalagiri,16.4303,80.5681,0.88,9.37,Cloudy,27,Monday,0,Village Road,Medium,30,38,60,1,5,7.8,13:06
1507,B008,R010,S037,Vaddeswaram,16.49,80.61,3.71,20.04,Foggy,25,Tuesday,1,Village Road,Low,21,37,60,1,4,15.6,13:07
1508,B016,R019,S026,Pedakakani,16.285,80.49,2.31,8.23,Cloudy,28,Friday,1,Main Road,Medium,34,8,60,1,5,10.1,13:08
1509,B019,R010,S005,Mangalagiri,16.4303,80.5681,6.49,9.97,Rainy,26,Wednesday,1,Main Road,High,33,47,60,1,13,25.8,13:09
1510,B005,R016,S179,Guntur,16.3067,80.4365,1.66,26.87,Cloudy,24,Friday,0,Highway,Medium,47,32,60,3,5,10.1,13:10
1511,B002,R016,S078,Namburu,16.36,80.52,2.92,15.78,Sunny,25,Saturday,1,Village Road,Medium,30,12,60,1,4,10.8,13:11
1512,B011,R007,S085,Tulluru,16.52,80.58,1.66,10.18,Cloudy,23,Thursday,1,Village Road,Low,22,47,60,1,1,6.5,13:12
1513,B003,R001,S036,Tadikonda,16.405,80.643,3.23,33.18,Cloudy,33,Wednesday,1,Main Road,Low,38,51,60,3,1,9.1,13:13
1514,B002,R001,S095,Mangalagiri,16.4303,80.5681,4.59,31.88,Cloudy,25,Friday,1,Village Road,Medium,34,32,60,2,5,15.1,13:14
1515,B015,R003,S117,Namburu,16.36,80.52,3.42,18.57,Rainy,26,Thursday,1,Main Road,High,36,13,60,2,13,20.7,13:15
1516,B004,R008,S002,Pedakakani,16.285,80.49,7.09,21.38,Sunny,34,Friday,1,Main Road,Medium,38,60,60,3,4,18.2,13:16
1517,B009,R004,S125,Tadikonda,16.405,80.643,0.82,19.97,Sunny,26,Friday,0,Main Road,High,33,5,60,1,8,10.5,13:17
1518,B006,R006,S143,Namburu,16.36,80.52,3.33,27.11,Sunny,26,Wednesday,0,Main Road,Low,33,39,60,2,0,8.1,13:18
1519,B002,R018,S069,Ponnur,16.065,80.551,8.0,25.73,Sunny,36,Friday,0,Main Road,Low,36,19,60,1,0,14.3,13:19
1520,B011,R015,S038,Pedakakani,16.285,80.49,3.3,4.19,Rainy,27,Saturday,0,Village Road,High,25,57,60,2,13,22.9,13:20
1521,B020,R015,S135,Guntur,16.3067,80.4365,5.4,33.48,Sunny,29,Monday,0,Village Road,Low,21,39,60,1,0,16.4,13:21
1522,B003,R020,S086,Guntur,16.3067,80.4365,5.28,32.58,Sunny,26,Friday,0,Village Road,Medium,21,46,60,3,4,22.1,13:22
1523,B001,R013,S057,Ponnur,16.065,80.551,6.08,24.94,Sunny,33,Thursday,0,Main Road,Medium,44,48,60,2,4,14.3,13:23
1524,B008,R013,S153,Tenali,16.239,80.645,2.4,22.22,Cloudy,40,Monday,1,Main Road,Medium,34,57,60,3,5,12.2,13:24
1525,B006,R019,S189,Pedakakani,16.285,80.49,5.06,14.24,Cloudy,22,Thursday,1,Main Road,Medium,45,41,60,3,5,14.7,13:25
1526,B013,R011,S108,Guntur,16.3067,80.4365,5.18,21.48,Sunny,36,Tuesday,0,Main Road,Low,34,33,60,1,0,10.1,13:26
1527,B010,R019,S142,Ponnur,16.065,80.551,3.09,16.41,Sunny,23,Tuesday,1,Main Road,Low,32,19,60,1,0,6.8,13:27
1528,B010,R015,S199,Guntur,16.3067,80.4365,5.23,10.05,Sunny,37,Tuesday,1,Main Road,Medium,45,56,60,3,4,14.0,13:28
1529,B009,R003,S117,Guntur,16.3067,80.4365,7.29,12.51,Sunny,26,Wednesday,0,Main Road,Low,37,51,60,1,0,12.8,13:29
1530,B013,R006,S128,Pedakakani,16.285,80.49,4.65,14.11,Foggy,40,Thursday,0,Main Road,Low,33,15,60,1,4,13.5,13:30
1531,B020,R010,S092,Ponnur,16.065,80.551,7.98,14.37,Cloudy,27,Tuesday,0,Highway,Medium,59,25,60,3,5,16.1,13:31
1532,B006,R020,S154,Vaddeswaram,16.49,80.61,1.13,1.74,Cloudy,24,Thursday,0,Village Road,High,25,11,60,4,9,15.7,13:32
1533,B004,R012,S176,Namburu,16.36,80.52,0.99,3.6,Rainy,29,Friday,0,Main Road,Medium,34,30,60,2,9,12.7,13:33
1534,B004,R008,S151,Prathipadu,16.48,80.32,2.39,6.18,Sunny,27,Friday,0,Main Road,Low,30,24,60,2,0,6.8,13:34
1535,B008,R007,S096,Vaddeswaram,16.49,80.61,1.89,14.43,Sunny,29,Thursday,1,Village Road,Medium,23,10,60,2,4,10.9,13:35
1536,B011,R013,S184,Tulluru,16.52,80.58,5.9,25.34,Sunny,30,Saturday,1,Highway,Medium,46,9,60,2,4,13.7,13:36
1537,B001,R010,S200,Vaddeswaram,16.49,80.61,6.04,23.42,Rainy,33,Saturday,0,Village Road,Medium,18,13,60,2,9,31.1,13:37
1538,B015,R010,S063,Tenali,16.239,80.645,7.4,23.43,Sunny,36,Monday,0,Highway,Low,57,44,60,3,0,10.8,13:38
1539,B014,R011,S015,Ponnur,16.065,80.551,7.42,27.52,Sunny,33,Tuesday,1,Village Road,High,21,46,60,4,8,33.2,13:39
1540,B003,R020,S016,Prathipadu,16.48,80.32,1.42,22.43,Cloudy,26,Tuesday,0,Highway,Low,45,9,60,4,1,6.9,13:40
1541,B005,R007,S176,Mangalagiri,16.4303,80.5681,5.33,19.66,Sunny,37,Monday,1,Main Road,Medium,30,42,60,2,4,16.7,13:41
1542,B003,R003,S074,Tadikonda,16.405,80.643,5.99,25.4,Sunny,26,Friday,1,Highway,Low,49,17,60,4,0,11.3,13:42
1543,B008,R003,S054,Guntur,16.3067,80.4365,6.36,13.73,Cloudy,26,Wednesday,1,Highway,Medium,52,27,60,2,5,14.3,13:43
1544,B016,R018,S052,Tulluru,16.52,80.58,1.71,16.07,Cloudy,37,Thursday,1,Main Road,High,42,41,60,1,9,12.4,13:44
1545,B013,R012,S042,Mangalagiri,16.4303,80.5681,1.8,4.63,Cloudy,35,Thursday,1,Village Road,Medium,34,16,60,1,5,9.2,13:45
1546,B008,R008,S126,Prathipadu,16.48,80.32,6.6,21.24,Sunny,33,Saturday,1,Main Road,High,41,25,60,3,8,20.7,13:46
1547,B012,R004,S006,Prathipadu,16.48,80.32,3.98,12.79,Sunny,31,Thursday,0,Main Road,Medium,38,25,60,3,4,13.3,13:47
1548,B014,R005,S193,Guntur,16.3067,80.4365,3.56,31.42,Sunny,36,Thursday,1,Village Road,High,28,16,60,1,8,16.6,13:48
1549,B003,R005,S148,Tulluru,16.52,80.58,5.01,11.48,Sunny,25,Wednesday,1,Village Road,Medium,32,60,60,2,4,15.4,13:49
1550,B010,R012,S127,Pedakakani,16.285,80.49,2.91,17.71,Rainy,40,Thursday,0,Village Road,Medium,24,28,60,1,9,17.3,13:50
1551,B015,R018,S175,Mangalagiri,16.4303,80.5681,0.97,7.88,Sunny,26,Tuesday,0,Village Road,Medium,32,33,60,3,4,8.8,13:51
1552,B013,R007,S105,Tadikonda,16.405,80.643,5.97,17.81,Cloudy,29,Saturday,0,Main Road,Medium,40,59,60,1,5,15.0,13:52
1553,B017,R010,S129,Vaddeswaram,16.49,80.61,7.92,34.42,Sunny,30,Tuesday,1,Main Road,High,33,57,60,1,8,23.4,13:53
1554,B018,R020,S104,Ponnur,16.065,80.551,3.84,17.38,Sunny,37,Saturday,0,Village Road,Medium,24,49,60,2,4,15.6,13:54
1555,B014,R009,S146,Tenali,16.239,80.645,7.21,33.51,Sunny,23,Monday,0,Main Road,Medium,38,14,60,3,4,18.4,13:55
1556,B011,R010,S101,Ponnur,16.065,80.551,1.16,20.75,Sunny,25,Thursday,1,Main Road,High,36,55,60,1,8,10.9,13:56
1557,B010,R009,S164,Vaddeswaram,16.49,80.61,7.65,29.66,Rainy,24,Monday,1,Village Road,Medium,24,8,60,1,9,29.1,13:57
1558,B017,R004,S071,Ponnur,16.065,80.551,7.23,17.43,Rainy,38,Saturday,0,Main Road,Medium,42,35,60,2,9,21.3,13:58
1559,B013,R010,S115,Ponnur,16.065,80.551,1.1,20.27,Sunny,25,Thursday,1,Main Road,Low,31,40,60,3,0,5.1,13:59
1560,B016,R004,S112,Ponnur,16.065,80.551,6.49,26.2,Cloudy,24,Monday,1,Highway,Medium,46,38,60,2,5,15.5,13:00
1561,B007,R006,S106,Prathipadu,16.48,80.32,4.9,19.0,Sunny,24,Thursday,0,Main Road,High,33,51,60,2,8,18.9,13:01
1562,B011,R015,S181,Pedakakani,16.285,80.49,2.17,12.87,Cloudy,26,Friday,1,Village Road,Medium,29,20,60,4,5,13.5,13:02
1563,B011,R018,S012,Pedakakani,16.285,80.49,1.95,13.96,Sunny,24,Saturday,1,Village Road,Low,27,39,60,4,0,8.3,13:03
1564,B007,R006,S119,Ponnur,16.065,80.551,0.83,27.08,Sunny,27,Thursday,1,Village Road,Low,24,32,60,3,0,5.1,13:04
1565,B005,R017,S095,Tulluru,16.52,80.58,1.3,12.43,Sunny,31,Thursday,0,Main Road,Medium,38,20,60,3,4,9.1,13:05
1566,B015,R008,S143,Guntur,16.3067,80.4365,4.65,21.58,Rainy,27,Thursday,1,Village Road,Medium,18,35,60,1,9,25.5,13:06
1567,B007,R001,S200,Namburu,16.36,80.52,2.91,12.48,Sunny,23,Monday,1,Village Road,Medium,34,10,60,4,4,13.1,13:07
1568,B012,R016,S178,Tadikonda,16.405,80.643,2.19,22.44,Rainy,36,Thursday,0,Highway,Medium,49,53,60,1,9,12.7,13:08
1569,B013,R015,S105,Tulluru,16.52,80.58,1.58,12.52,Sunny,31,Monday,1,Village Road,Medium,33,38,60,4,4,10.9,13:09
1570,B005,R013,S175,Tenali,16.239,80.645,5.23,16.23,Rainy,33,Tuesday,1,Highway,Low,53,44,60,3,5,13.9,13:10
1571,B015,R001,S093,Tenali,16.239,80.645,4.97,27.78,Cloudy,31,Thursday,0,Village Road,Low,20,31,60,1,1,16.9,13:11
1572,B003,R013,S182,Guntur,16.3067,80.4365,1.39,29.73,Cloudy,26,Thursday,0,Village Road,Low,21,6,60,1,1,6.0,13:12
1573,B020,R015,S143,Vaddeswaram,16.49,80.61,4.92,11.19,Sunny,28,Tuesday,1,Highway,Low,57,23,60,3,0,8.2,13:13
1574,B019,R003,S065,Vaddeswaram,16.49,80.61,7.24,25.24,Cloudy,34,Tuesday,1,Main Road,Low,41,45,60,4,1,15.6,13:14
1575,B014,R014,S094,Prathipadu,16.48,80.32,7.11,9.86,Sunny,26,Friday,0,Village Road,High,18,24,60,2,8,33.7,13:15
1576,B001,R018,S101,Prathipadu,16.48,80.32,5.62,14.32,Sunny,23,Monday,1,Main Road,Low,35,47,60,2,0,11.6,13:16
1577,B013,R007,S187,Prathipadu,16.48,80.32,4.83,14.97,Sunny,23,Saturday,0,Village Road,Low,18,20,60,1,0,17.1,13:17
1578,B017,R020,S151,Pedakakani,16.285,80.49,6.65,9.33,Cloudy,29,Monday,1,Village Road,Low,24,38,60,1,1,18.6,13:18
1579,B003,R011,S140,Mangalagiri,16.4303,80.5681,4.59,34.06,Cloudy,27,Friday,0,Village Road,Low,23,44,60,3,1,16.0,13:19
1580,B017,R003,S036,Tenali,16.239,80.645,3.8,6.46,Sunny,26,Saturday,1,Highway,Medium,53,38,60,1,4,9.3,13:20
1581,B003,R003,S010,Mangalagiri,16.4303,80.5681,6.34,31.74,Rainy,33,Saturday,0,Main Road,High,44,48,60,2,13,23.6,13:21
1582,B010,R005,S171,Tenali,16.239,80.645,5.15,23.71,Sunny,35,Friday,0,Highway,Low,58,35,60,1,0,6.3,13:22
1583,B016,R013,S033,Prathipadu,16.48,80.32,3.72,18.29,Rainy,38,Friday,0,Village Road,Medium,21,31,60,4,9,23.6,13:23
1584,B013,R006,S152,Tenali,16.239,80.645,6.05,17.95,Cloudy,27,Tuesday,1,Main Road,Medium,30,32,60,4,5,21.1,13:24
1585,B006,R018,S165,Prathipadu,16.48,80.32,5.43,8.0,Rainy,39,Friday,0,Main Road,Low,36,34,60,2,5,16.0,13:25
1586,B014,R011,S155,Ponnur,16.065,80.551,1.56,11.26,Sunny,37,Thursday,1,Main Road,Medium,40,6,60,2,4,8.3,13:26
1587,B015,R004,S200,Vaddeswaram,16.49,80.61,1.01,3.18,Rainy,34,Wednesday,1,Village Road,Medium,28,40,60,1,9,12.2,13:27
1588,B004,R010,S135,Tulluru,16.52,80.58,7.05,17.58,Cloudy,35,Monday,0,Highway,Low,47,60,60,1,1,11.0,13:28
1589,B012,R015,S013,Pedakakani,16.285,80.49,2.74,23.86,Rainy,29,Saturday,0,Village Road,Low,26,54,60,4,5,15.3,13:29
1590,B002,R016,S071,Tadikonda,16.405,80.643,6.06,10.56,Sunny,27,Friday,0,Main Road,Medium,33,30,60,4,4,19.0,13:30
1591,B013,R006,S011,Tulluru,16.52,80.58,6.93,19.17,Sunny,22,Thursday,0,Main Road,Low,35,6,60,1,0,12.9,13:31
1592,B010,R001,S179,Tadikonda,16.405,80.643,1.8,22.85,Sunny,32,Thursday,0,Village Road,Medium,31,56,60,4,4,11.5,13:32
1593,B012,R010,S065,Ponnur,16.065,80.551,2.64,24.25,Sunny,33,Tuesday,1,Main Road,Medium,43,26,60,2,4,9.7,13:33
1594,B010,R018,S190,Mangalagiri,16.4303,80.5681,7.48,22.9,Rainy,29,Saturday,1,Main Road,Medium,43,46,60,2,9,21.4,13:34
1595,B005,R001,S170,Vaddeswaram,16.49,80.61,2.35,31.71,Cloudy,36,Thursday,1,Village Road,High,33,38,60,2,9,15.3,13:35
1596,B009,R010,S063,Namburu,16.36,80.52,6.37,25.88,Cloudy,35,Friday,1,Highway,Medium,54,60,60,2,5,14.1,13:36
1597,B013,R015,S043,Vaddeswaram,16.49,80.61,6.56,17.4,Cloudy,22,Monday,1,Highway,Medium,45,17,60,3,5,16.7,13:37
1598,B009,R012,S171,Ponnur,16.065,80.551,4.02,31.46,Sunny,22,Tuesday,0,Highway,Medium,51,9,60,3,4,11.7,13:38
1599,B001,R006,S144,Prathipadu,16.48,80.32,1.08,5.06,Sunny,25,Wednesday,0,Highway,Medium,56,26,60,3,4,8.2,13:39
1600,B020,R011,S049,Tenali,16.239,80.645,6.36,26.96,Rainy,24,Saturday,0,Village Road,Medium,26,12,60,4,9,27.7,14:40
1601,B005,R018,S112,Tadikonda,16.405,80.643,7.96,12.97,Rainy,34,Tuesday,1,Main Road,Low,30,12,60,3,5,23.9,14:41
1602,B009,R014,S011,Guntur,16.3067,80.4365,2.19,23.64,Sunny,24,Friday,0,Main Road,Low,37,25,60,1,0,4.6,14:42
1603,B005,R016,S048,Mangalagiri,16.4303,80.5681,3.05,23.58,Cloudy,39,Monday,1,Highway,Medium,54,34,60,4,5,12.4,14:43
1604,B012,R014,S185,Tenali,16.239,80.645,7.98,12.19,Sunny,27,Thursday,1,Main Road,Low,42,11,60,4,0,15.4,14:44
1605,B019,R020,S016,Tadikonda,16.405,80.643,1.65,30.92,Sunny,35,Friday,0,Village Road,Medium,34,10,60,1,4,7.9,14:45
1606,B002,R010,S086,Tulluru,16.52,80.58,7.45,25.38,Sunny,23,Saturday,1,Village Road,High,25,51,60,4,8,29.9,14:46
1607,B009,R008,S199,Tulluru,16.52,80.58,3.97,24.27,Sunny,38,Friday,0,Village Road,Low,31,24,60,2,0,9.7,14:47
1608,B002,R005,S142,Vaddeswaram,16.49,80.61,1.21,12.29,Sunny,27,Saturday,0,Main Road,High,39,11,60,3,8,12.9,14:48
1609,B010,R019,S007,Tenali,16.239,80.645,3.98,17.98,Sunny,31,Saturday,1,Main Road,Medium,41,17,60,3,4,12.8,14:49
1610,B006,R019,S124,Mangalagiri,16.4303,80.5681,3.94,22.39,Rainy,37,Monday,0,Main Road,Low,39,25,60,1,5,12.1,14:50
1611,B007,R006,S131,Guntur,16.3067,80.4365,3.61,27.08,Sunny,25,Thursday,0,Main Road,Low,44,48,60,4,0,8.9,14:51
1612,B019,R003,S083,Tulluru,16.52,80.58,6.7,11.37,Cloudy,36,Tuesday,1,Highway,Low,46,32,60,4,1,13.7,14:52
1613,B012,R020,S190,Namburu,16.36,80.52,4.87,25.34,Sunny,24,Wednesday,0,Highway,Medium,45,8,60,3,4,13.5,14:53
1614,B018,R016,S143,Ponnur,16.065,80.551,0.84,24.12,Rainy,23,Tuesday,1,Main Road,Low,30,45,60,2,5,8.7,14:54
1615,B009,R001,S155,Pedakakani,16.285,80.49,3.68,26.52,Cloudy,28,Wednesday,1,Village Road,Low,34,48,60,1,1,8.5,14:55
1616,B002,R003,S063,Namburu,16.36,80.52,5.92,10.31,Cloudy,39,Saturday,0,Main Road,Medium,32,33,60,1,5,17.1,14:56
1617,B001,R004,S061,Tadikonda,16.405,80.643,2.56,13.82,Sunny,39,Saturday,0,Highway,Low,55,28,60,2,0,4.8,14:57
1618,B008,R018,S145,Tenali,16.239,80.645,4.57,26.28,Sunny,24,Saturday,1,Highway,Medium,51,20,60,1,4,10.4,14:58
1619,B009,R004,S200,Prathipadu,16.48,80.32,3.88,9.41,Sunny,23,Thursday,0,Main Road,Low,39,34,60,1,0,7.0,14:59
1620,B007,R015,S002,Mangalagiri,16.4303,80.5681,6.52,26.66,Sunny,38,Wednesday,0,Main Road,High,41,53,60,2,8,19.5,14:00
1621,B012,R011,S100,Mangalagiri,16.4303,80.5681,3.41,31.45,Sunny,25,Friday,0,Village Road,Medium,27,34,60,4,4,15.6,14:01
1622,B005,R014,S062,Prathipadu,16.48,80.32,6.09,30.42,Cloudy,40,Wednesday,1,Main Road,Medium,44,11,60,4,5,17.3,14:02
1623,B007,R018,S135,Tadikonda,16.405,80.643,2.38,3.14,Sunny,37,Saturday,1,Village Road,Low,35,57,60,1,0,5.1,14:03
1624,B006,R016,S109,Guntur,16.3067,80.4365,5.6,34.44,Rainy,28,Saturday,0,Highway,Low,49,5,60,4,5,15.9,14:04
1625,B012,R006,S076,Ponnur,16.065,80.551,3.8,6.7,Cloudy,38,Tuesday,0,Village Road,Low,32,43,60,1,1,9.1,14:05
1626,B019,R017,S124,Prathipadu,16.48,80.32,2.69,3.51,Sunny,22,Tuesday,1,Village Road,Low,31,40,60,4,0,9.2,14:06
1627,B013,R008,S177,Vaddeswaram,16.49,80.61,2.8,9.4,Rainy,24,Wednesday,0,Village Road,Medium,18,52,60,2,9,20.3,14:07
1628,B009,R002,S097,Tadikonda,16.405,80.643,7.53,19.03,Sunny,26,Friday,0,Village Road,Medium,33,10,60,1,4,18.7,14:08
1629,B019,R013,S167,Vaddeswaram,16.49,80.61,4.25,19.81,Cloudy,23,Thursday,1,Main Road,Low,35,48,60,4,1,12.3,14:09
1630,B004,R016,S032,Namburu,16.36,80.52,4.99,18.45,Sunny,25,Wednesday,1,Main Road,Medium,45,55,60,2,4,12.7,14:10
1631,B014,R003,S127,Pedakakani,16.285,80.49,5.26,25.15,Rainy,28,Saturday,1,Village Road,High,35,31,60,1,13,23.0,14:11
1632,B006,R014,S027,Tenali,16.239,80.645,2.01,15.84,Rainy,35,Friday,1,Highway,High,58,43,60,4,13,19.1,14:12
1633,B013,R017,S043,Prathipadu,16.48,80.32,4.58,25.27,Cloudy,23,Monday,0,Main Road,Medium,32,46,60,1,5,14.6,14:13
1634,B014,R004,S062,Guntur,16.3067,80.4365,2.16,22.66,Sunny,24,Thursday,1,Main Road,Low,45,22,60,2,0,4.9,14:14
1635,B017,R011,S129,Tulluru,16.52,80.58,2.55,22.73,Cloudy,29,Wednesday,1,Highway,Medium,46,57,60,3,5,11.3,14:15
1636,B011,R011,S028,Tenali,16.239,80.645,6.92,36.9,Cloudy,36,Wednesday,0,Main Road,Low,34,58,60,2,1,15.2,14:16
1637,B016,R014,S046,Tulluru,16.52,80.58,7.14,9.14,Foggy,25,Saturday,0,Village Road,Medium,35,50,60,3,8,23.2,14:17
1638,B018,R009,S082,Tenali,16.239,80.645,3.65,20.79,Sunny,29,Monday,1,Main Road,Low,33,29,60,2,0,8.6,14:18
1639,B019,R014,S179,Tenali,16.239,80.645,5.1,20.74,Rainy,31,Wednesday,1,Village Road,Medium,33,13,60,1,9,19.3,14:19
1640,B014,R013,S131,Ponnur,16.065,80.551,4.12,23.2,Sunny,24,Monday,0,Village Road,High,21,18,60,1,8,20.8,14:20
1641,B001,R006,S079,Tulluru,16.52,80.58,4.24,8.32,Sunny,26,Saturday,0,Main Road,Medium,44,46,60,3,4,12.8,14:21
1642,B008,R006,S188,Tadikonda,16.405,80.643,7.13,32.31,Rainy,29,Thursday,1,Village Road,Low,34,24,60,4,5,21.6,14:22
1643,B005,R001,S041,Guntur,16.3067,80.4365,2.73,11.63,Rainy,30,Tuesday,1,Highway,High,48,5,60,3,13,19.4,14:23
1644,B014,R009,S003,Tulluru,16.52,80.58,1.65,23.73,Sunny,40,Wednesday,0,Main Road,Medium,41,24,60,3,4,9.4,14:24
1645,B003,R020,S015,Namburu,16.36,80.52,1.08,10.41,Sunny,38,Tuesday,1,Main Road,Medium,36,60,60,3,4,8.8,14:25
1646,B002,R006,S062,Mangalagiri,16.4303,80.5681,3.09,12.68,Cloudy,37,Thursday,1,Main Road,Low,30,32,60,2,1,9.2,14:26
1647,B003,R003,S161,Tulluru,16.52,80.58,4.9,11.91,Sunny,39,Tuesday,0,Main Road,Medium,35,58,60,3,4,15.4,14:27
1648,B017,R007,S070,Tulluru,16.52,80.58,5.51,31.27,Sunny,35,Tuesday,0,Village Road,Low,26,56,60,2,0,14.7,14:28
1649,B014,R020,S066,Ponnur,16.065,80.551,2.3,13.43,Cloudy,23,Friday,1,Main Road,High,37,54,60,4,9,16.7,14:29
1650,B011,R001,S116,Pedakakani,16.285,80.49,6.04,11.34,Rainy,30,Tuesday,1,Village Road,High,25,57,60,3,13,30.5,14:30
1651,B016,R001,S064,Guntur,16.3067,80.4365,5.36,33.44,Foggy,40,Thursday,1,Main Road,High,35,23,60,3,12,24.2,14:31
1652,B001,R002,S196,Pedakakani,16.285,80.49,3.16,10.92,Cloudy,40,Friday,1,Main Road,Low,45,22,60,2,1,7.2,14:32
1653,B017,R014,S111,Tadikonda,16.405,80.643,7.9,30.09,Sunny,36,Friday,1,Main Road,Medium,36,34,60,4,4,21.2,14:33
1654,B020,R015,S022,Guntur,16.3067,80.4365,7.08,33.08,Sunny,24,Monday,0,Main Road,Medium,44,56,60,3,4,16.7,14:34
1655,B011,R003,S139,Vaddeswaram,16.49,80.61,3.62,28.5,Cloudy,38,Thursday,0,Main Road,Medium,33,48,60,1,5,12.6,14:35
1656,B019,R017,S084,Mangalagiri,16.4303,80.5681,2.27,23.1,Sunny,22,Wednesday,1,Main Road,High,38,53,60,4,8,15.6,14:36
1657,B006,R018,S112,Guntur,16.3067,80.4365,4.29,13.62,Cloudy,24,Thursday,0,Main Road,Low,43,26,60,3,1,10.0,14:37
1658,B014,R006,S194,Namburu,16.36,80.52,1.2,27.07,Cloudy,34,Wednesday,0,Highway,High,46,45,60,4,9,14.6,14:38
1659,B007,R011,S132,Prathipadu,16.48,80.32,6.26,18.48,Sunny,33,Tuesday,0,Village Road,Medium,25,51,60,4,4,23.0,14:39
1660,B001,R010,S165,Mangalagiri,16.4303,80.5681,4.75,16.07,Foggy,38,Wednesday,0,Highway,Low,47,60,60,2,4,12.1,14:40
1661,B014,R007,S065,Namburu,16.36,80.52,7.22,18.84,Sunny,31,Saturday,1,Main Road,Medium,45,18,60,2,4,15.6,14:41
1662,B015,R014,S023,Tulluru,16.52,80.58,1.56,3.72,Sunny,37,Saturday,0,Main Road,High,37,33,60,3,8,13.5,14:42
1663,B005,R013,S063,Tenali,16.239,80.645,7.04,20.87,Sunny,34,Thursday,1,Village Road,High,26,49,60,4,8,28.2,14:43
1664,B008,R010,S129,Guntur,16.3067,80.4365,6.44,35.43,Cloudy,32,Tuesday,1,Main Road,High,45,59,60,3,9,20.6,14:44
1665,B010,R001,S068,Tenali,16.239,80.645,7.73,31.25,Sunny,26,Monday,1,Main Road,Medium,38,31,60,4,4,20.2,14:45
1666,B007,R002,S160,Namburu,16.36,80.52,2.24,4.89,Sunny,40,Monday,0,Main Road,Low,44,46,60,2,0,5.1,14:46
1667,B009,R011,S063,Guntur,16.3067,80.4365,3.48,14.19,Sunny,38,Wednesday,1,Main Road,Medium,31,28,60,3,4,13.7,14:47
1668,B002,R009,S120,Tenali,16.239,80.645,7.58,20.48,Cloudy,22,Friday,0,Main Road,Low,36,9,60,1,1,14.6,14:48
1669,B011,R003,S023,Guntur,16.3067,80.4365,1.36,19.36,Cloudy,39,Monday,1,Village Road,Medium,31,37,60,4,5,11.6,14:49
1670,B017,R014,S131,Tenali,16.239,80.645,3.87,13.23,Sunny,37,Saturday,0,Village Road,Low,30,22,60,1,0,8.7,14:50
1671,B012,R013,S088,Namburu,16.36,80.52,4.74,9.16,Cloudy,40,Wednesday,0,Village Road,Medium,30,38,60,2,5,16.5,14:51
1672,B001,R011,S072,Tulluru,16.52,80.58,0.83,6.24,Sunny,37,Saturday,0,Highway,Medium,50,44,60,3,4,8.0,14:52
1673,B002,R010,S125,Vaddeswaram,16.49,80.61,1.19,3.21,Cloudy,31,Thursday,0,Main Road,High,32,18,60,4,9,15.2,14:53
1674,B005,R001,S049,Vaddeswaram,16.49,80.61,6.08,21.09,Sunny,32,Friday,1,Main Road,Low,38,23,60,3,0,12.6,14:54
1675,B014,R010,S128,Mangalagiri,16.4303,80.5681,4.26,11.03,Sunny,37,Wednesday,0,Highway,Low,50,18,60,4,0,9.1,14:55
1676,B014,R011,S137,Mangalagiri,16.4303,80.5681,5.66,5.92,Sunny,24,Wednesday,0,Village Road,Low,34,44,60,3,0,13.0,14:56
1677,B019,R017,S078,Vaddeswaram,16.49,80.61,4.32,22.39,Cloudy,24,Tuesday,1,Village Road,Low,21,26,60,1,1,14.3,14:57
1678,B019,R008,S080,Pedakakani,16.285,80.49,3.29,21.92,Sunny,39,Friday,0,Village Road,Low,32,40,60,1,0,7.2,14:58
1679,B010,R006,S027,Guntur,16.3067,80.4365,7.04,12.71,Cloudy,33,Friday,1,Village Road,Low,26,52,60,2,1,19.2,14:59
1680,B003,R010,S186,Tenali,16.239,80.645,1.26,10.69,Sunny,34,Monday,0,Village Road,Medium,23,20,60,1,4,8.3,14:00
1681,B010,R010,S003,Mangalagiri,16.4303,80.5681,6.91,35.48,Sunny,36,Thursday,0,Main Road,Low,41,47,60,1,0,11.1,14:01
1682,B008,R010,S084,Mangalagiri,16.4303,80.5681,2.98,26.02,Sunny,31,Monday,0,Village Road,Low,35,43,60,4,0,9.1,14:02
1683,B001,R014,S027,Tulluru,16.52,80.58,1.9,14.41,Rainy,34,Saturday,1,Highway,Medium,58,49,60,1,9,12.0,14:03
1684,B014,R017,S033,Tulluru,16.52,80.58,5.58,9.6,Sunny,26,Saturday,0,Highway,Medium,46,45,60,2,4,13.3,14:04
1685,B009,R016,S147,Namburu,16.36,80.52,6.82,23.87,Sunny,24,Saturday,0,Main Road,Low,35,5,60,2,0,13.7,14:05
1686,B006,R005,S008,Pedakakani,16.285,80.49,1.73,5.71,Sunny,23,Saturday,1,Main Road,Medium,41,59,60,2,4,8.5,14:06
1687,B003,R010,S086,Ponnur,16.065,80.551,6.6,23.3,Sunny,27,Saturday,0,Main Road,High,34,26,60,3,8,22.6,14:07
1688,B006,R009,S004,Vaddeswaram,16.49,80.61,3.68,27.86,Cloudy,35,Wednesday,1,Village Road,Low,34,35,60,2,1,9.5,14:08
1689,B014,R013,S177,Ponnur,16.065,80.551,5.97,6.67,Cloudy,30,Tuesday,0,Main Road,High,40,11,60,3,9,21.0,14:09
1690,B013,R012,S109,Prathipadu,16.48,80.32,2.39,19.16,Rainy,29,Monday,0,Main Road,Medium,43,29,60,4,9,16.3,14:10
1691,B001,R009,S124,Guntur,16.3067,80.4365,7.17,36.94,Rainy,40,Wednesday,1,Main Road,Medium,34,10,60,4,9,25.7,14:11
1692,B008,R018,S044,Tulluru,16.52,80.58,3.17,25.97,Rainy,40,Wednesday,1,Main Road,Medium,30,9,60,3,9,18.3,14:12
1693,B005,R018,S062,Tulluru,16.52,80.58,6.62,28.55,Sunny,40,Wednesday,0,Village Road,High,32,52,60,4,8,24.4,14:13
1694,B017,R017,S104,Prathipadu,16.48,80.32,1.71,23.61,Rainy,38,Saturday,1,Main Road,Medium,40,58,60,3,9,14.6,14:14
1695,B017,R006,S184,Pedakakani,16.285,80.49,6.37,34.55,Sunny,39,Monday,0,Main Road,Medium,35,38,60,2,4,16.9,14:15
1696,B014,R016,S105,Tenali,16.239,80.645,3.94,19.24,Cloudy,37,Friday,0,Highway,Low,56,44,60,3,1,8.2,14:16
1697,B003,R008,S092,Prathipadu,16.48,80.32,6.09,23.33,Sunny,28,Monday,1,Main Road,High,45,25,60,2,8,18.1,14:17
1698,B003,R003,S181,Pedakakani,16.285,80.49,5.84,20.5,Sunny,31,Friday,1,Main Road,Medium,35,48,60,3,4,17.0,14:18
1699,B020,R014,S092,Tadikonda,16.405,80.643,6.49,25.05,Sunny,32,Monday,1,Main Road,Medium,33,54,60,3,4,18.8,14:19
1700,B019,R007,S090,Prathipadu,16.48,80.32,4.61,17.41,Sunny,38,Tuesday,0,Main Road,High,42,58,60,1,8,15.6,15:20
1701,B009,R005,S033,Mangalagiri,16.4303,80.5681,6.26,16.08,Cloudy,38,Wednesday,0,Main Road,Medium,31,24,60,2,5,19.1,15:21
1702,B003,R017,S009,Tulluru,16.52,80.58,1.15,20.0,Sunny,30,Monday,0,Highway,Medium,57,17,60,1,4,6.2,15:22
1703,B016,R004,S089,Ponnur,16.065,80.551,3.96,11.22,Cloudy,32,Wednesday,1,Main Road,Medium,40,31,60,4,5,14.9,15:23
1704,B005,R016,S035,Guntur,16.3067,80.4365,5.23,18.35,Rainy,23,Saturday,1,Main Road,High,42,52,60,4,13,24.5,15:24
1705,B015,R005,S129,Tenali,16.239,80.645,5.11,9.7,Foggy,33,Saturday,0,Main Road,Medium,32,15,60,4,8,21.6,15:25
1706,B018,R005,S023,Mangalagiri,16.4303,80.5681,4.81,30.64,Sunny,27,Thursday,0,Village Road,Medium,24,31,60,3,4,19.0,15:26
1707,B016,R011,S022,Ponnur,16.065,80.551,5.42,13.43,Sunny,40,Saturday,0,Main Road,Medium,42,43,60,1,4,12.7,15:27
1708,B020,R006,S087,Vaddeswaram,16.49,80.61,1.29,18.47,Sunny,28,Saturday,0,Highway,Medium,60,32,60,3,4,8.3,15:28
1709,B014,R012,S098,Ponnur,16.065,80.551,6.42,16.51,Sunny,32,Friday,0,Main Road,Medium,37,35,60,4,4,18.4,15:29
1710,B016,R004,S087,Guntur,16.3067,80.4365,5.4,14.58,Sunny,35,Friday,0,Main Road,High,38,14,60,4,8,20.5,15:30
1711,B007,R012,S152,Guntur,16.3067,80.4365,3.72,32.2,Rainy,36,Thursday,0,Village Road,Low,33,8,60,3,5,14.8,15:31
1712,B003,R009,S178,Guntur,16.3067,80.4365,4.07,10.93,Foggy,39,Thursday,0,Highway,Low,55,16,60,2,4,10.4,15:32
1713,B010,R004,S101,Pedakakani,16.285,80.49,2.63,9.33,Foggy,39,Wednesday,1,Village Road,Low,30,34,60,4,4,13.3,15:33
1714,B019,R012,S125,Tenali,16.239,80.645,7.0,23.09,Sunny,31,Thursday,1,Main Road,High,34,37,60,1,8,21.4,15:34
1715,B007,R014,S043,Mangalagiri,16.4303,80.5681,6.47,33.77,Sunny,29,Tuesday,1,Main Road,Medium,31,33,60,1,4,17.5,15:35
1716,B009,R016,S172,Guntur,16.3067,80.4365,3.68,21.47,Cloudy,40,Thursday,0,Main Road,High,33,23,60,1,9,16.7,15:36
1717,B002,R004,S119,Mangalagiri,16.4303,80.5681,4.53,11.03,Sunny,22,Tuesday,1,Main Road,High,40,11,60,4,8,18.8,15:37
1718,B019,R002,S126,Guntur,16.3067,80.4365,6.26,19.41,Sunny,39,Thursday,0,Highway,Low,56,38,60,3,0,9.7,15:38
1719,B015,R013,S174,Pedakakani,16.285,80.49,1.59,25.53,Rainy,29,Wednesday,0,Main Road,Medium,42,55,60,4,9,15.3,15:39
1720,B005,R018,S138,Prathipadu,16.48,80.32,5.86,23.69,Sunny,28,Wednesday,0,Main Road,Low,41,18,60,2,0,10.6,15:40
1721,B006,R016,S163,Tenali,16.239,80.645,1.34,7.03,Rainy,31,Friday,0,Village Road,Medium,18,32,60,3,9,16.5,15:41
1722,B009,R017,S006,Prathipadu,16.48,80.32,5.93,27.75,Rainy,28,Saturday,0,Village Road,Medium,33,47,60,1,9,20.8,15:42
1723,B011,R006,S172,Guntur,16.3067,80.4365,6.87,23.69,Rainy,35,Tuesday,1,Village Road,Low,31,56,60,2,5,20.3,15:43
1724,B005,R005,S051,Tulluru,16.52,80.58,7.02,22.71,Cloudy,27,Monday,1,Village Road,Medium,34,45,60,1,5,18.4,15:44
1725,B011,R020,S079,Tadikonda,16.405,80.643,7.45,25.02,Cloudy,34,Wednesday,1,Main Road,Medium,42,21,60,2,5,17.6,15:45
1726,B017,R004,S198,Ponnur,16.065,80.551,3.5,28.07,Rainy,39,Saturday,1,Main Road,Low,36,10,60,1,5,11.8,15:46
1727,B019,R007,S114,Tenali,16.239,80.645,7.76,28.37,Sunny,35,Friday,1,Main Road,Low,36,54,60,1,0,13.9,15:47
1728,B017,R008,S051,Mangalagiri,16.4303,80.5681,2.67,22.79,Rainy,29,Wednesday,1,Main Road,Low,45,8,60,3,5,11.6,15:48
1729,B010,R015,S124,Mangalagiri,16.4303,80.5681,2.29,13.97,Cloudy,23,Saturday,0,Highway,Low,59,31,60,4,1,7.3,15:49
1730,B003,R014,S048,Namburu,16.36,80.52,1.84,19.95,Sunny,25,Thursday,0,Main Road,Low,44,7,60,4,0,6.5,15:50
1731,B013,R010,S168,Ponnur,16.065,80.551,1.54,13.24,Sunny,32,Thursday,1,Main Road,Medium,31,44,60,2,4,9.0,15:51
1732,B013,R009,S146,Prathipadu,16.48,80.32,1.07,22.61,Sunny,23,Friday,1,Main Road,Medium,32,46,60,1,4,7.0,15:52
1733,B012,R018,S147,Guntur,16.3067,80.4365,5.88,23.77,Sunny,25,Tuesday,1,Main Road,Medium,40,39,60,1,4,13.8,15:53
1734,B013,R005,S200,Tadikonda,16.405,80.643,2.8,6.34,Sunny,32,Tuesday,1,Main Road,Low,30,55,60,2,0,7.6,15:54
1735,B005,R020,S060,Guntur,16.3067,80.4365,4.76,20.06,Sunny,28,Wednesday,0,Highway,Low,48,53,60,1,0,7.0,15:55
1736,B016,R010,S087,Vaddeswaram,16.49,80.61,3.74,17.2,Sunny,30,Thursday,0,Village Road,High,18,54,60,1,8,21.5,15:56
1737,B007,R003,S147,Pedakakani,16.285,80.49,1.14,25.37,Rainy,32,Wednesday,1,Highway,Low,50,41,60,2,5,8.4,15:57
1738,B007,R002,S089,Tulluru,16.52,80.58,1.52,29.39,Sunny,35,Friday,1,Highway,Low,52,8,60,1,0,2.8,15:58
1739,B018,R019,S083,Tulluru,16.52,80.58,0.83,3.63,Cloudy,28,Tuesday,1,Main Road,Low,38,29,60,2,1,4.3,15:59
1740,B008,R010,S084,Vaddeswaram,16.49,80.61,4.15,24.17,Sunny,40,Saturday,1,Main Road,High,42,48,60,3,8,16.9,15:00
1741,B011,R016,S068,Tenali,16.239,80.645,2.44,7.75,Sunny,32,Monday,0,Village Road,Medium,19,24,60,4,4,15.7,15:01
1742,B013,R001,S088,Vaddeswaram,16.49,80.61,6.02,12.54,Sunny,31,Tuesday,1,Main Road,Low,39,8,60,3,0,12.3,15:02
1743,B013,R010,S116,Namburu,16.36,80.52,3.78,7.3,Sunny,33,Wednesday,1,Main Road,Low,39,31,60,4,0,9.8,15:03
1744,B007,R019,S003,Pedakakani,16.285,80.49,3.59,20.89,Sunny,38,Wednesday,1,Main Road,Low,34,38,60,1,0,7.3,15:04
1745,B003,R007,S133,Pedakakani,16.285,80.49,6.01,27.88,Rainy,26,Thursday,1,Village Road,Low,30,7,60,4,5,21.0,15:05
1746,B005,R013,S058,Tulluru,16.52,80.58,3.96,15.2,Cloudy,37,Thursday,0,Village Road,Low,32,52,60,4,1,12.4,15:06
1747,B006,R006,S170,Namburu,16.36,80.52,6.27,35.92,Cloudy,23,Thursday,0,Highway,Low,47,23,60,4,1,13.0,15:07
1748,B013,R001,S103,Tenali,16.239,80.645,6.47,12.94,Sunny,22,Thursday,1,Highway,Medium,51,50,60,3,4,14.6,15:08
1749,B005,R020,S079,Tenali,16.239,80.645,5.51,11.23,Rainy,24,Tuesday,1,Main Road,Medium,42,20,60,3,9,19.9,15:09
1750,B010,R018,S123,Namburu,16.36,80.52,7.0,14.95,Rainy,32,Tuesday,0,Village Road,Medium,30,12,60,3,9,26.0,15:10
1751,B011,R008,S114,Tulluru,16.52,80.58,3.41,32.3,Cloudy,35,Wednesday,0,Main Road,High,38,28,60,1,9,15.4,15:11
1752,B002,R008,S185,Pedakakani,16.285,80.49,4.62,33.44,Sunny,40,Tuesday,0,Village Road,Medium,35,12,60,2,4,13.9,15:12
1753,B007,R019,S199,Tenali,16.239,80.645,5.27,26.78,Sunny,40,Saturday,0,Village Road,Low,20,39,60,4,0,19.8,15:13
1754,B010,R019,S093,Namburu,16.36,80.52,4.38,29.17,Sunny,35,Tuesday,0,Main Road,Medium,35,35,60,2,4,13.5,15:14
1755,B016,R001,S005,Tulluru,16.52,80.58,0.86,6.7,Cloudy,32,Monday,0,Main Road,Low,33,16,60,1,1,3.6,15:15
1756,B003,R016,S093,Vaddeswaram,16.49,80.61,7.56,11.97,Cloudy,31,Wednesday,1,Main Road,Low,32,9,60,1,1,16.2,15:16
1757,B011,R001,S200,Prathipadu,16.48,80.32,1.2,27.84,Sunny,25,Wednesday,0,Main Road,Medium,34,30,60,4,4,10.1,15:17
1758,B010,R018,S049,Tulluru,16.52,80.58,2.45,24.09,Cloudy,28,Monday,1,Main Road,Low,35,37,60,3,1,8.2,15:18
1759,B011,R015,S153,Namburu,16.36,80.52,4.65,23.98,Rainy,26,Tuesday,0,Highway,Medium,52,30,60,3,9,17.4,15:19
1760,B020,R016,S172,Namburu,16.36,80.52,0.85,11.8,Cloudy,26,Monday,0,Highway,Medium,55,27,60,4,5,9.9,15:20
1761,B019,R015,S001,Mangalagiri,16.4303,80.5681,1.91,23.62,Sunny,30,Friday,0,Main Road,Low,33,53,60,2,0,5.5,15:21
1762,B003,R014,S055,Namburu,16.36,80.52,4.66,32.8,Rainy,36,Monday,1,Main Road,High,33,43,60,1,13,22.5,15:22
1763,B010,R018,S120,Tadikonda,16.405,80.643,2.98,28.76,Foggy,29,Friday,1,Village Road,High,32,15,60,2,12,19.6,15:23
1764,B015,R008,S195,Prathipadu,16.48,80.32,2.08,21.67,Foggy,35,Saturday,1,Highway,High,47,35,60,4,12,18.7,15:24
1765,B017,R016,S043,Tadikonda,16.405,80.643,5.37,11.3,Rainy,34,Wednesday,1,Village Road,High,24,12,60,4,13,30.4,15:25
1766,B008,R009,S137,Pedakakani,16.285,80.49,7.04,26.47,Cloudy,22,Saturday,1,Village Road,High,34,13,60,1,9,22.4,15:26
1767,B016,R008,S123,Ponnur,16.065,80.551,5.99,23.02,Sunny,35,Tuesday,1,Main Road,Low,31,15,60,3,0,14.6,15:27
1768,B002,R020,S195,Prathipadu,16.48,80.32,2.68,7.29,Sunny,24,Saturday,1,Main Road,Low,34,58,60,2,0,6.7,15:28
1769,B013,R010,S017,Guntur,16.3067,80.4365,2.54,30.87,Sunny,30,Thursday,1,Village Road,Low,32,31,60,2,0,6.8,15:29
1770,B020,R017,S189,Tulluru,16.52,80.58,4.56,8.34,Sunny,30,Thursday,1,Village Road,Medium,20,15,60,3,4,20.7,15:30
1771,B012,R008,S153,Tadikonda,16.405,80.643,5.73,33.08,Sunny,22,Tuesday,0,Main Road,Medium,40,32,60,1,4,13.6,15:31
1772,B019,R002,S181,Tadikonda,16.405,80.643,3.14,4.42,Cloudy,23,Thursday,1,Village Road,Low,30,58,60,1,1,8.3,15:32
1773,B009,R002,S183,Namburu,16.36,80.52,4.05,18.72,Cloudy,31,Tuesday,0,Main Road,High,39,12,60,3,9,18.2,15:33
1774,B020,R007,S079,Prathipadu,16.48,80.32,3.99,14.9,Rainy,29,Saturday,1,Main Road,High,31,42,60,2,13,22.7,15:34
1775,B008,R017,S026,Guntur,16.3067,80.4365,2.06,16.12,Sunny,29,Tuesday,0,Main Road,Medium,35,35,60,2,4,9.5,15:35
1776,B010,R016,S065,Tenali,16.239,80.645,2.1,9.0,Rainy,22,Saturday,1,Main Road,Low,36,17,60,2,5,10.5,15:36
1777,B011,R004,S008,Namburu,16.36,80.52,1.12,28.6,Sunny,37,Saturday,0,Highway,Low,52,28,60,2,0,3.3,15:37
1778,B011,R013,S079,Pedakakani,16.285,80.49,5.37,26.32,Sunny,24,Monday,0,Main Road,Low,31,28,60,3,0,13.4,15:38
1779,B019,R003,S064,Pedakakani,16.285,80.49,4.48,28.86,Rainy,33,Monday,1,Village Road,High,25,50,60,1,13,24.8,15:39
1780,B012,R016,S032,Tenali,16.239,80.645,5.24,31.47,Cloudy,34,Thursday,0,Village Road,Low,20,16,60,3,1,19.7,15:40
1781,B003,R018,S169,Vaddeswaram,16.49,80.61,2.57,27.77,Cloudy,33,Saturday,1,Main Road,Medium,38,20,60,2,5,11.1,15:41
1782,B017,R012,S171,Pedakakani,16.285,80.49,7.56,16.94,Sunny,35,Friday,1,Highway,Low,45,34,60,4,0,14.1,15:42
1783,B002,R003,S073,Mangalagiri,16.4303,80.5681,7.37,22.53,Cloudy,35,Saturday,0,Main Road,Medium,43,59,60,1,5,16.3,15:43
1784,B013,R004,S099,Guntur,16.3067,80.4365,4.58,21.3,Sunny,29,Friday,0,Village Road,Medium,34,31,60,3,4,15.1,15:44
1785,B002,R019,S098,Vaddeswaram,16.49,80.61,6.68,17.28,Cloudy,32,Thursday,0,Main Road,Medium,32,29,60,3,5,20.5,15:45
1786,B010,R015,S040,Namburu,16.36,80.52,7.63,29.07,Sunny,28,Thursday,0,Highway,Low,46,27,60,1,0,11.0,15:46
1787,B004,R009,S089,Prathipadu,16.48,80.32,7.71,14.37,Cloudy,31,Friday,0,Main Road,Medium,37,31,60,3,5,20.5,15:47
1788,B015,R012,S018,Namburu,16.36,80.52,2.7,3.76,Cloudy,39,Wednesday,1,Village Road,Medium,33,11,60,4,5,13.9,15:48
1789,B008,R003,S129,Mangalagiri,16.4303,80.5681,3.33,21.56,Sunny,23,Saturday,1,Main Road,Low,43,18,60,3,0,7.6,15:49
1790,B008,R016,S181,Tulluru,16.52,80.58,3.32,28.37,Sunny,37,Thursday,0,Village Road,Low,22,6,60,2,0,11.1,15:50
1791,B005,R001,S027,Tenali,16.239,80.645,5.06,9.89,Sunny,26,Wednesday,0,Highway,Medium,60,13,60,4,4,13.1,15:51
1792,B017,R002,S171,Pedakakani,16.285,80.49,0.97,2.7,Cloudy,40,Friday,0,Village Road,Low,28,41,60,1,1,4.1,15:52
1793,B007,R010,S064,Namburu,16.36,80.52,4.47,8.52,Sunny,38,Tuesday,0,Main Road,Low,37,6,60,1,0,8.2,15:53
1794,B009,R004,S113,Guntur,16.3067,80.4365,1.93,11.15,Foggy,40,Friday,1,Main Road,High,37,25,60,4,12,19.1,15:54
1795,B006,R005,S087,Ponnur,16.065,80.551,5.26,26.06,Cloudy,26,Thursday,1,Main Road,Low,34,45,60,4,1,14.3,15:55
1796,B015,R015,S027,Prathipadu,16.48,80.32,1.07,7.8,Sunny,27,Wednesday,0,Highway,High,50,47,60,4,8,13.3,15:56
1797,B011,R003,S106,Pedakakani,16.285,80.49,7.45,32.98,Rainy,34,Thursday,0,Main Road,Low,38,50,60,1,5,17.8,15:57
1798,B019,R018,S098,Vaddeswaram,16.49,80.61,4.31,20.91,Sunny,28,Thursday,0,Village Road,Medium,22,25,60,1,4,16.8,15:58
1799,B009,R018,S140,Tadikonda,16.405,80.643,2.98,3.42,Foggy,34,Tuesday,0,Main Road,Low,39,20,60,2,4,10.6,15:59
1800,B005,R013,S174,Namburu,16.36,80.52,1.1,29.39,Rainy,34,Saturday,0,Main Road,High,39,21,60,1,13,15.7,16:00
1801,B017,R019,S191,Mangalagiri,16.4303,80.5681,3.56,4.3,Rainy,25,Monday,0,Main Road,Medium,43,51,60,1,9,15.0,16:01
1802,B003,R002,S057,Pedakakani,16.285,80.49,6.03,18.31,Rainy,30,Monday,1,Village Road,Medium,27,10,60,3,9,25.4,16:02
1803,B008,R006,S081,Tenali,16.239,80.645,5.36,14.72,Sunny,25,Thursday,0,Village Road,High,35,24,60,1,8,18.2,16:03
1804,B015,R004,S076,Ponnur,16.065,80.551,4.92,13.17,Foggy,38,Thursday,0,Main Road,Low,43,9,60,4,4,14.9,16:04
1805,B016,R020,S069,Guntur,16.3067,80.4365,2.76,16.97,Sunny,23,Thursday,1,Highway,High,53,6,60,3,8,14.1,16:05
1806,B020,R008,S064,Tenali,16.239,80.645,5.25,22.67,Cloudy,25,Saturday,0,Main Road,High,38,30,60,1,9,18.3,16:06
1807,B012,R008,S017,Tulluru,16.52,80.58,1.31,26.31,Sunny,39,Monday,1,Main Road,Low,42,36,60,4,0,5.9,16:07
1808,B006,R011,S058,Prathipadu,16.48,80.32,7.97,26.05,Sunny,34,Monday,1,Main Road,Medium,32,23,60,1,4,19.9,16:08
1809,B017,R009,S133,Guntur,16.3067,80.4365,3.68,21.66,Sunny,24,Thursday,0,Highway,High,59,46,60,3,8,14.7,16:09
1810,B016,R008,S168,Tenali,16.239,80.645,7.43,21.11,Rainy,37,Wednesday,1,Main Road,Medium,30,43,60,4,9,27.9,16:10
1811,B002,R002,S072,Tenali,16.239,80.645,1.54,29.49,Sunny,22,Tuesday,0,Village Road,Low,34,22,60,4,0,6.7,16:11
1812,B019,R014,S180,Ponnur,16.065,80.551,4.02,10.84,Cloudy,32,Wednesday,0,Main Road,Low,40,19,60,3,1,10.0,16:12
1813,B010,R020,S178,Tulluru,16.52,80.58,6.03,16.84,Rainy,40,Friday,0,Village Road,High,24,29,60,1,13,29.1,16:13
1814,B015,R007,S146,Prathipadu,16.48,80.32,7.69,26.09,Sunny,31,Thursday,0,Village Road,Medium,21,22,60,1,4,27.0,16:14
1815,B020,R005,S123,Vaddeswaram,16.49,80.61,6.72,32.09,Sunny,34,Friday,1,Main Road,Low,36,47,60,2,0,13.2,16:15
1816,B015,R002,S111,Mangalagiri,16.4303,80.5681,4.95,28.68,Sunny,22,Wednesday,1,Main Road,High,37,40,60,4,8,20.0,16:16
1817,B001,R013,S179,Mangalagiri,16.4303,80.5681,5.17,8.72,Sunny,40,Friday,0,Main Road,Medium,40,28,60,3,4,14.8,16:17
1818,B012,R016,S002,Ponnur,16.065,80.551,5.8,19.24,Sunny,29,Friday,0,Main Road,Low,36,21,60,3,0,12.7,16:18
1819,B011,R001,S160,Tadikonda,16.405,80.643,7.67,25.17,Sunny,27,Thursday,0,Main Road,Low,42,5,60,1,0,12.0,16:19
1820,B007,R018,S067,Guntur,16.3067,80.4365,6.69,19.41,Rainy,30,Saturday,0,Main Road,Medium,31,13,60,4,9,25.9,16:20
1821,B019,R020,S014,Mangalagiri,16.4303,80.5681,4.49,24.14,Rainy,39,Thursday,1,Village Road,Low,35,13,60,4,5,16.7,16:21
1822,B008,R014,S093,Tenali,16.239,80.645,2.7,10.57,Cloudy,32,Saturday,1,Main Road,Low,32,9,60,4,1,10.1,16:22
1823,B010,R004,S124,Tulluru,16.52,80.58,0.95,7.35,Cloudy,34,Monday,0,Highway,Low,47,58,60,4,1,6.2,16:23
1824,B020,R019,S017,Guntur,16.3067,80.4365,5.77,18.86,Cloudy,35,Thursday,1,Highway,Low,58,22,60,3,1,10.0,16:24
1825,B018,R005,S163,Guntur,16.3067,80.4365,5.93,27.96,Foggy,34,Thursday,0,Village Road,Medium,20,16,60,2,8,27.8,16:25
1826,B011,R006,S158,Prathipadu,16.48,80.32,5.16,23.9,Rainy,35,Wednesday,1,Village Road,Low,26,24,60,2,5,18.9,16:26
1827,B008,R008,S012,Vaddeswaram,16.49,80.61,3.93,7.32,Sunny,35,Wednesday,0,Main Road,High,43,43,60,3,8,16.5,16:27
1828,B013,R006,S200,Vaddeswaram,16.49,80.61,6.85,16.37,Cloudy,37,Friday,1,Highway,Low,60,44,60,1,1,8.8,16:28
1829,B006,R004,S106,Guntur,16.3067,80.4365,0.91,22.8,Foggy,27,Saturday,1,Highway,High,56,30,60,4,12,17.0,16:29
1830,B020,R019,S146,Guntur,16.3067,80.4365,2.94,19.0,Cloudy,37,Thursday,0,Main Road,Low,40,51,60,3,1,8.4,16:30
1831,B009,R015,S069,Namburu,16.36,80.52,6.94,16.42,Cloudy,24,Monday,0,Village Road,Low,33,35,60,2,1,15.6,16:31
1832,B014,R004,S027,Tenali,16.239,80.645,5.92,18.69,Sunny,27,Wednesday,1,Village Road,High,24,51,60,4,8,26.8,16:32
1833,B019,R006,S161,Tadikonda,16.405,80.643,1.11,13.05,Cloudy,30,Saturday,0,Main Road,Low,30,37,60,2,1,5.2,16:33
1834,B015,R008,S184,Namburu,16.36,80.52,7.19,27.68,Sunny,35,Wednesday,1,Main Road,Medium,33,39,60,2,4,19.1,16:34
1835,B018,R016,S065,Pedakakani,16.285,80.49,0.85,19.37,Cloudy,24,Thursday,0,Highway,High,45,36,60,2,9,12.1,16:35
1836,B001,R001,S094,Tulluru,16.52,80.58,1.28,20.02,Sunny,24,Monday,0,Main Road,Medium,42,44,60,1,4,6.8,16:36
1837,B001,R015,S035,Ponnur,16.065,80.551,3.89,9.08,Sunny,26,Tuesday,1,Main Road,Medium,34,7,60,4,4,14.9,16:37
1838,B015,R011,S053,Tadikonda,16.405,80.643,5.62,26.1,Cloudy,40,Monday,1,Village Road,High,24,54,60,2,9,25.0,16:38
1839,B020,R013,S143,Tulluru,16.52,80.58,5.91,12.54,Rainy,37,Saturday,1,Highway,Medium,45,5,60,4,9,20.9,16:39
1840,B013,R009,S149,Tenali,16.239,80.645,2.8,10.38,Sunny,36,Monday,0,Main Road,High,38,48,60,4,8,16.4,16:40
1841,B006,R017,S001,Vaddeswaram,16.49,80.61,3.17,22.85,Sunny,40,Tuesday,1,Main Road,Medium,30,11,60,4,4,14.3,16:41
1842,B004,R011,S042,Mangalagiri,16.4303,80.5681,5.23,34.58,Cloudy,32,Wednesday,0,Main Road,Medium,30,49,60,2,5,17.5,16:42
1843,B008,R012,S070,Tenali,16.239,80.645,4.42,20.87,Cloudy,23,Saturday,1,Main Road,High,31,36,60,3,9,20.6,16:43
1844,B011,R011,S130,Prathipadu,16.48,80.32,1.14,4.34,Sunny,35,Tuesday,1,Highway,Low,55,33,60,2,0,3.2,16:44
1845,B001,R009,S092,Vaddeswaram,16.49,80.61,2.39,31.89,Cloudy,39,Friday,0,Main Road,Low,42,50,60,2,1,6.4,16:45
1846,B011,R010,S170,Tulluru,16.52,80.58,6.75,10.69,Rainy,33,Friday,0,Main Road,Medium,32,7,60,3,9,24.7,16:46
1847,B007,R015,S152,Pedakakani,16.285,80.49,3.11,17.99,Rainy,39,Tuesday,0,Village Road,Medium,32,50,60,1,9,15.8,16:47
1848,B013,R001,S141,Ponnur,16.065,80.551,3.98,11.48,Cloudy,40,Wednesday,1,Village Road,Medium,22,7,60,1,5,16.9,16:48
1849,B002,R001,S132,Mangalagiri,16.4303,80.5681,6.39,12.43,Cloudy,28,Wednesday,1,Village Road,Medium,21,32,60,4,5,27.3,16:49
1850,B019,R020,S033,Mangalagiri,16.4303,80.5681,2.82,29.9,Cloudy,36,Monday,1,Highway,Medium,52,49,60,4,5,12.3,16:50
1851,B017,R012,S188,Prathipadu,16.48,80.32,5.67,28.12,Cloudy,39,Friday,1,Village Road,High,34,37,60,2,9,21.0,16:51
1852,B001,R016,S061,Mangalagiri,16.4303,80.5681,3.65,10.93,Rainy,37,Friday,1,Main Road,Medium,37,44,60,1,9,15.9,16:52
1853,B009,R004,S012,Tulluru,16.52,80.58,4.13,31.15,Rainy,36,Thursday,0,Village Road,Medium,28,52,60,3,9,20.9,16:53
1854,B001,R009,S064,Prathipadu,16.48,80.32,2.94,16.5,Cloudy,32,Friday,0,Highway,Low,55,44,60,4,1,8.2,16:54
1855,B011,R014,S171,Vaddeswaram,16.49,80.61,3.42,29.07,Rainy,39,Monday,1,Main Road,Medium,44,35,60,4,9,17.7,16:55
1856,B015,R015,S100,Vaddeswaram,16.49,80.61,4.32,32.98,Foggy,25,Saturday,0,Main Road,Low,39,25,60,1,4,11.6,16:56
1857,B010,R001,S061,Guntur,16.3067,80.4365,4.65,16.29,Sunny,28,Thursday,1,Main Road,Low,45,13,60,3,0,9.2,16:57
1858,B011,R007,S041,Vaddeswaram,16.49,80.61,1.43,31.42,Rainy,36,Tuesday,1,Main Road,Low,35,49,60,4,5,11.5,16:58
1859,B009,R016,S125,Pedakakani,16.285,80.49,2.69,23.39,Foggy,24,Wednesday,1,Village Road,Low,22,55,60,2,4,13.3,16:59
1860,B002,R002,S106,Tulluru,16.52,80.58,3.06,13.4,Foggy,25,Thursday,1,Main Road,Medium,37,9,60,2,8,15.0,16:00
1861,B004,R018,S145,Tenali,16.239,80.645,4.86,28.84,Sunny,29,Saturday,0,Main Road,Medium,38,45,60,2,4,13.7,16:01
1862,B018,R008,S168,Tadikonda,16.405,80.643,1.01,23.06,Sunny,22,Wednesday,1,Main Road,Low,43,23,60,2,0,3.4,16:02
1863,B002,R005,S105,Ponnur,16.065,80.551,7.55,18.68,Rainy,28,Saturday,1,Main Road,Low,37,32,60,3,5,20.2,16:03
1864,B009,R014,S010,Guntur,16.3067,80.4365,2.47,6.58,Foggy,22,Friday,0,Main Road,Medium,39,49,60,1,8,12.8,16:04
1865,B002,R019,S114,Tenali,16.239,80.645,7.21,24.09,Cloudy,33,Wednesday,0,Main Road,Low,34,30,60,2,1,15.7,16:05
1866,B002,R002,S054,Mangalagiri,16.4303,80.5681,0.97,22.61,Cloudy,40,Tuesday,1,Main Road,High,43,24,60,2,9,12.4,16:06
1867,B008,R008,S151,Tulluru,16.52,80.58,7.37,18.84,Cloudy,24,Saturday,0,Highway,Medium,58,41,60,2,5,14.6,16:07
1868,B002,R002,S144,Prathipadu,16.48,80.32,6.92,13.65,Sunny,26,Tuesday,0,Village Road,Medium,18,46,60,4,4,31.1,16:08
1869,B006,R018,S038,Namburu,16.36,80.52,6.41,15.88,Sunny,23,Thursday,0,Main Road,Medium,35,14,60,4,4,19.0,16:09
1870,B014,R012,S129,Tadikonda,16.405,80.643,3.83,21.14,Sunny,40,Wednesday,0,Main Road,Low,32,52,60,4,0,11.2,16:10
1871,B011,R006,S093,Ponnur,16.065,80.551,5.46,32.04,Sunny,36,Tuesday,1,Main Road,High,43,40,60,3,8,18.6,16:11
1872,B014,R011,S123,Namburu,16.36,80.52,7.32,15.15,Rainy,36,Thursday,0,Main Road,Medium,45,32,60,3,9,21.8,16:12
1873,B013,R003,S182,Mangalagiri,16.4303,80.5681,3.01,14.98,Cloudy,34,Wednesday,0,Highway,Low,59,33,60,2,1,6.1,16:13
1874,B018,R017,S003,Guntur,16.3067,80.4365,5.45,33.7,Sunny,28,Monday,1,Highway,Low,51,29,60,4,0,10.4,16:14
1875,B005,R018,S176,Ponnur,16.065,80.551,4.16,19.87,Rainy,33,Tuesday,1,Village Road,High,22,48,60,3,13,27.3,16:15
1876,B017,R015,S001,Ponnur,16.065,80.551,4.95,7.52,Cloudy,25,Thursday,0,Highway,Medium,57,49,60,1,5,11.2,16:16
1877,B016,R010,S015,Vaddeswaram,16.49,80.61,3.44,4.62,Sunny,31,Tuesday,0,Village Road,Medium,21,32,60,1,4,14.8,16:17
1878,B011,R003,S024,Vaddeswaram,16.49,80.61,5.84,25.28,Sunny,23,Friday,0,Main Road,Low,42,8,60,1,0,9.3,16:18
1879,B012,R010,S145,Namburu,16.36,80.52,6.11,6.95,Sunny,37,Tuesday,0,Highway,Low,48,50,60,2,0,9.6,16:19
1880,B009,R015,S173,Tulluru,16.52,80.58,5.26,31.83,Cloudy,32,Saturday,0,Highway,Low,47,60,60,4,1,11.7,16:20
1881,B006,R002,S073,Tulluru,16.52,80.58,6.79,11.8,Cloudy,24,Thursday,1,Main Road,Low,39,12,60,3,1,14.4,16:21
1882,B008,R015,S200,Pedakakani,16.285,80.49,1.08,24.88,Sunny,29,Thursday,1,Village Road,Medium,27,55,60,2,4,8.4,16:22
1883,B011,R016,S197,Prathipadu,16.48,80.32,1.63,21.91,Rainy,24,Thursday,1,Village Road,Low,35,43,60,3,5,10.8,16:23
1884,B007,R011,S129,Guntur,16.3067,80.4365,4.47,12.72,Sunny,34,Tuesday,1,Village Road,Medium,34,52,60,1,4,12.9,16:24
1885,B009,R012,S196,Guntur,16.3067,80.4365,3.18,20.13,Sunny,29,Wednesday,0,Main Road,Medium,38,33,60,2,4,11.0,16:25
1886,B014,R014,S131,Tulluru,16.52,80.58,7.36,22.9,Rainy,39,Saturday,1,Highway,High,48,43,60,3,13,25.2,16:26
1887,B007,R009,S178,Tenali,16.239,80.645,6.75,19.11,Sunny,39,Monday,0,Village Road,Medium,29,14,60,4,4,22.0,16:27
1888,B011,R011,S076,Tadikonda,16.405,80.643,3.29,32.32,Rainy,39,Tuesday,1,Main Road,Medium,38,55,60,1,9,15.2,16:28
1889,B010,R013,S002,Vaddeswaram,16.49,80.61,4.19,24.68,Cloudy,31,Tuesday,0,Village Road,Medium,27,34,60,4,5,18.3,16:29
1890,B009,R012,S037,Mangalagiri,16.4303,80.5681,1.38,14.27,Sunny,27,Thursday,1,Main Road,Medium,45,60,60,1,4,6.8,16:30
1891,B003,R008,S072,Prathipadu,16.48,80.32,3.18,11.54,Rainy,22,Monday,0,Main Road,Medium,44,51,60,3,9,16.3,16:31
1892,B003,R019,S054,Tulluru,16.52,80.58,5.78,34.66,Cloudy,30,Thursday,0,Village Road,Medium,18,38,60,3,5,27.3,16:32
1893,B014,R004,S018,Tulluru,16.52,80.58,2.86,11.7,Sunny,33,Thursday,1,Highway,Medium,49,13,60,3,4,10.5,16:33
1894,B008,R004,S097,Tadikonda,16.405,80.643,1.0,13.57,Cloudy,23,Tuesday,0,Village Road,Medium,32,33,60,3,5,9.9,16:34
1895,B003,R018,S106,Ponnur,16.065,80.551,7.71,13.0,Cloudy,27,Wednesday,1,Main Road,High,36,34,60,4,9,25.9,16:35
1896,B018,R016,S139,Pedakakani,16.285,80.49,5.3,11.59,Sunny,23,Thursday,1,Main Road,Medium,33,9,60,2,4,15.6,16:36
1897,B003,R017,S008,Pedakakani,16.285,80.49,3.19,15.23,Sunny,27,Saturday,0,Main Road,Low,41,26,60,3,0,7.7,16:37
1898,B013,R019,S183,Tadikonda,16.405,80.643,5.0,32.34,Foggy,38,Wednesday,0,Highway,Low,50,39,60,3,4,13.0,16:38
1899,B020,R018,S143,Vaddeswaram,16.49,80.61,3.16,4.49,Sunny,36,Monday,0,Village Road,Low,19,18,60,2,0,12.0,16:39
1900,B018,R013,S035,Tadikonda,16.405,80.643,4.57,33.97,Sunny,35,Friday,1,Village Road,Low,30,16,60,4,0,13.1,17:40
1901,B018,R008,S069,Namburu,16.36,80.52,6.0,10.49,Rainy,36,Monday,0,Highway,Medium,59,31,60,4,9,19.1,17:41
1902,B016,R008,S088,Tadikonda,16.405,80.643,5.39,15.8,Rainy,35,Tuesday,0,Main Road,High,37,46,60,3,13,24.7,17:42
1903,B007,R002,S033,Tadikonda,16.405,80.643,1.2,11.12,Sunny,36,Tuesday,0,Village Road,Low,19,15,60,4,0,7.8,17:43
1904,B011,R011,S087,Vaddeswaram,16.49,80.61,5.91,29.57,Cloudy,31,Thursday,0,Main Road,Low,30,42,60,2,1,14.8,17:44
1905,B012,R019,S108,Namburu,16.36,80.52,1.55,14.02,Cloudy,31,Thursday,1,Village Road,High,27,19,60,1,9,13.4,17:45
1906,B014,R016,S192,Vaddeswaram,16.49,80.61,2.94,31.9,Rainy,29,Tuesday,0,Main Road,Medium,42,50,60,3,9,16.2,17:46
1907,B001,R001,S169,Tadikonda,16.405,80.643,4.72,14.63,Rainy,35,Tuesday,0,Main Road,Medium,35,48,60,4,9,21.1,17:47
1908,B007,R002,S022,Tulluru,16.52,80.58,3.84,4.79,Cloudy,26,Saturday,0,Main Road,Medium,38,19,60,3,5,14.1,17:48
1909,B018,R008,S064,Tenali,16.239,80.645,5.99,21.13,Rainy,33,Thursday,0,Main Road,Low,33,25,60,2,5,17.9,17:49
1910,B009,R007,S084,Vaddeswaram,16.49,80.61,5.65,34.05,Sunny,34,Thursday,0,Village Road,Low,35,13,60,4,0,13.7,17:50
1911,B019,R010,S091,Namburu,16.36,80.52,7.47,18.44,Cloudy,37,Wednesday,1,Main Road,Medium,32,44,60,4,5,23.0,17:51
1912,B015,R004,S077,Tulluru,16.52,80.58,3.13,22.59,Sunny,38,Wednesday,1,Main Road,Medium,30,9,60,1,4,11.3,17:52
1913,B015,R017,S166,Vaddeswaram,16.49,80.61,1.74,27.34,Sunny,38,Tuesday,0,Main Road,High,35,30,60,1,8,12.0,17:53
1914,B005,R002,S053,Pedakakani,16.285,80.49,2.96,30.19,Cloudy,23,Saturday,0,Highway,Medium,47,35,60,3,5,11.8,17:54
1915,B007,R012,S175,Prathipadu,16.48,80.32,0.99,22.91,Sunny,29,Tuesday,0,Village Road,Medium,24,55,60,1,4,7.5,17:55
1916,B010,R001,S148,Tadikonda,16.405,80.643,6.1,11.29,Rainy,30,Monday,0,Village Road,Low,18,56,60,2,5,27.3,17:56
1917,B010,R016,S156,Mangalagiri,16.4303,80.5681,3.35,20.5,Sunny,30,Monday,0,Village Road,Medium,23,56,60,1,4,13.7,17:57
1918,B007,R010,S190,Tenali,16.239,80.645,0.86,17.47,Foggy,29,Wednesday,1,Village Road,Medium,31,35,60,1,8,10.7,17:58
1919,B004,R004,S039,Mangalagiri,16.4303,80.5681,3.88,16.36,Sunny,22,Tuesday,0,Main Road,Low,35,49,60,2,0,8.7,17:59
1920,B018,R018,S166,Tenali,16.239,80.645,2.89,28.67,Sunny,38,Saturday,0,Main Road,Medium,31,42,60,1,4,10.6,17:00
1921,B017,R005,S018,Prathipadu,16.48,80.32,2.16,26.9,Cloudy,28,Tuesday,1,Main Road,Low,41,30,60,1,1,5.2,17:01
1922,B016,R002,S077,Vaddeswaram,16.49,80.61,7.71,14.72,Rainy,24,Thursday,0,Village Road,Medium,32,5,60,4,9,27.5,17:02
1923,B004,R008,S185,Tenali,16.239,80.645,6.51,20.88,Rainy,28,Tuesday,0,Main Road,Low,33,53,60,1,5,17.8,17:03
1924,B012,R002,S184,Tenali,16.239,80.645,1.0,15.79,Cloudy,37,Thursday,1,Main Road,Low,41,53,60,4,1,6.5,17:04
1925,B007,R016,S165,Tadikonda,16.405,80.643,1.34,12.66,Sunny,38,Saturday,0,Main Road,Medium,34,10,60,1,4,7.4,17:05
1926,B014,R013,S119,Guntur,16.3067,80.4365,6.27,23.47,Rainy,22,Monday,1,Main Road,Low,30,43,60,1,5,18.5,17:06
1927,B002,R001,S127,Tulluru,16.52,80.58,7.0,11.11,Sunny,25,Saturday,1,Main Road,Medium,42,38,60,4,4,18.0,17:07
1928,B007,R001,S193,Guntur,16.3067,80.4365,5.52,22.3,Sunny,34,Wednesday,1,Village Road,Low,26,23,60,3,0,15.7,17:08
1929,B005,R017,S084,Ponnur,16.065,80.551,4.17,22.16,Cloudy,39,Saturday,0,Village Road,Low,25,48,60,2,1,13.0,17:09
1930,B001,R007,S080,Pedakakani,16.285,80.49,3.08,29.19,Rainy,38,Tuesday,0,Main Road,Low,38,32,60,4,5,13.9,17:10
1931,B018,R001,S009,Namburu,16.36,80.52,3.65,20.53,Sunny,30,Saturday,0,Main Road,Medium,45,31,60,2,4,10.9,17:11
1932,B004,R013,S060,Ponnur,16.065,80.551,7.27,15.47,Sunny,37,Monday,0,Main Road,Medium,43,7,60,3,4,17.1,17:12
1933,B012,R017,S078,Prathipadu,16.48,80.32,7.21,24.46,Sunny,22,Friday,0,Main Road,Medium,40,12,60,3,4,17.8,17:13
1934,B003,R003,S107,Ponnur,16.065,80.551,2.08,5.46,Sunny,39,Thursday,0,Main Road,Low,41,11,60,4,0,7.0,17:14
1935,B011,R011,S087,Ponnur,16.065,80.551,1.35,16.84,Cloudy,30,Thursday,1,Main Road,Low,36,21,60,1,1,4.2,17:15
1936,B016,R015,S023,Tadikonda,16.405,80.643,6.22,33.97,Foggy,30,Monday,0,Village Road,High,34,23,60,2,12,25.0,17:16
1937,B008,R001,S023,Ponnur,16.065,80.551,6.9,17.53,Sunny,24,Friday,1,Main Road,Medium,38,46,60,1,4,15.9,17:17
1938,B015,R007,S100,Tadikonda,16.405,80.643,3.51,21.12,Cloudy,38,Tuesday,1,Highway,High,49,47,60,1,9,14.3,17:18
1939,B014,R012,S009,Guntur,16.3067,80.4365,7.85,25.41,Rainy,39,Monday,0,Village Road,Low,18,17,60,1,5,32.2,17:19
1940,B015,R002,S004,Prathipadu,16.48,80.32,2.78,18.61,Sunny,35,Tuesday,1,Village Road,Low,25,41,60,4,0,10.7,17:20
1941,B014,R019,S085,Pedakakani,16.285,80.49,6.64,24.46,Sunny,31,Tuesday,0,Village Road,Low,27,52,60,4,0,18.8,17:21
1942,B003,R015,S053,Namburu,16.36,80.52,4.22,9.28,Sunny,30,Wednesday,1,Village Road,Low,22,42,60,4,0,15.5,17:22
1943,B006,R014,S072,Ponnur,16.065,80.551,3.05,6.58,Sunny,38,Friday,1,Main Road,Medium,35,50,60,2,4,11.2,17:23
1944,B011,R015,S104,Mangalagiri,16.4303,80.5681,4.0,17.95,Sunny,24,Saturday,0,Main Road,High,31,7,60,3,8,18.7,17:24
1945,B011,R012,S199,Ponnur,16.065,80.551,5.83,31.43,Cloudy,26,Friday,0,Village Road,Low,20,45,60,2,1,20.5,17:25
1946,B005,R014,S084,Tenali,16.239,80.645,5.54,22.75,Cloudy,34,Wednesday,1,Main Road,Medium,41,50,60,1,5,14.1,17:26
1947,B002,R017,S153,Namburu,16.36,80.52,4.83,31.34,Sunny,30,Monday,0,Highway,Medium,47,36,60,4,4,14.2,17:27
1948,B004,R019,S130,Tulluru,16.52,80.58,2.97,15.01,Cloudy,29,Monday,1,Highway,Low,58,28,60,1,1,5.1,17:28
1949,B006,R008,S128,Ponnur,16.065,80.551,7.71,32.11,Rainy,37,Wednesday,1,Highway,Medium,54,34,60,3,9,20.6,17:29
1950,B018,R006,S194,Guntur,16.3067,80.4365,2.54,12.57,Sunny,27,Thursday,1,Highway,Low,48,41,60,1,0,4.2,17:30
1951,B018,R007,S147,Tulluru,16.52,80.58,6.04,10.49,Rainy,33,Thursday,0,Highway,Medium,58,31,60,2,9,17.2,17:31
1952,B015,R002,S063,Ponnur,16.065,80.551,6.77,12.44,Sunny,37,Friday,0,Main Road,High,33,38,60,1,8,21.3,17:32
1953,B019,R017,S061,Vaddeswaram,16.49,80.61,1.98,16.94,Rainy,30,Friday,1,Village Road,High,25,43,60,1,13,18.8,17:33
1954,B012,R002,S122,Tadikonda,16.405,80.643,4.69,30.65,Sunny,31,Saturday,1,Main Road,High,45,56,60,4,8,18.3,17:34
1955,B017,R004,S115,Pedakakani,16.285,80.49,4.19,15.0,Rainy,40,Wednesday,1,Main Road,Low,34,35,60,2,5,14.4,17:35
1956,B013,R020,S058,Tulluru,16.52,80.58,3.2,7.17,Sunny,23,Tuesday,0,Main Road,Low,36,59,60,2,0,7.3,17:36
1957,B015,R009,S199,Prathipadu,16.48,80.32,7.66,18.8,Sunny,23,Saturday,1,Main Road,Medium,41,19,60,1,4,16.2,17:37
1958,B018,R007,S124,Pedakakani,16.285,80.49,2.76,14.75,Sunny,40,Friday,0,Highway,Medium,55,8,60,3,4,10.0,17:38
1959,B009,R005,S039,Pedakakani,16.285,80.49,5.12,11.39,Sunny,39,Wednesday,1,Village Road,Low,31,15,60,2,0,11.9,17:39
1960,B008,R008,S184,Vaddeswaram,16.49,80.61,5.65,11.24,Sunny,37,Saturday,0,Main Road,Medium,37,5,60,1,4,14.2,17:40
1961,B007,R007,S060,Vaddeswaram,16.49,80.61,2.61,29.49,Sunny,28,Saturday,0,Main Road,Low,34,45,60,3,0,7.6,17:41
1962,B018,R001,S069,Vaddeswaram,16.49,80.61,3.67,26.65,Sunny,36,Tuesday,1,Village Road,Low,29,11,60,4,0,11.6,17:42
1963,B010,R012,S181,Tulluru,16.52,80.58,7.64,24.78,Sunny,33,Wednesday,1,Main Road,Low,33,51,60,4,0,17.9,17:43
1964,B015,R007,S166,Tadikonda,16.405,80.643,5.27,9.99,Sunny,35,Friday,1,Highway,Low,60,44,60,2,0,7.3,17:44
1965,B007,R003,S178,Tenali,16.239,80.645,2.39,16.09,Sunny,33,Monday,0,Main Road,High,36,15,60,2,8,14.0,17:45
1966,B011,R001,S102,Mangalagiri,16.4303,80.5681,6.54,29.92,Cloudy,35,Thursday,1,Main Road,Medium,43,45,60,2,5,16.1,17:46
1967,B008,R005,S144,Guntur,16.3067,80.4365,4.36,18.49,Rainy,40,Wednesday,0,Main Road,High,37,51,60,4,13,24.1,17:47
1968,B019,R013,S062,Guntur,16.3067,80.4365,1.86,15.95,Sunny,36,Wednesday,0,Main Road,Low,35,41,60,3,0,6.2,17:48
1969,B014,R012,S112,Prathipadu,16.48,80.32,0.85,17.54,Rainy,33,Tuesday,0,Main Road,Low,40,35,60,3,5,9.3,17:49
1970,B007,R013,S172,Guntur,16.3067,80.4365,1.88,27.45,Sunny,34,Tuesday,0,Main Road,Low,31,27,60,4,0,7.6,17:50
1971,B019,R007,S154,Prathipadu,16.48,80.32,2.02,23.91,Cloudy,24,Thursday,1,Main Road,Low,36,5,60,3,1,7.4,17:51
1972,B007,R005,S106,Mangalagiri,16.4303,80.5681,4.75,17.67,Cloudy,31,Wednesday,1,Main Road,Medium,30,54,60,4,5,18.5,17:52
1973,B002,R020,S172,Vaddeswaram,16.49,80.61,3.37,14.26,Sunny,22,Friday,0,Village Road,High,34,36,60,4,8,17.9,17:53
1974,B014,R014,S148,Mangalagiri,16.4303,80.5681,1.57,10.14,Rainy,31,Wednesday,1,Village Road,Medium,35,55,60,3,9,14.7,17:54
1975,B005,R017,S147,Tenali,16.239,80.645,7.15,29.48,Rainy,22,Saturday,1,Main Road,Medium,44,29,60,3,9,21.8,17:55
1976,B015,R009,S063,Prathipadu,16.48,80.32,4.7,31.52,Sunny,30,Wednesday,0,Main Road,Medium,36,43,60,2,4,13.8,17:56
1977,B009,R013,S156,Prathipadu,16.48,80.32,1.94,11.64,Sunny,27,Wednesday,0,Main Road,Low,31,24,60,4,0,7.8,17:57
1978,B008,R017,S116,Tenali,16.239,80.645,7.98,13.58,Sunny,24,Monday,0,Main Road,Low,40,18,60,1,0,13.0,17:58
1979,B013,R009,S113,Pedakakani,16.285,80.49,3.88,31.02,Sunny,30,Thursday,1,Village Road,Medium,30,52,60,4,4,15.8,17:59
1980,B019,R013,S179,Tulluru,16.52,80.58,2.14,5.61,Foggy,32,Wednesday,1,Highway,Low,47,50,60,2,4,8.7,17:00
1981,B007,R012,S034,Vaddeswaram,16.49,80.61,6.47,15.55,Cloudy,39,Thursday,1,Village Road,Low,19,5,60,2,1,23.4,17:01
1982,B007,R017,S003,Mangalagiri,16.4303,80.5681,6.32,7.1,Rainy,25,Monday,0,Village Road,Medium,18,16,60,4,9,34.1,17:02
1983,B020,R010,S156,Ponnur,16.065,80.551,1.47,12.71,Cloudy,40,Friday,0,Village Road,Low,35,17,60,1,1,4.5,17:03
1984,B019,R014,S137,Prathipadu,16.48,80.32,3.22,20.49,Cloudy,36,Monday,1,Main Road,Medium,31,55,60,2,5,13.2,17:04
1985,B001,R016,S180,Namburu,16.36,80.52,5.19,9.62,Cloudy,25,Friday,1,Highway,High,45,10,60,3,9,18.9,17:05
1986,B002,R019,S198,Tadikonda,16.405,80.643,1.33,7.17,Sunny,30,Monday,0,Village Road,Medium,22,57,60,2,4,9.6,17:06
1987,B018,R001,S100,Tenali,16.239,80.645,3.42,20.09,Cloudy,34,Monday,0,Main Road,Low,45,49,60,3,1,8.6,17:07
1988,B014,R011,S126,Tadikonda,16.405,80.643,7.4,37.24,Rainy,24,Tuesday,0,Village Road,Medium,25,12,60,1,9,27.8,17:08
1989,B020,R020,S057,Vaddeswaram,16.49,80.61,5.6,9.55,Cloudy,28,Monday,0,Main Road,Medium,32,25,60,2,5,17.5,17:09
1990,B020,R014,S143,Pedakakani,16.285,80.49,3.89,8.41,Sunny,38,Saturday,0,Main Road,Low,34,59,60,3,0,9.9,17:10
1991,B003,R003,S037,Guntur,16.3067,80.4365,6.99,8.44,Sunny,23,Tuesday,1,Village Road,Low,30,5,60,2,0,16.0,17:11
1992,B018,R003,S178,Vaddeswaram,16.49,80.61,6.33,13.93,Rainy,37,Monday,1,Highway,Medium,53,7,60,1,9,17.2,17:12
1993,B019,R011,S129,Vaddeswaram,16.49,80.61,2.7,19.68,Rainy,23,Thursday,0,Village Road,Low,28,49,60,1,5,11.8,17:13
1994,B016,R009,S037,Namburu,16.36,80.52,2.39,20.94,Rainy,30,Monday,1,Main Road,Medium,43,14,60,1,9,13.3,17:14
1995,B007,R018,S074,Tulluru,16.52,80.58,7.5,37.4,Sunny,36,Thursday,1,Main Road,Medium,41,43,60,3,4,18.0,17:15
1996,B004,R016,S076,Mangalagiri,16.4303,80.5681,1.49,29.63,Sunny,34,Friday,1,Village Road,High,19,42,60,4,8,16.7,17:16
1997,B014,R001,S197,Guntur,16.3067,80.4365,7.69,10.23,Sunny,28,Wednesday,0,Highway,Medium,57,22,60,4,4,16.1,17:17
1998,B010,R002,S041,Prathipadu,16.48,80.32,1.7,12.79,Sunny,24,Wednesday,1,Village Road,Low,19,13,60,4,0,9.4,17:18
1999,B002,R001,S134,Tenali,16.239,80.645,2.77,31.6,Sunny,32,Saturday,1,Highway,Low,49,43,60,4,0,7.4,17:19
2000,B008,R011,S051,Prathipadu,16.48,80.32,3.41,28.89,Sunny,24,Tuesday,0,Village Road,Low,21,37,60,3,0,12.7,08:20
2001,B005,R005,S186,Ponnur,16.065,80.551,5.21,30.09,Cloudy,25,Monday,0,Main Road,Low,30,14,60,2,1,13.4,08:21
2002,B001,R018,S125,Tulluru,16.52,80.58,6.51,14.82,Rainy,38,Tuesday,1,Main Road,Medium,37,49,60,3,9,22.6,08:22
2003,B014,R017,S038,Tenali,16.239,80.645,1.89,28.11,Sunny,29,Monday,0,Main Road,Low,45,36,60,1,0,3.5,08:23
2004,B006,R014,S089,Tulluru,16.52,80.58,7.71,31.83,Sunny,36,Friday,1,Village Road,Medium,18,56,60,3,4,32.7,08:24
2005,B007,R010,S129,Tenali,16.239,80.645,7.8,31.09,Rainy,38,Friday,0,Main Road,High,45,17,60,4,13,27.4,08:25
2006,B003,R015,S135,Namburu,16.36,80.52,2.93,8.5,Sunny,39,Tuesday,0,Village Road,Medium,27,26,60,1,4,11.5,08:26
2007,B001,R009,S113,Guntur,16.3067,80.4365,2.46,24.55,Foggy,34,Thursday,1,Village Road,Low,29,29,60,2,4,11.1,08:27
2008,B002,R016,S081,Prathipadu,16.48,80.32,3.11,24.0,Sunny,28,Monday,0,Village Road,Medium,27,50,60,2,4,12.9,08:28
2009,B016,R010,S183,Prathipadu,16.48,80.32,6.4,27.68,Sunny,24,Wednesday,1,Main Road,Low,33,19,60,1,0,12.6,08:29
2010,B010,R012,S182,Guntur,16.3067,80.4365,1.39,29.05,Cloudy,36,Wednesday,1,Main Road,Low,30,18,60,4,1,7.8,08:30
2011,B019,R015,S043,Tenali,16.239,80.645,5.72,16.59,Sunny,35,Friday,1,Highway,Low,60,6,60,3,0,8.7,08:31
2012,B018,R014,S161,Mangalagiri,16.4303,80.5681,2.43,11.48,Sunny,24,Saturday,0,Highway,Medium,46,58,60,3,4,10.2,08:32
2013,B014,R008,S132,Namburu,16.36,80.52,3.44,21.16,Sunny,26,Thursday,1,Main Road,Medium,34,42,60,4,4,14.1,08:33
2014,B015,R001,S075,Guntur,16.3067,80.4365,1.95,7.54,Sunny,36,Tuesday,0,Village Road,High,21,24,60,1,8,14.6,08:34
2015,B008,R013,S099,Vaddeswaram,16.49,80.61,4.11,25.8,Sunny,35,Wednesday,1,Main Road,Medium,44,5,60,1,4,10.6,08:35
2016,B018,R005,S031,Guntur,16.3067,80.4365,1.97,31.74,Sunny,40,Tuesday,1,Main Road,High,42,60,60,2,8,12.8,08:36
2017,B010,R012,S165,Vaddeswaram,16.49,80.61,3.87,25.12,Sunny,40,Thursday,0,Highway,Low,53,47,60,1,0,5.4,08:37
2018,B009,R009,S053,Guntur,16.3067,80.4365,7.19,23.48,Sunny,32,Friday,1,Village Road,High,19,42,60,2,8,32.7,08:38
2019,B008,R015,S143,Vaddeswaram,16.49,80.61,1.51,30.52,Sunny,24,Thursday,0,Highway,Low,54,24,60,4,0,5.7,08:39
2020,B019,R012,S093,Vaddeswaram,16.49,80.61,5.31,21.18,Sunny,39,Saturday,1,Village Road,Low,26,41,60,3,0,15.3,08:40
2021,B011,R019,S128,Ponnur,16.065,80.551,7.43,13.69,Sunny,27,Thursday,1,Highway,High,52,34,60,4,8,20.6,08:41
2022,B003,R016,S066,Prathipadu,16.48,80.32,4.89,15.72,Sunny,24,Friday,1,Main Road,Medium,45,19,60,3,4,13.5,08:42
2023,B016,R013,S030,Vaddeswaram,16.49,80.61,6.46,32.11,Cloudy,33,Monday,0,Highway,Low,54,11,60,1,1,9.2,08:43
2024,B009,R016,S159,Mangalagiri,16.4303,80.5681,4.58,4.59,Cloudy,27,Monday,1,Highway,Low,48,42,60,4,1,10.7,08:44
2025,B020,R001,S080,Tulluru,16.52,80.58,6.56,18.09,Rainy,40,Monday,1,Highway,High,45,35,60,4,13,25.7,08:45
2026,B006,R002,S150,Tenali,16.239,80.645,5.21,22.38,Sunny,34,Monday,0,Main Road,Medium,42,56,60,4,4,15.4,08:46
2027,B019,R019,S113,Tadikonda,16.405,80.643,3.0,23.24,Cloudy,27,Wednesday,1,Village Road,Low,31,44,60,4,1,10.8,08:47
2028,B004,R011,S079,Namburu,16.36,80.52,5.25,9.96,Sunny,25,Thursday,1,Highway,High,56,18,60,1,8,14.6,08:48
2029,B003,R002,S194,Tadikonda,16.405,80.643,4.46,16.65,Cloudy,38,Wednesday,1,Village Road,Medium,31,17,60,4,5,17.6,08:49
2030,B016,R002,S044,Pedakakani,16.285,80.49,7.63,35.1,Sunny,34,Tuesday,0,Main Road,High,39,36,60,3,8,22.7,08:50
2031,B013,R020,S067,Prathipadu,16.48,80.32,6.62,30.57,Cloudy,40,Saturday,1,Village Road,Medium,30,33,60,4,5,22.2,08:51
2032,B009,R001,S199,Mangalagiri,16.4303,80.5681,7.33,33.24,Cloudy,33,Tuesday,1,Main Road,Medium,38,36,60,2,5,18.6,08:52
2033,B001,R008,S113,Tadikonda,16.405,80.643,5.2,14.64,Cloudy,33,Wednesday,0,Main Road,Low,38,54,60,3,1,12.2,08:53
2034,B006,R020,S031,Namburu,16.36,80.52,2.35,24.23,Sunny,29,Thursday,1,Main Road,Low,37,24,60,2,0,5.8,08:54
2035,B012,R001,S185,Vaddeswaram,16.49,80.61,2.39,8.66,Rainy,34,Tuesday,0,Highway,High,53,56,60,1,13,16.7,08:55
2036,B019,R014,S053,Ponnur,16.065,80.551,6.58,32.96,Cloudy,28,Wednesday,1,Village Road,Medium,19,34,60,4,5,29.8,08:56
2037,B007,R019,S159,Ponnur,16.065,80.551,6.17,13.6,Foggy,37,Wednesday,0,Main Road,High,42,26,60,4,12,24.8,08:57
2038,B016,R018,S029,Tulluru,16.52,80.58,1.18,3.84,Sunny,32,Monday,1,Highway,Low,46,24,60,1,0,2.5,08:58
2039,B003,R009,S065,Vaddeswaram,16.49,80.61,2.26,8.15,Rainy,28,Wednesday,1,Main Road,Low,45,60,60,4,5,12.0,08:59
2040,B014,R002,S048,Pedakakani,16.285,80.49,0.97,25.23,Rainy,36,Monday,1,Main Road,Low,36,60,60,2,5,8.6,08:00
2041,B006,R020,S047,Vaddeswaram,16.49,80.61,4.26,23.36,Cloudy,29,Saturday,1,Main Road,High,45,11,60,1,9,15.7,08:01
2042,B004,R007,S064,Tenali,16.239,80.645,4.12,15.04,Cloudy,37,Thursday,1,Main Road,Medium,36,5,60,3,5,14.9,08:02
2043,B004,R001,S110,Pedakakani,16.285,80.49,6.26,25.1,Rainy,30,Monday,1,Village Road,Medium,20,7,60,3,9,30.8,08:03
2044,B017,R012,S119,Namburu,16.36,80.52,6.06,21.43,Sunny,28,Thursday,1,Main Road,Low,44,47,60,3,0,11.3,08:04
2045,B004,R015,S142,Ponnur,16.065,80.551,5.27,19.65,Cloudy,38,Tuesday,1,Main Road,Medium,39,56,60,2,5,15.1,08:05
2046,B009,R002,S142,Ponnur,16.065,80.551,6.16,15.93,Rainy,39,Saturday,1,Main Road,Medium,43,52,60,3,9,20.6,08:06
2047,B005,R014,S159,Tulluru,16.52,80.58,4.12,30.74,Rainy,23,Monday,1,Main Road,Medium,35,15,60,3,9,19.1,08:07
2048,B008,R012,S103,Tenali,16.239,80.645,3.54,10.11,Rainy,33,Wednesday,0,Village Road,High,30,20,60,2,13,22.1,08:08
2049,B006,R001,S031,Guntur,16.3067,80.4365,6.6,31.85,Cloudy,26,Saturday,1,Main Road,High,41,18,60,2,9,20.7,08:09
2050,B013,R017,S033,Mangalagiri,16.4303,80.5681,2.9,8.91,Cloudy,23,Wednesday,0,Main Road,Medium,30,55,60,1,5,11.8,08:10
2051,B016,R020,S115,Guntur,16.3067,80.4365,4.62,25.88,Cloudy,28,Friday,0,Main Road,Low,41,22,60,4,1,11.8,08:11
2052,B007,R017,S036,Pedakakani,16.285,80.49,6.78,18.02,Sunny,35,Wednesday,0,Main Road,Low,37,42,60,2,0,13.0,08:12
2053,B011,R011,S152,Pedakakani,16.285,80.49,7.07,18.02,Sunny,23,Tuesday,0,Village Road,Medium,23,37,60,1,4,23.4,08:13
2054,B010,R017,S142,Mangalagiri,16.4303,80.5681,6.14,19.74,Rainy,31,Friday,0,Main Road,Low,39,50,60,1,5,15.4,08:14
2055,B014,R020,S093,Pedakakani,16.285,80.49,3.73,12.44,Sunny,33,Wednesday,0,Village Road,Low,27,28,60,4,0,12.3,08:15
2056,B010,R015,S197,Pedakakani,16.285,80.49,6.25,10.27,Sunny,36,Saturday,1,Main Road,Low,31,36,60,3,0,15.1,08:16
2057,B019,R008,S124,Ponnur,16.065,80.551,7.13,10.65,Sunny,37,Friday,0,Main Road,Low,41,6,60,3,0,13.4,08:17
2058,B015,R009,S185,Namburu,16.36,80.52,5.12,13.65,Cloudy,25,Thursday,1,Highway,High,54,13,60,4,9,18.7,08:18
2059,B006,R015,S111,Tenali,16.239,80.645,1.65,11.55,Sunny,36,Wednesday,0,Main Road,Medium,43,29,60,1,4,7.3,08:19
2060,B012,R004,S178,Ponnur,16.065,80.551,1.86,16.34,Rainy,28,Wednesday,0,Highway,Low,49,36,60,3,5,10.3,08:20
2061,B012,R014,S048,Guntur,16.3067,80.4365,4.8,28.51,Cloudy,25,Thursday,0,Highway,Low,54,18,60,3,1,9.3,08:21
2062,B010,R019,S024,Pedakakani,16.285,80.49,4.46,21.27,Sunny,22,Friday,1,Village Road,Medium,31,53,60,1,4,13.6,08:22
2063,B003,R019,S117,Guntur,16.3067,80.4365,3.47,13.36,Sunny,40,Tuesday,0,Main Road,Medium,45,30,60,2,4,10.6,08:23
2064,B001,R003,S009,Vaddeswaram,16.49,80.61,5.61,18.22,Foggy,33,Wednesday,0,Main Road,Medium,37,43,60,3,8,20.1,08:24
2065,B008,R007,S147,Mangalagiri,16.4303,80.5681,1.11,13.29,Cloudy,35,Tuesday,1,Highway,Low,56,42,60,2,1,4.2,08:25
2066,B018,R018,S158,Guntur,16.3067,80.4365,4.84,18.27,Cloudy,28,Friday,1,Highway,Low,45,23,60,1,1,8.5,08:26
2067,B001,R018,S060,Namburu,16.36,80.52,3.71,26.14,Rainy,31,Friday,0,Main Road,Low,44,16,60,2,5,12.1,08:27
2068,B009,R015,S166,Ponnur,16.065,80.551,4.26,8.73,Sunny,39,Tuesday,0,Highway,High,57,53,60,1,8,13.5,08:28
2069,B015,R010,S070,Namburu,16.36,80.52,3.98,27.53,Sunny,40,Tuesday,1,Main Road,Low,43,29,60,4,0,9.6,08:29
2070,B008,R003,S084,Vaddeswaram,16.49,80.61,3.56,21.86,Cloudy,32,Thursday,1,Main Road,High,39,24,60,3,9,17.5,08:30
2071,B009,R019,S100,Tadikonda,16.405,80.643,5.31,29.08,Sunny,34,Thursday,0,Highway,Medium,53,12,60,4,4,14.0,08:31
2072,B013,R018,S126,Vaddeswaram,16.49,80.61,5.59,25.09,Cloudy,26,Tuesday,0,Highway,High,49,19,60,3,9,18.8,08:32
2073,B010,R017,S084,Namburu,16.36,80.52,7.86,28.12,Cloudy,37,Friday,0,Main Road,Low,38,8,60,4,1,17.4,08:33
2074,B015,R017,S099,Ponnur,16.065,80.551,5.67,19.15,Rainy,39,Saturday,0,Village Road,Low,28,8,60,3,5,20.1,08:34
2075,B014,R008,S043,Pedakakani,16.285,80.49,5.49,13.32,Cloudy,36,Monday,1,Main Road,Low,42,31,60,2,1,10.8,08:35
2076,B003,R017,S111,Mangalagiri,16.4303,80.5681,7.16,31.15,Sunny,36,Wednesday,1,Main Road,Low,41,50,60,2,0,12.5,08:36
2077,B001,R011,S105,Mangalagiri,16.4303,80.5681,3.15,22.1,Foggy,33,Saturday,0,Village Road,Low,25,20,60,3,4,14.6,08:37
2078,B019,R017,S122,Tenali,16.239,80.645,1.43,9.32,Sunny,35,Thursday,0,Main Road,Low,31,16,60,2,0,4.8,08:38
2079,B016,R002,S010,Namburu,16.36,80.52,2.29,18.73,Sunny,33,Tuesday,0,Main Road,Low,38,43,60,1,0,4.6,08:39
2080,B005,R016,S005,Mangalagiri,16.4303,80.5681,4.98,27.98,Cloudy,27,Wednesday,1,Main Road,Low,44,11,60,3,1,10.8,08:40
2081,B016,R012,S032,Mangalagiri,16.4303,80.5681,6.72,8.06,Sunny,29,Monday,1,Village Road,High,34,9,60,4,8,23.9,08:41
2082,B015,R004,S073,Guntur,16.3067,80.4365,3.69,21.32,Rainy,36,Tuesday,0,Main Road,Low,34,7,60,2,5,13.5,08:42
2083,B002,R006,S057,Ponnur,16.065,80.551,2.59,5.2,Sunny,28,Thursday,0,Main Road,Medium,44,31,60,4,4,11.5,08:43
2084,B002,R008,S104,Pedakakani,16.285,80.49,2.6,12.38,Sunny,37,Saturday,0,Main Road,Low,43,14,60,2,0,5.6,08:44
2085,B018,R016,S011,Namburu,16.36,80.52,7.2,17.89,Rainy,35,Friday,0,Village Road,Medium,18,25,60,4,9,37.0,08:45
2086,B006,R008,S094,Namburu,16.36,80.52,5.82,8.56,Rainy,28,Friday,0,Village Road,Low,20,53,60,2,5,24.5,08:46
2087,B011,R016,S015,Tenali,16.239,80.645,2.83,20.31,Sunny,36,Friday,1,Highway,Low,56,17,60,4,0,7.0,08:47
2088,B011,R004,S147,Tadikonda,16.405,80.643,2.75,14.63,Cloudy,22,Tuesday,0,Village Road,Low,22,24,60,3,1,11.5,08:48
2089,B007,R010,S101,Mangalagiri,16.4303,80.5681,4.72,5.7,Sunny,33,Saturday,0,Village Road,Low,27,19,60,2,0,12.5,08:49
2090,B001,R019,S139,Prathipadu,16.48,80.32,4.27,27.44,Sunny,31,Monday,1,Main Road,Medium,30,54,60,1,4,13.5,08:50
2091,B002,R004,S048,Ponnur,16.065,80.551,1.49,15.36,Cloudy,32,Saturday,0,Main Road,High,31,40,60,4,9,15.9,08:51
2092,B013,R020,S114,Tenali,16.239,80.645,5.42,30.83,Cloudy,33,Monday,1,Village Road,Low,32,43,60,4,1,15.2,08:52
2093,B019,R003,S199,Mangalagiri,16.4303,80.5681,6.3,8.38,Sunny,34,Friday,0,Main Road,Low,37,20,60,3,0,13.2,08:53
2094,B002,R013,S090,Mangalagiri,16.4303,80.5681,5.43,6.27,Rainy,31,Wednesday,0,Main Road,Medium,42,52,60,3,9,19.8,08:54
2095,B019,R009,S101,Pedakakani,16.285,80.49,5.58,31.15,Rainy,27,Monday,1,Main Road,High,44,39,60,1,13,21.6,08:55
2096,B003,R004,S144,Pedakakani,16.285,80.49,4.98,29.54,Rainy,35,Friday,0,Main Road,Medium,44,52,60,4,9,19.8,08:56
2097,B015,R002,S013,Mangalagiri,16.4303,80.5681,5.03,7.07,Cloudy,28,Tuesday,1,Highway,Low,52,49,60,1,1,7.8,08:57
2098,B009,R019,S119,Prathipadu,16.48,80.32,4.13,28.83,Rainy,26,Saturday,1,Main Road,High,41,37,60,1,13,20.0,08:58
2099,B014,R001,S126,Tadikonda,16.405,80.643,3.87,23.55,Rainy,36,Tuesday,1,Village Road,Medium,28,43,60,3,9,20.3,08:59
2100,B012,R013,S062,Pedakakani,16.285,80.49,1.07,27.03,Sunny,40,Saturday,1,Main Road,High,35,56,60,2,8,11.8,09:00
2101,B016,R007,S093,Ponnur,16.065,80.551,1.15,11.86,Cloudy,39,Monday,0,Village Road,Medium,19,51,60,4,5,12.6,09:01
2102,B020,R020,S171,Mangalagiri,16.4303,80.5681,4.03,33.44,Cloudy,32,Saturday,1,Main Road,Medium,38,18,60,3,5,14.4,09:02
2103,B002,R013,S066,Vaddeswaram,16.49,80.61,2.08,6.42,Sunny,35,Saturday,0,Main Road,Low,45,14,60,2,0,4.8,09:03
2104,B007,R003,S063,Prathipadu,16.48,80.32,7.73,24.99,Sunny,39,Thursday,0,Village Road,Low,31,7,60,1,0,16.0,09:04
2105,B002,R005,S154,Pedakakani,16.285,80.49,2.47,12.35,Sunny,30,Friday,1,Main Road,Low,45,21,60,2,0,5.3,09:05
2106,B004,R015,S060,Namburu,16.36,80.52,1.94,19.67,Sunny,40,Tuesday,0,Main Road,Medium,35,13,60,3,4,10.3,09:06
2107,B015,R012,S195,Tulluru,16.52,80.58,3.91,31.08,Sunny,23,Wednesday,1,Main Road,Low,44,35,60,3,0,8.3,09:07
2108,B007,R012,S064,Namburu,16.36,80.52,2.27,29.71,Sunny,38,Saturday,0,Village Road,Medium,27,9,60,3,4,12.0,09:08
2109,B013,R019,S180,Pedakakani,16.285,80.49,1.94,20.51,Cloudy,33,Thursday,1,Main Road,Medium,34,31,60,2,5,10.4,09:09
2110,B001,R017,S138,Tadikonda,16.405,80.643,4.95,17.16,Rainy,32,Wednesday,0,Village Road,Low,24,30,60,4,5,21.4,09:10
2111,B016,R019,S122,Tulluru,16.52,80.58,6.57,8.38,Sunny,30,Friday,0,Village Road,Medium,26,27,60,2,4,21.2,09:11
2112,B020,R020,S165,Ponnur,16.065,80.551,1.57,17.31,Cloudy,25,Tuesday,0,Village Road,Low,18,53,60,4,1,10.2,09:12
2113,B011,R016,S010,Tulluru,16.52,80.58,4.61,28.51,Sunny,28,Wednesday,1,Main Road,High,40,28,60,1,8,15.9,09:13
2114,B011,R010,S107,Prathipadu,16.48,80.32,6.86,33.22,Sunny,27,Monday,0,Highway,Low,47,12,60,3,0,11.8,09:14
2115,B015,R008,S171,Tenali,16.239,80.645,1.84,9.34,Sunny,31,Tuesday,1,Main Road,Low,42,29,60,1,0,3.6,09:15
2116,B019,R017,S020,Prathipadu,16.48,80.32,5.73,27.35,Sunny,23,Thursday,1,Village Road,Low,33,11,60,2,0,12.4,09:16
2117,B006,R010,S163,Prathipadu,16.48,80.32,5.35,27.49,Sunny,25,Thursday,1,Highway,Medium,49,30,60,2,4,12.6,09:17
2118,B009,R004,S050,Mangalagiri,16.4303,80.5681,2.62,27.52,Foggy,28,Saturday,0,Main Road,Medium,40,32,60,3,8,14.9,09:18
2119,B011,R018,S030,Prathipadu,16.48,80.32,3.25,31.46,Sunny,36,Saturday,0,Main Road,High,34,47,60,4,8,17.7,09:19
2120,B004,R010,S041,Pedakakani,16.285,80.49,2.08,26.17,Sunny,40,Friday,1,Village Road,Medium,28,37,60,1,4,9.5,09:20
2121,B019,R004,S073,Mangalagiri,16.4303,80.5681,2.36,17.76,Cloudy,27,Thursday,1,Main Road,Low,30,14,60,2,1,7.7,09:21
2122,B010,R014,S159,Guntur,16.3067,80.4365,4.04,30.74,Cloudy,38,Friday,1,Village Road,Low,21,30,60,3,1,15.5,09:22
2123,B011,R020,S027,Pedakakani,16.285,80.49,2.14,26.12,Cloudy,35,Wednesday,1,Main Road,Low,34,49,60,4,1,8.8,09:23
2124,B002,R017,S081,Tulluru,16.52,80.58,5.98,22.77,Sunny,26,Tuesday,0,Highway,Low,55,27,60,2,0,8.5,09:24
2125,B005,R009,S102,Prathipadu,16.48,80.32,2.12,9.64,Sunny,27,Thursday,1,Village Road,Medium,27,58,60,2,4,10.7,09:25
2126,B008,R018,S109,Mangalagiri,16.4303,80.5681,3.05,31.17,Rainy,36,Monday,1,Main Road,High,30,35,60,2,13,21.1,09:26
2127,B010,R002,S139,Prathipadu,16.48,80.32,4.35,25.53,Cloudy,37,Thursday,0,Highway,High,49,9,60,4,9,18.3,09:27
2128,B012,R003,S005,Guntur,16.3067,80.4365,6.87,8.42,Sunny,37,Tuesday,1,Main Road,Low,35,56,60,1,0,12.8,09:28
2129,B019,R006,S125,Namburu,16.36,80.52,2.12,12.51,Sunny,35,Saturday,0,Village Road,High,26,42,60,2,8,14.9,09:29
2130,B013,R007,S172,Vaddeswaram,16.49,80.61,5.53,29.68,Rainy,27,Thursday,1,Main Road,Low,37,38,60,2,5,16.0,09:30
2131,B003,R017,S158,Guntur,16.3067,80.4365,5.49,12.46,Sunny,33,Friday,0,Main Road,High,38,9,60,2,8,18.7,09:31
2132,B016,R001,S127,Mangalagiri,16.4303,80.5681,3.09,12.46,Sunny,37,Wednesday,0,Village Road,Medium,24,51,60,1,4,12.7,09:32
2133,B005,R003,S061,Vaddeswaram,16.49,80.61,2.22,12.62,Sunny,39,Monday,1,Main Road,Low,39,42,60,4,0,7.4,09:33
2134,B004,R007,S049,Pedakakani,16.285,80.49,2.8,7.94,Cloudy,23,Saturday,1,Highway,High,53,44,60,3,9,15.2,09:34
2135,B001,R020,S106,Mangalagiri,16.4303,80.5681,5.55,16.18,Cloudy,37,Wednesday,1,Main Road,High,43,11,60,1,9,17.7,09:35
2136,B009,R003,S126,Tenali,16.239,80.645,6.25,28.27,Rainy,29,Thursday,0,Village Road,Low,30,14,60,1,5,18.5,09:36
2137,B006,R007,S163,Tenali,16.239,80.645,6.47,20.45,Sunny,39,Monday,0,Main Road,High,45,38,60,2,8,18.6,09:37
2138,B004,R003,S042,Mangalagiri,16.4303,80.5681,5.66,27.91,Sunny,36,Saturday,1,Main Road,High,41,42,60,2,8,18.3,09:38
2139,B001,R018,S129,Prathipadu,16.48,80.32,1.43,19.62,Sunny,34,Tuesday,0,Main Road,High,36,8,60,1,8,11.4,09:39
2140,B008,R014,S077,Prathipadu,16.48,80.32,0.99,25.41,Cloudy,39,Wednesday,0,Village Road,Medium,18,48,60,1,5,9.3,09:40
2141,B002,R005,S133,Guntur,16.3067,80.4365,1.9,4.17,Cloudy,30,Thursday,0,Village Road,Low,34,32,60,4,1,8.4,09:41
2142,B007,R005,S006,Vaddeswaram,16.49,80.61,6.27,14.72,Sunny,30,Tuesday,1,Main Road,Medium,36,47,60,1,4,15.4,09:42
2143,B010,R013,S001,Namburu,16.36,80.52,1.73,3.03,Rainy,24,Monday,1,Main Road,Low,39,12,60,1,5,8.7,09:43
2144,B005,R005,S174,Tenali,16.239,80.645,7.71,21.37,Sunny,29,Friday,1,Highway,Low,55,32,60,4,0,12.4,09:44
2145,B018,R015,S126,Namburu,16.36,80.52,6.52,8.82,Rainy,35,Thursday,1,Highway,Medium,47,28,60,4,9,21.3,09:45
2146,B020,R015,S165,Mangalagiri,16.4303,80.5681,1.73,8.12,Cloudy,27,Monday,1,Main Road,Medium,44,37,60,2,5,9.4,09:46
2147,B015,R008,S072,Namburu,16.36,80.52,5.03,14.6,Sunny,25,Friday,0,Main Road,Medium,41,36,60,1,4,12.4,09:47
2148,B017,R011,S159,Tulluru,16.52,80.58,5.31,29.17,Sunny,28,Friday,0,Main Road,Low,31,54,60,3,0,13.3,09:48
2149,B019,R006,S115,Vaddeswaram,16.49,80.61,1.04,28.06,Cloudy,24,Saturday,1,Main Road,High,42,21,60,2,9,12.5,09:49
2150,B012,R007,S118,Guntur,16.3067,80.4365,7.25,7.5,Cloudy,39,Saturday,1,Village Road,High,31,16,60,1,9,24.0,09:50
2151,B015,R017,S182,Guntur,16.3067,80.4365,5.98,28.65,Sunny,40,Saturday,1,Main Road,Medium,41,34,60,1,4,13.8,09:51
2152,B009,R001,S197,Namburu,16.36,80.52,6.29,7.23,Rainy,31,Thursday,0,Main Road,Low,34,12,60,1,5,17.1,09:52
2153,B001,R010,S142,Tadikonda,16.405,80.643,5.61,21.73,Rainy,35,Thursday,1,Main Road,Low,44,10,60,1,5,13.7,09:53
2154,B009,R019,S141,Vaddeswaram,16.49,80.61,1.71,10.48,Foggy,35,Thursday,0,Main Road,High,34,12,60,1,12,16.0,09:54
2155,B010,R008,S194,Guntur,16.3067,80.4365,2.46,7.17,Sunny,22,Thursday,0,Village Road,Medium,18,13,60,3,4,15.2,09:55
2156,B009,R008,S132,Ponnur,16.065,80.551,5.13,29.46,Sunny,25,Thursday,1,Village Road,Low,26,44,60,1,0,12.8,09:56
2157,B004,R007,S016,Tulluru,16.52,80.58,6.86,11.69,Sunny,24,Friday,1,Village Road,Medium,30,54,60,1,4,18.7,09:57
2158,B006,R015,S095,Ponnur,16.065,80.551,7.44,28.12,Sunny,24,Thursday,0,Main Road,High,32,6,60,1,8,23.0,09:58
2159,B010,R001,S177,Tenali,16.239,80.645,6.05,10.69,Rainy,32,Tuesday,1,Main Road,High,38,13,60,4,13,26.6,09:59
2160,B005,R001,S098,Pedakakani,16.285,80.49,1.33,11.43,Sunny,22,Thursday,0,Highway,Low,49,20,60,1,0,2.6,09:00
2161,B006,R014,S113,Prathipadu,16.48,80.32,3.4,7.26,Cloudy,29,Saturday,1,Main Road,Low,31,57,60,3,1,10.6,09:01
2162,B009,R005,S106,Tenali,16.239,80.645,1.66,26.64,Cloudy,24,Friday,1,Main Road,Low,40,59,60,3,1,6.5,09:02
2163,B002,R018,S028,Pedakakani,16.285,80.49,7.79,19.83,Cloudy,30,Friday,1,Main Road,Low,40,7,60,3,1,15.7,09:03
2164,B011,R006,S131,Tadikonda,16.405,80.643,4.8,22.59,Cloudy,38,Monday,1,Village Road,High,29,6,60,2,9,20.9,09:04
2165,B012,R006,S072,Namburu,16.36,80.52,6.62,17.44,Rainy,37,Thursday,1,Main Road,Medium,32,35,60,2,9,23.4,09:05
2166,B002,R014,S003,Ponnur,16.065,80.551,6.52,13.88,Sunny,34,Friday,0,Main Road,Low,42,29,60,1,0,10.3,09:06
2167,B010,R013,S006,Ponnur,16.065,80.551,6.6,30.67,Cloudy,40,Monday,0,Main Road,Medium,44,12,60,3,5,17.0,09:07
2168,B020,R014,S012,Guntur,16.3067,80.4365,1.93,12.74,Sunny,24,Thursday,0,Village Road,High,32,41,60,2,8,13.6,09:08
2169,B004,R016,S076,Tulluru,16.52,80.58,4.17,17.38,Foggy,28,Monday,1,Village Road,Low,26,54,60,3,4,16.6,09:09
2170,B009,R005,S118,Guntur,16.3067,80.4365,6.2,35.56,Sunny,39,Friday,1,Main Road,Medium,31,14,60,3,4,19.0,09:10
2171,B020,R012,S117,Tenali,16.239,80.645,6.03,16.11,Cloudy,38,Monday,0,Main Road,Medium,38,33,60,3,5,17.5,09:11
2172,B001,R006,S055,Tenali,16.239,80.645,3.96,7.15,Rainy,28,Thursday,0,Village Road,Low,22,35,60,3,5,18.8,09:12
2173,B011,R012,S026,Prathipadu,16.48,80.32,6.32,14.62,Cloudy,24,Tuesday,1,Highway,Low,58,19,60,4,1,11.5,09:13
2174,B002,R016,S199,Vaddeswaram,16.49,80.61,0.85,4.93,Sunny,31,Saturday,1,Highway,High,48,42,60,2,8,11.1,09:14
2175,B009,R007,S193,Pedakakani,16.285,80.49,4.33,28.17,Cloudy,29,Saturday,1,Highway,Low,49,17,60,3,1,9.3,09:15
2176,B001,R016,S113,Tadikonda,16.405,80.643,1.37,30.13,Sunny,27,Monday,1,Village Road,Low,23,17,60,4,0,7.6,09:16
2177,B004,R001,S092,Ponnur,16.065,80.551,2.36,17.26,Sunny,27,Monday,0,Village Road,Low,28,9,60,2,0,7.1,09:17
2178,B004,R005,S157,Vaddeswaram,16.49,80.61,4.23,10.52,Sunny,37,Tuesday,1,Main Road,Low,41,10,60,2,0,8.2,09:18
2179,B017,R005,S106,Ponnur,16.065,80.551,5.62,35.55,Rainy,39,Saturday,0,Main Road,Medium,35,5,60,1,9,19.6,09:19
2180,B017,R019,S193,Tulluru,16.52,80.58,4.84,23.69,Sunny,30,Wednesday,0,Highway,Low,49,20,60,1,0,6.9,09:20
2181,B012,R004,S118,Tulluru,16.52,80.58,1.75,8.04,Rainy,33,Thursday,0,Village Road,High,19,17,60,4,13,22.5,09:21
2182,B009,R004,S057,Tadikonda,16.405,80.643,7.18,15.67,Sunny,22,Monday,1,Highway,Low,46,37,60,2,0,11.4,09:22
2183,B019,R004,S078,Vaddeswaram,16.49,80.61,3.25,19.49,Sunny,32,Monday,1,Main Road,High,45,44,60,3,8,15.3,09:23
2184,B011,R004,S139,Namburu,16.36,80.52,5.28,25.59,Sunny,25,Wednesday,0,Highway,Low,52,7,60,4,0,10.1,09:24
2185,B004,R016,S099,Ponnur,16.065,80.551,7.38,27.84,Rainy,30,Saturday,0,Village Road,Medium,28,23,60,2,9,26.8,09:25
2186,B009,R002,S114,Tulluru,16.52,80.58,6.45,34.09,Rainy,39,Saturday,1,Village Road,Medium,31,41,60,4,9,25.5,09:26
2187,B015,R005,S110,Vaddeswaram,16.49,80.61,2.75,5.01,Sunny,31,Monday,1,Village Road,Medium,32,44,60,4,4,13.2,09:27
2188,B004,R014,S190,Tenali,16.239,80.645,4.07,5.64,Sunny,30,Wednesday,0,Main Road,High,40,21,60,2,8,16.1,09:28
2189,B012,R003,S131,Tenali,16.239,80.645,3.97,12.75,Cloudy,36,Wednesday,1,Village Road,Medium,26,55,60,4,5,18.2,09:29
2190,B016,R007,S088,Tulluru,16.52,80.58,6.8,30.0,Sunny,37,Monday,0,Highway,High,58,28,60,2,8,17.0,09:30
2191,B019,R004,S095,Prathipadu,16.48,80.32,6.94,7.09,Sunny,29,Tuesday,1,Village Road,Medium,22,16,60,3,4,25.9,09:31
2192,B016,R018,S055,Pedakakani,16.285,80.49,4.98,28.51,Rainy,35,Saturday,0,Village Road,High,18,49,60,3,13,32.6,09:32
2193,B014,R018,S069,Tenali,16.239,80.645,6.72,18.89,Sunny,36,Saturday,1,Highway,Medium,53,57,60,3,4,14.6,09:33
2194,B008,R015,S009,Guntur,16.3067,80.4365,0.98,9.15,Rainy,23,Wednesday,0,Village Road,Low,19,51,60,2,5,10.1,09:34
2195,B008,R017,S180,Namburu,16.36,80.52,4.83,7.3,Rainy,36,Thursday,0,Village Road,Medium,30,60,60,4,9,22.7,09:35
2196,B014,R004,S135,Mangalagiri,16.4303,80.5681,6.79,28.96,Sunny,26,Wednesday,1,Village Road,Low,27,24,60,4,0,19.1,09:36
2197,B006,R014,S054,Mangalagiri,16.4303,80.5681,5.32,12.84,Cloudy,30,Saturday,0,Main Road,Medium,41,10,60,4,5,16.8,09:37
2198,B007,R005,S170,Tadikonda,16.405,80.643,3.06,26.62,Cloudy,22,Wednesday,1,Highway,Low,52,37,60,1,1,5.5,09:38
2199,B004,R015,S167,Ponnur,16.065,80.551,7.45,21.94,Rainy,34,Thursday,0,Village Road,Low,32,23,60,3,5,22.0,09:39
2200,B016,R015,S193,Pedakakani,16.285,80.49,3.69,28.25,Sunny,34,Wednesday,1,Main Road,Low,32,51,60,4,0,10.9,10:40
2201,B005,R019,S112,Prathipadu,16.48,80.32,1.14,11.72,Cloudy,31,Wednesday,1,Main Road,Low,45,16,60,3,1,5.5,10:41
2202,B015,R012,S077,Mangalagiri,16.4303,80.5681,4.54,20.42,Cloudy,30,Tuesday,0,Main Road,Medium,39,5,60,2,5,14.0,10:42
2203,B017,R014,S176,Prathipadu,16.48,80.32,7.21,12.32,Sunny,30,Monday,0,Highway,High,56,29,60,2,8,17.7,10:43
2204,B002,R007,S023,Namburu,16.36,80.52,5.01,12.38,Sunny,39,Saturday,0,Highway,High,58,41,60,2,8,15.2,10:44
2205,B012,R009,S129,Tenali,16.239,80.645,7.44,31.47,Cloudy,39,Wednesday,1,Main Road,Medium,32,38,60,4,5,23.0,10:45
2206,B020,R015,S065,Namburu,16.36,80.52,1.91,13.69,Sunny,33,Thursday,0,Main Road,Low,39,25,60,4,0,6.9,10:46
2207,B008,R007,S139,Mangalagiri,16.4303,80.5681,5.53,15.38,Foggy,40,Wednesday,1,Village Road,High,20,47,60,4,12,32.6,10:47
2208,B014,R005,S068,Ponnur,16.065,80.551,7.31,28.09,Cloudy,35,Friday,1,Highway,Medium,49,45,60,1,5,15.0,10:48
2209,B004,R016,S152,Namburu,16.36,80.52,6.57,27.09,Sunny,36,Tuesday,1,Main Road,Medium,36,35,60,3,4,17.9,10:49
2210,B020,R002,S174,Tulluru,16.52,80.58,1.74,31.38,Sunny,32,Saturday,0,Village Road,High,18,58,60,1,8,14.8,10:50
2211,B019,R002,S163,Guntur,16.3067,80.4365,7.39,11.12,Sunny,30,Wednesday,1,Highway,High,59,15,60,1,8,16.5,10:51
2212,B020,R007,S174,Ponnur,16.065,80.551,1.88,4.7,Sunny,33,Monday,0,Village Road,Low,23,23,60,2,0,6.9,10:52
2213,B016,R011,S081,Tenali,16.239,80.645,2.53,18.68,Sunny,38,Wednesday,0,Village Road,High,28,48,60,1,8,14.4,10:53
2214,B012,R001,S195,Ponnur,16.065,80.551,4.61,10.3,Sunny,28,Saturday,0,Village Road,High,27,16,60,3,8,21.2,10:54
2215,B020,R001,S120,Vaddeswaram,16.49,80.61,2.71,2.83,Sunny,37,Monday,0,Highway,High,59,20,60,1,8,11.8,10:55
2216,B015,R013,S017,Pedakakani,16.285,80.49,4.22,23.51,Sunny,36,Tuesday,1,Village Road,Medium,33,27,60,3,4,14.7,10:56
2217,B014,R014,S028,Namburu,16.36,80.52,4.81,8.01,Sunny,32,Saturday,0,Village Road,Medium,27,42,60,4,4,18.7,10:57
2218,B004,R007,S066,Tenali,16.239,80.645,4.13,5.66,Sunny,29,Saturday,0,Village Road,Low,23,41,60,1,0,11.8,10:58
2219,B005,R020,S155,Guntur,16.3067,80.4365,2.1,10.74,Sunny,23,Tuesday,1,Main Road,Medium,40,12,60,1,4,8.2,10:59
2220,B010,R006,S022,Tulluru,16.52,80.58,4.88,28.51,Cloudy,24,Thursday,0,Highway,Low,59,16,60,1,1,7.0,10:00
2221,B007,R013,S069,Guntur,16.3067,80.4365,1.13,22.64,Sunny,31,Wednesday,0,Village Road,High,20,57,60,3,8,14.4,10:01
2222,B015,R005,S043,Tadikonda,16.405,80.643,1.86,22.56,Cloudy,36,Thursday,0,Village Road,High,26,25,60,1,9,14.3,10:02
2223,B018,R012,S056,Tadikonda,16.405,80.643,3.1,17.57,Rainy,23,Monday,0,Main Road,Low,44,42,60,2,5,11.2,10:03
2224,B011,R010,S104,Guntur,16.3067,80.4365,3.26,25.19,Foggy,33,Friday,1,Village Road,Medium,22,12,60,4,8,20.9,10:04
2225,B010,R013,S091,Namburu,16.36,80.52,2.54,10.77,Sunny,35,Friday,1,Highway,Medium,54,57,60,2,4,8.8,10:05
2226,B017,R012,S028,Mangalagiri,16.4303,80.5681,1.67,11.05,Foggy,37,Thursday,1,Main Road,Low,36,27,60,1,4,7.8,10:06
2227,B008,R015,S191,Tulluru,16.52,80.58,0.89,24.46,Rainy,32,Tuesday,0,Main Road,Medium,40,41,60,2,9,12.3,10:07
2228,B009,R011,S091,Prathipadu,16.48,80.32,0.86,5.65,Sunny,37,Friday,1,Village Road,High,20,58,60,1,8,11.6,10:08
2229,B010,R007,S015,Tenali,16.239,80.645,3.65,5.0,Sunny,27,Friday,1,Main Road,Low,37,7,60,4,0,9.9,10:09
2230,B005,R010,S172,Vaddeswaram,16.49,80.61,5.05,9.33,Rainy,28,Friday,0,Highway,Low,60,15,60,3,5,13.1,10:10
2231,B019,R011,S051,Tulluru,16.52,80.58,4.89,31.82,Sunny,23,Friday,1,Main Road,Medium,32,39,60,4,4,17.2,10:11
2232,B010,R010,S103,Tenali,16.239,80.645,4.1,22.81,Foggy,35,Thursday,1,Main Road,Low,45,43,60,2,4,11.5,10:12
2233,B012,R001,S136,Ponnur,16.065,80.551,5.7,22.65,Cloudy,32,Wednesday,0,Main Road,Low,43,26,60,2,1,11.0,10:13
2234,B011,R015,S189,Prathipadu,16.48,80.32,3.54,26.06,Rainy,27,Thursday,0,Highway,Low,60,45,60,2,5,10.5,10:14
2235,B009,R009,S111,Ponnur,16.065,80.551,7.72,29.55,Sunny,35,Thursday,0,Village Road,Low,33,7,60,2,0,16.0,10:15
2236,B017,R017,S121,Pedakakani,16.285,80.49,4.74,34.15,Sunny,27,Wednesday,1,Highway,High,54,43,60,4,8,17.3,10:16
2237,B008,R010,S070,Ponnur,16.065,80.551,4.55,17.37,Sunny,23,Friday,0,Village Road,Medium,20,49,60,1,4,18.6,10:17
2238,B005,R007,S127,Tenali,16.239,80.645,3.64,25.88,Sunny,37,Friday,0,Village Road,Low,21,45,60,1,0,11.4,10:18
2239,B006,R001,S002,Tulluru,16.52,80.58,1.95,25.94,Sunny,26,Tuesday,0,Main Road,Low,32,28,60,3,0,6.7,10:19
2240,B019,R018,S046,Tadikonda,16.405,80.643,5.39,25.96,Sunny,24,Tuesday,1,Main Road,Medium,37,7,60,1,4,13.7,10:20
2241,B004,R015,S125,Tadikonda,16.405,80.643,1.05,4.42,Cloudy,32,Thursday,0,Main Road,Medium,45,5,60,2,5,8.4,10:21
2242,B010,R010,S136,Guntur,16.3067,80.4365,7.06,32.35,Rainy,29,Wednesday,0,Main Road,High,44,55,60,2,13,24.6,10:22
2243,B004,R015,S161,Vaddeswaram,16.49,80.61,7.37,16.75,Sunny,23,Saturday,1,Village Road,Medium,29,5,60,1,4,20.2,10:23
2244,B018,R007,S073,Tadikonda,16.405,80.643,1.18,19.88,Cloudy,40,Saturday,0,Main Road,Medium,31,16,60,1,5,8.3,10:24
2245,B018,R008,S036,Tenali,16.239,80.645,3.5,21.51,Sunny,33,Tuesday,1,Highway,Medium,57,29,60,1,4,8.7,10:25
2246,B006,R017,S191,Tadikonda,16.405,80.643,2.39,5.35,Sunny,28,Tuesday,1,Main Road,Medium,35,36,60,3,4,11.1,10:26
2247,B005,R020,S002,Guntur,16.3067,80.4365,4.44,7.83,Rainy,27,Wednesday,0,Highway,Medium,47,26,60,4,9,18.7,10:27
2248,B003,R016,S176,Tenali,16.239,80.645,3.99,27.38,Sunny,32,Tuesday,0,Main Road,Low,35,23,60,3,0,9.8,10:28
2249,B011,R001,S136,Guntur,16.3067,80.4365,2.82,5.05,Sunny,30,Friday,1,Main Road,Medium,32,15,60,3,4,12.3,10:29
2250,B002,R001,S144,Vaddeswaram,16.49,80.61,2.48,17.38,Sunny,29,Monday,1,Main Road,Low,44,30,60,4,0,7.4,10:30
2251,B015,R006,S117,Ponnur,16.065,80.551,2.47,12.3,Sunny,36,Tuesday,0,Main Road,High,40,40,60,2,8,13.7,10:31
2252,B009,R001,S110,Tadikonda,16.405,80.643,0.88,4.12,Sunny,28,Thursday,0,Main Road,Medium,37,9,60,2,4,7.4,10:32
2253,B016,R003,S185,Tulluru,16.52,80.58,2.98,15.02,Cloudy,24,Thursday,0,Main Road,Low,30,47,60,3,1,10.0,10:33
2254,B006,R009,S015,Prathipadu,16.48,80.32,7.37,24.05,Cloudy,36,Saturday,0,Main Road,High,44,24,60,1,9,20.1,10:34
2255,B009,R011,S179,Ponnur,16.065,80.551,7.88,23.52,Rainy,35,Thursday,1,Main Road,Medium,37,34,60,1,9,22.8,10:35
2256,B004,R015,S109,Namburu,16.36,80.52,2.73,14.7,Sunny,31,Wednesday,0,Main Road,Low,40,35,60,2,0,6.1,10:36
2257,B010,R015,S130,Namburu,16.36,80.52,5.59,22.24,Foggy,27,Thursday,1,Village Road,Low,22,47,60,2,4,21.2,10:37
2258,B017,R019,S143,Tadikonda,16.405,80.643,5.24,15.84,Cloudy,37,Tuesday,1,Main Road,Medium,34,50,60,3,5,17.2,10:38
2259,B006,R009,S008,Vaddeswaram,16.49,80.61,2.35,24.09,Rainy,29,Friday,1,Main Road,Medium,35,47,60,1,9,14.0,10:39
2260,B011,R013,S174,Prathipadu,16.48,80.32,4.64,12.64,Sunny,33,Tuesday,0,Highway,Medium,54,43,60,2,4,11.2,10:40
2261,B008,R010,S001,Mangalagiri,16.4303,80.5681,2.0,31.14,Sunny,34,Saturday,0,Main Road,Medium,44,8,60,2,4,8.7,10:41
2262,B013,R007,S066,Mangalagiri,16.4303,80.5681,6.41,9.91,Sunny,32,Tuesday,1,Main Road,Medium,37,18,60,3,4,17.4,10:42
2263,B004,R010,S053,Prathipadu,16.48,80.32,2.2,15.98,Sunny,30,Wednesday,0,Highway,Low,58,10,60,3,0,5.3,10:43
2264,B018,R018,S184,Mangalagiri,16.4303,80.5681,2.91,19.94,Sunny,31,Tuesday,1,Highway,Medium,55,29,60,1,4,8.2,10:44
2265,B020,R006,S065,Tenali,16.239,80.645,5.29,8.98,Sunny,34,Wednesday,0,Main Road,High,32,42,60,4,8,21.9,10:45
2266,B012,R019,S031,Tulluru,16.52,80.58,3.97,10.1,Rainy,33,Tuesday,0,Village Road,Low,26,8,60,4,5,18.2,10:46
2267,B016,R019,S046,Namburu,16.36,80.52,7.87,27.4,Sunny,29,Monday,1,Main Road,Medium,38,34,60,3,4,19.4,10:47
2268,B008,R016,S137,Vaddeswaram,16.49,80.61,0.99,16.09,Sunny,34,Tuesday,1,Highway,Low,55,18,60,3,0,4.1,10:48
2269,B013,R020,S161,Guntur,16.3067,80.4365,0.9,13.52,Sunny,35,Tuesday,1,Village Road,Medium,31,24,60,1,4,6.7,10:49
2270,B001,R014,S020,Tulluru,16.52,80.58,7.37,25.3,Sunny,30,Thursday,0,Highway,Medium,49,27,60,3,4,16.0,10:50
2271,B009,R002,S048,Tulluru,16.52,80.58,0.82,22.63,Sunny,37,Tuesday,1,Highway,Low,48,55,60,1,0,2.0,10:51
2272,B005,R012,S010,Vaddeswaram,16.49,80.61,1.23,12.96,Cloudy,36,Friday,1,Village Road,Low,23,53,60,3,1,7.2,10:52
2273,B005,R009,S101,Prathipadu,16.48,80.32,1.03,2.88,Sunny,22,Saturday,1,Main Road,Low,38,19,60,3,0,4.6,10:53
2274,B015,R011,S169,Namburu,16.36,80.52,4.97,10.06,Rainy,37,Saturday,1,Highway,Medium,58,18,60,3,9,17.1,10:54
2275,B013,R015,S112,Namburu,16.36,80.52,3.25,18.22,Cloudy,22,Thursday,1,Village Road,Medium,18,51,60,2,5,17.8,10:55
2276,B008,R011,S112,Mangalagiri,16.4303,80.5681,1.54,1.67,Rainy,22,Tuesday,1,Highway,Low,51,54,60,1,5,7.8,10:56
2277,B001,R016,S084,Vaddeswaram,16.49,80.61,6.95,19.52,Cloudy,24,Tuesday,0,Main Road,Low,43,8,60,4,1,14.7,10:57
2278,B017,R001,S034,Mangalagiri,16.4303,80.5681,5.58,16.97,Sunny,30,Wednesday,1,Main Road,High,42,8,60,1,8,17.0,10:58
2279,B015,R019,S085,Vaddeswaram,16.49,80.61,3.49,13.58,Cloudy,23,Thursday,1,Main Road,High,40,48,60,4,9,18.2,10:59
2280,B005,R011,S020,Pedakakani,16.285,80.49,4.3,30.09,Cloudy,27,Tuesday,1,Village Road,Medium,25,57,60,3,5,18.3,10:00
2281,B016,R019,S193,Vaddeswaram,16.49,80.61,1.39,16.14,Sunny,27,Friday,1,Village Road,Low,19,41,60,2,0,6.4,10:01
2282,B005,R002,S058,Prathipadu,16.48,80.32,4.37,24.73,Rainy,38,Wednesday,1,Main Road,Medium,36,7,60,1,9,17.3,10:02
2283,B016,R011,S057,Namburu,16.36,80.52,4.91,7.37,Sunny,39,Wednesday,0,Highway,Low,53,50,60,3,0,8.6,10:03
2284,B006,R001,S070,Tenali,16.239,80.645,3.2,21.65,Sunny,23,Friday,1,Main Road,Medium,42,14,60,4,4,12.6,10:04
2285,B007,R015,S037,Guntur,16.3067,80.4365,7.17,9.46,Sunny,38,Tuesday,1,Main Road,Medium,36,27,60,4,4,19.9,10:05
2286,B013,R002,S063,Tulluru,16.52,80.58,1.1,4.17,Sunny,28,Saturday,0,Village Road,High,34,8,60,1,8,10.9,10:06
2287,B002,R006,S174,Vaddeswaram,16.49,80.61,4.61,13.65,Rainy,22,Saturday,0,Village Road,Medium,20,10,60,4,9,26.8,10:07
2288,B016,R015,S119,Tenali,16.239,80.645,1.03,8.24,Cloudy,36,Tuesday,1,Main Road,Medium,35,26,60,4,5,10.8,10:08
2289,B020,R011,S179,Namburu,16.36,80.52,3.18,29.75,Rainy,30,Tuesday,1,Main Road,Low,41,54,60,1,5,10.7,10:09
2290,B018,R020,S188,Mangalagiri,16.4303,80.5681,5.29,22.52,Sunny,26,Tuesday,0,Highway,Low,46,17,60,1,0,7.9,10:10
2291,B009,R001,S111,Mangalagiri,16.4303,80.5681,3.07,25.47,Sunny,26,Thursday,0,Main Road,Low,39,29,60,4,0,8.7,10:11
2292,B004,R014,S074,Namburu,16.36,80.52,6.17,15.08,Sunny,39,Tuesday,1,Main Road,High,40,47,60,2,8,19.3,10:12
2293,B006,R012,S043,Tadikonda,16.405,80.643,2.05,10.51,Sunny,23,Tuesday,0,Main Road,Medium,37,52,60,4,4,11.3,10:13
2294,B019,R019,S077,Pedakakani,16.285,80.49,6.33,11.15,Cloudy,33,Monday,1,Main Road,Medium,44,48,60,1,5,14.6,10:14
2295,B009,R011,S037,Pedakakani,16.285,80.49,6.82,18.63,Foggy,29,Friday,0,Main Road,High,38,6,60,4,12,26.8,10:15
2296,B016,R018,S094,Ponnur,16.065,80.551,7.09,36.44,Cloudy,32,Wednesday,1,Highway,High,56,5,60,4,9,20.6,10:16
2297,B020,R008,S109,Mangalagiri,16.4303,80.5681,6.3,10.05,Sunny,37,Tuesday,1,Main Road,Medium,45,7,60,1,4,13.4,10:17
2298,B008,R009,S180,Tadikonda,16.405,80.643,5.6,19.44,Sunny,35,Monday,0,Village Road,High,27,11,60,4,8,24.4,10:18
2299,B012,R016,S083,Prathipadu,16.48,80.32,5.03,8.86,Sunny,27,Thursday,1,Highway,Medium,54,23,60,3,4,12.6,10:19
2300,B012,R002,S109,Tadikonda,16.405,80.643,6.23,20.93,Sunny,34,Friday,0,Village Road,High,35,27,60,1,8,19.7,11:20
2301,B002,R019,S062,Pedakakani,16.285,80.49,6.82,27.14,Sunny,35,Saturday,0,Village Road,Low,29,29,60,3,0,17.1,11:21
2302,B007,R019,S086,Ponnur,16.065,80.551,3.06,23.93,Rainy,35,Tuesday,0,Main Road,Low,40,13,60,2,5,11.6,11:22
2303,B014,R019,S116,Ponnur,16.065,80.551,3.64,15.76,Sunny,31,Friday,1,Village Road,Medium,29,42,60,2,4,13.5,11:23
2304,B002,R009,S182,Namburu,16.36,80.52,1.41,14.16,Sunny,28,Thursday,0,Main Road,Low,43,16,60,4,0,6.0,11:24
2305,B019,R001,S029,Pedakakani,16.285,80.49,1.76,1.89,Sunny,37,Thursday,0,Village Road,Low,26,11,60,4,0,8.1,11:25
2306,B008,R013,S002,Tulluru,16.52,80.58,7.97,27.52,Sunny,35,Tuesday,0,Highway,High,58,17,60,3,8,19.2,11:26
2307,B006,R020,S134,Guntur,16.3067,80.4365,2.28,24.39,Sunny,31,Monday,0,Main Road,Medium,43,56,60,3,4,10.2,11:27
2308,B015,R010,S178,Ponnur,16.065,80.551,4.18,4.73,Sunny,34,Tuesday,1,Village Road,Medium,23,13,60,2,4,16.9,11:28
2309,B014,R019,S085,Tenali,16.239,80.645,4.81,25.53,Foggy,38,Saturday,1,Village Road,Low,21,13,60,1,4,18.7,11:29
2310,B020,R001,S054,Mangalagiri,16.4303,80.5681,1.48,29.38,Sunny,34,Thursday,1,Main Road,Medium,32,30,60,4,4,10.8,11:30
2311,B019,R017,S072,Tenali,16.239,80.645,4.45,23.95,Foggy,32,Monday,0,Main Road,Low,45,17,60,3,4,12.9,11:31
2312,B004,R007,S040,Namburu,16.36,80.52,6.79,21.51,Cloudy,30,Saturday,1,Main Road,Low,38,13,60,2,1,13.7,11:32
2313,B002,R012,S104,Namburu,16.36,80.52,6.78,24.24,Rainy,38,Thursday,0,Village Road,Low,32,34,60,2,5,19.7,11:33
2314,B017,R012,S041,Mangalagiri,16.4303,80.5681,2.85,28.48,Cloudy,38,Tuesday,0,Highway,Low,57,5,60,1,1,5.0,11:34
2315,B014,R012,S113,Mangalagiri,16.4303,80.5681,4.38,12.43,Sunny,35,Wednesday,0,Main Road,Low,44,37,60,1,0,7.0,11:35
2316,B019,R010,S144,Tadikonda,16.405,80.643,5.53,26.78,Rainy,30,Friday,1,Village Road,Medium,28,17,60,2,9,22.9,11:36
2317,B018,R018,S112,Ponnur,16.065,80.551,6.8,36.4,Sunny,32,Saturday,1,Village Road,High,33,6,60,2,8,22.4,11:37
2318,B019,R012,S194,Guntur,16.3067,80.4365,5.99,28.33,Sunny,40,Tuesday,1,Village Road,Medium,29,56,60,2,4,18.4,11:38
2319,B008,R014,S009,Guntur,16.3067,80.4365,5.39,6.31,Cloudy,38,Thursday,0,Village Road,Low,22,33,60,3,1,18.7,11:39
2320,B006,R001,S195,Tadikonda,16.405,80.643,7.47,28.83,Cloudy,40,Friday,1,Highway,Medium,49,30,60,1,5,15.1,11:40
2321,B017,R008,S097,Namburu,16.36,80.52,7.6,13.58,Sunny,33,Thursday,1,Main Road,Medium,44,5,60,3,4,17.4,11:41
2322,B019,R014,S126,Namburu,16.36,80.52,5.55,15.33,Rainy,37,Monday,1,Main Road,High,41,21,60,2,13,23.1,11:42
2323,B009,R014,S141,Prathipadu,16.48,80.32,3.63,25.4,Rainy,39,Thursday,0,Village Road,Low,20,50,60,3,5,18.9,11:43
2324,B014,R014,S033,Guntur,16.3067,80.4365,6.92,16.84,Sunny,32,Wednesday,1,Village Road,High,19,54,60,2,8,31.9,11:44
2325,B011,R020,S120,Vaddeswaram,16.49,80.61,1.17,1.59,Sunny,22,Monday,0,Village Road,Low,34,9,60,1,0,3.1,11:45
2326,B010,R016,S073,Tulluru,16.52,80.58,4.54,32.69,Sunny,29,Thursday,0,Main Road,Low,44,57,60,2,0,8.2,11:46
2327,B003,R017,S057,Tulluru,16.52,80.58,2.32,19.55,Cloudy,26,Monday,0,Main Road,Low,38,5,60,4,1,8.7,11:47
2328,B007,R012,S154,Pedakakani,16.285,80.49,5.34,8.45,Cloudy,31,Saturday,0,Main Road,High,35,41,60,1,9,19.2,11:48
2329,B008,R005,S064,Ponnur,16.065,80.551,3.06,16.51,Rainy,39,Friday,1,Highway,Medium,54,48,60,1,9,13.4,11:49
2330,B003,R007,S200,Prathipadu,16.48,80.32,7.95,19.57,Cloudy,31,Monday,0,Village Road,Low,19,41,60,3,1,29.1,11:50
2331,B017,R007,S105,Tulluru,16.52,80.58,4.12,12.83,Sunny,29,Tuesday,0,Village Road,Medium,35,45,60,1,4,12.1,11:51
2332,B004,R012,S080,Tulluru,16.52,80.58,3.57,15.03,Rainy,39,Monday,1,Village Road,Medium,23,12,60,4,9,22.3,11:52
2333,B016,R003,S152,Tenali,16.239,80.645,4.47,6.16,Sunny,26,Saturday,0,Main Road,Medium,32,53,60,4,4,16.4,11:53
2334,B012,R017,S160,Guntur,16.3067,80.4365,7.78,37.51,Sunny,27,Tuesday,0,Village Road,Low,34,18,60,1,0,14.7,11:54
2335,B006,R013,S083,Prathipadu,16.48,80.32,4.27,22.11,Sunny,32,Thursday,0,Highway,Medium,59,17,60,4,4,12.3,11:55
2336,B012,R006,S091,Prathipadu,16.48,80.32,5.83,8.67,Sunny,36,Saturday,1,Main Road,Medium,45,56,60,4,4,15.8,11:56
2337,B004,R017,S094,Ponnur,16.065,80.551,5.99,25.63,Cloudy,25,Monday,0,Main Road,High,40,25,60,1,9,19.0,11:57
2338,B016,R002,S167,Prathipadu,16.48,80.32,7.03,9.27,Sunny,33,Monday,1,Main Road,Medium,37,53,60,4,4,19.4,11:58
2339,B016,R011,S131,Vaddeswaram,16.49,80.61,6.99,13.69,Cloudy,35,Monday,0,Highway,Medium,51,45,60,2,5,15.2,11:59
2340,B010,R020,S093,Ponnur,16.065,80.551,5.75,31.37,Cloudy,26,Wednesday,1,Village Road,Medium,24,33,60,2,5,21.4,11:00
2341,B007,R006,S069,Guntur,16.3067,80.4365,6.94,35.1,Sunny,26,Thursday,0,Main Road,Medium,40,29,60,1,4,15.4,11:01
2342,B016,R014,S186,Mangalagiri,16.4303,80.5681,7.35,18.69,Foggy,27,Tuesday,1,Main Road,High,35,6,60,3,12,27.6,11:02
2343,B019,R007,S032,Tenali,16.239,80.645,4.83,18.15,Sunny,26,Tuesday,1,Main Road,High,38,10,60,1,8,16.6,11:03
2344,B006,R012,S062,Tadikonda,16.405,80.643,6.23,6.26,Foggy,40,Wednesday,0,Village Road,High,34,37,60,4,12,27.0,11:04
2345,B003,R009,S197,Pedakakani,16.285,80.49,6.87,25.26,Rainy,22,Monday,0,Main Road,Low,38,27,60,2,5,17.8,11:05
2346,B010,R015,S149,Prathipadu,16.48,80.32,1.88,16.13,Sunny,39,Thursday,1,Main Road,Low,35,33,60,1,0,4.2,11:06
2347,B006,R018,S105,Mangalagiri,16.4303,80.5681,2.2,25.58,Sunny,39,Wednesday,1,Main Road,Medium,34,23,60,4,4,11.9,11:07
2348,B012,R018,S113,Tenali,16.239,80.645,6.73,35.02,Sunny,27,Friday,1,Main Road,Low,31,30,60,2,0,15.0,11:08
2349,B002,R004,S121,Namburu,16.36,80.52,1.36,7.43,Cloudy,27,Saturday,1,Village Road,Low,24,14,60,4,1,8.4,11:09
2350,B010,R019,S021,Vaddeswaram,16.49,80.61,3.04,4.51,Sunny,24,Thursday,0,Village Road,High,30,21,60,4,8,18.1,11:10
2351,B014,R006,S193,Tenali,16.239,80.645,1.24,29.76,Sunny,26,Friday,1,Village Road,Low,21,28,60,4,0,7.5,11:11
2352,B005,R006,S148,Pedakakani,16.285,80.49,5.38,18.99,Rainy,33,Monday,0,Main Road,High,30,45,60,4,13,27.8,11:12
2353,B006,R013,S002,Guntur,16.3067,80.4365,3.56,33.03,Sunny,31,Thursday,0,Main Road,Medium,32,45,60,1,4,11.7,11:13
2354,B010,R009,S019,Mangalagiri,16.4303,80.5681,6.77,25.5,Cloudy,22,Thursday,1,Main Road,High,36,45,60,2,9,22.3,11:14
2355,B012,R002,S046,Namburu,16.36,80.52,7.09,13.72,Rainy,30,Tuesday,0,Main Road,High,40,54,60,4,13,27.6,11:15
2356,B015,R006,S158,Vaddeswaram,16.49,80.61,6.9,7.32,Sunny,38,Wednesday,0,Main Road,Low,38,15,60,1,0,11.9,11:16
2357,B008,R007,S199,Tenali,16.239,80.645,6.85,19.86,Cloudy,25,Thursday,0,Main Road,Low,41,21,60,2,1,13.0,11:17
2358,B010,R019,S046,Namburu,16.36,80.52,6.1,8.08,Rainy,27,Monday,0,Main Road,Medium,41,37,60,2,9,19.9,11:18
2359,B013,R018,S001,Vaddeswaram,16.49,80.61,5.02,35.0,Sunny,25,Tuesday,1,Highway,Low,50,43,60,4,0,10.0,11:19
2360,B008,R020,S076,Prathipadu,16.48,80.32,4.24,11.08,Sunny,29,Monday,0,Highway,Medium,46,57,60,1,4,10.5,11:20
2361,B017,R010,S076,Tadikonda,16.405,80.643,5.12,29.54,Sunny,23,Saturday,0,Main Road,Medium,45,35,60,2,4,12.8,11:21
2362,B008,R001,S134,Prathipadu,16.48,80.32,6.87,23.73,Cloudy,35,Saturday,1,Main Road,Low,38,57,60,2,1,13.8,11:22
2363,B009,R017,S127,Mangalagiri,16.4303,80.5681,5.05,6.45,Sunny,25,Wednesday,0,Main Road,Low,37,58,60,1,0,9.2,11:23
2364,B009,R016,S147,Pedakakani,16.285,80.49,4.32,7.46,Sunny,29,Friday,0,Highway,Medium,49,49,60,3,4,12.3,11:24
2365,B017,R013,S085,Mangalagiri,16.4303,80.5681,1.01,22.31,Cloudy,37,Tuesday,1,Main Road,Low,38,23,60,3,1,5.6,11:25
2366,B016,R009,S027,Ponnur,16.065,80.551,3.99,10.56,Sunny,26,Monday,0,Main Road,Low,42,39,60,3,0,8.7,11:26
2367,B001,R010,S056,Guntur,16.3067,80.4365,6.85,10.83,Rainy,40,Tuesday,1,Highway,Medium,51,12,60,3,9,20.1,11:27
2368,B018,R002,S056,Prathipadu,16.48,80.32,7.81,19.01,Sunny,25,Thursday,0,Highway,Medium,57,30,60,3,4,15.2,11:28
2369,B013,R009,S041,Namburu,16.36,80.52,2.68,22.11,Sunny,38,Tuesday,0,Main Road,Low,40,5,60,4,0,8.0,11:29
2370,B007,R006,S154,Tenali,16.239,80.645,1.78,22.73,Sunny,39,Thursday,0,Village Road,High,29,23,60,3,8,14.7,11:30
2371,B015,R002,S071,Guntur,16.3067,80.4365,4.08,13.95,Sunny,40,Friday,0,Highway,Medium,53,41,60,4,4,12.6,11:31
2372,B008,R020,S099,Prathipadu,16.48,80.32,6.72,18.4,Cloudy,25,Monday,0,Main Road,High,39,54,60,4,9,23.3,11:32
2373,B010,R004,S181,Ponnur,16.065,80.551,4.7,30.17,Rainy,37,Wednesday,1,Highway,Medium,60,44,60,1,9,14.7,11:33
2374,B015,R003,S174,Ponnur,16.065,80.551,6.6,33.54,Rainy,35,Friday,0,Village Road,Medium,23,29,60,4,9,30.2,11:34
2375,B015,R018,S183,Pedakakani,16.285,80.49,2.58,25.48,Sunny,35,Thursday,0,Main Road,Low,37,14,60,3,0,7.2,11:35
2376,B006,R016,S195,Prathipadu,16.48,80.32,6.79,23.39,Rainy,39,Friday,1,Main Road,Low,35,46,60,1,5,17.6,11:36
2377,B012,R007,S120,Tadikonda,16.405,80.643,5.39,14.16,Sunny,29,Monday,1,Main Road,Medium,42,18,60,3,4,14.7,11:37
2378,B014,R020,S066,Namburu,16.36,80.52,3.11,20.07,Sunny,30,Friday,0,Village Road,High,34,22,60,1,8,14.5,11:38
2379,B002,R014,S080,Ponnur,16.065,80.551,6.45,17.54,Sunny,23,Thursday,1,Highway,Low,46,15,60,1,0,9.4,11:39
2380,B007,R009,S067,Tulluru,16.52,80.58,4.42,31.37,Sunny,40,Saturday,1,Main Road,Medium,35,41,60,4,4,15.6,11:40
2381,B009,R015,S188,Tulluru,16.52,80.58,5.77,30.14,Rainy,33,Friday,1,Highway,Medium,56,58,60,3,9,18.2,11:41
2382,B012,R019,S015,Vaddeswaram,16.49,80.61,7.35,32.54,Foggy,35,Saturday,1,Village Road,Low,20,34,60,2,4,28.1,11:42
2383,B009,R002,S041,Mangalagiri,16.4303,80.5681,6.33,9.53,Sunny,33,Thursday,0,Main Road,Low,42,7,60,1,0,10.0,11:43
2384,B015,R004,S040,Ponnur,16.065,80.551,6.9,20.85,Rainy,36,Friday,1,Highway,Low,48,11,60,1,5,14.6,11:44
2385,B019,R020,S007,Namburu,16.36,80.52,7.09,29.92,Cloudy,31,Tuesday,0,Main Road,Low,30,36,60,2,1,17.2,11:45
2386,B008,R019,S018,Prathipadu,16.48,80.32,1.05,23.2,Foggy,32,Friday,1,Main Road,Low,35,31,60,4,4,9.8,11:46
2387,B002,R007,S112,Ponnur,16.065,80.551,1.19,9.67,Foggy,22,Thursday,0,Village Road,High,31,25,60,2,12,16.3,11:47
2388,B003,R005,S040,Pedakakani,16.285,80.49,2.51,3.4,Foggy,23,Saturday,1,Highway,Medium,50,29,60,2,8,13.0,11:48
2389,B014,R019,S072,Namburu,16.36,80.52,3.14,25.22,Sunny,29,Wednesday,0,Main Road,Low,39,49,60,1,0,5.8,11:49
2390,B011,R015,S058,Tadikonda,16.405,80.643,4.76,5.12,Sunny,27,Monday,0,Village Road,Medium,32,29,60,1,4,13.9,11:50
2391,B015,R001,S189,Namburu,16.36,80.52,3.19,14.36,Sunny,33,Saturday,1,Village Road,Medium,29,36,60,1,4,11.6,11:51
2392,B005,R007,S088,Guntur,16.3067,80.4365,4.85,20.8,Sunny,40,Friday,1,Main Road,High,41,46,60,1,8,16.1,11:52
2393,B011,R012,S017,Tadikonda,16.405,80.643,7.09,14.49,Sunny,33,Monday,1,Village Road,Medium,22,56,60,2,4,25.3,11:53
2394,B007,R003,S045,Tulluru,16.52,80.58,7.04,13.06,Sunny,36,Tuesday,1,Village Road,High,20,53,60,3,8,32.1,11:54
2395,B014,R003,S102,Ponnur,16.065,80.551,5.3,20.08,Sunny,30,Saturday,1,Village Road,Medium,20,9,60,3,4,22.9,11:55
2396,B002,R017,S025,Pedakakani,16.285,80.49,1.89,6.12,Rainy,22,Monday,1,Highway,High,58,38,60,4,13,19.0,11:56
2397,B008,R015,S197,Mangalagiri,16.4303,80.5681,4.65,5.96,Cloudy,31,Friday,0,Highway,High,59,56,60,3,9,16.7,11:57
2398,B011,R017,S011,Tadikonda,16.405,80.643,0.86,1.29,Sunny,39,Monday,1,Village Road,High,25,6,60,1,8,11.1,11:58
2399,B013,R008,S088,Tenali,16.239,80.645,4.78,27.01,Rainy,38,Saturday,1,Main Road,Medium,40,56,60,3,9,19.2,11:59
2400,B001,R005,S163,Tulluru,16.52,80.58,8.0,10.92,Cloudy,24,Tuesday,1,Main Road,Medium,33,32,60,4,5,23.5,12:00
2401,B013,R006,S014,Namburu,16.36,80.52,1.63,22.8,Sunny,36,Wednesday,1,Village Road,Medium,34,42,60,2,4,8.9,12:01
2402,B014,R012,S107,Pedakakani,16.285,80.49,7.01,11.47,Sunny,33,Thursday,0,Main Road,Low,42,53,60,3,0,13.0,12:02
2403,B008,R017,S146,Prathipadu,16.48,80.32,0.96,30.36,Rainy,34,Wednesday,0,Main Road,Medium,33,30,60,3,9,13.7,12:03
2404,B016,R005,S070,Ponnur,16.065,80.551,2.17,28.8,Rainy,39,Thursday,1,Main Road,Medium,34,21,60,1,9,13.8,12:04
2405,B016,R009,S083,Mangalagiri,16.4303,80.5681,5.62,22.68,Rainy,39,Thursday,0,Village Road,High,24,37,60,3,13,30.0,12:05
2406,B005,R016,S132,Guntur,16.3067,80.4365,7.17,8.25,Sunny,38,Wednesday,0,Main Road,Low,37,42,60,3,0,14.6,12:06
2407,B015,R014,S177,Tadikonda,16.405,80.643,5.22,10.55,Cloudy,27,Tuesday,0,Highway,Medium,57,31,60,2,5,12.5,12:07
2408,B011,R016,S144,Vaddeswaram,16.49,80.61,2.46,10.09,Cloudy,23,Tuesday,0,Main Road,Medium,45,37,60,3,5,11.3,12:08
2409,B005,R013,S170,Guntur,16.3067,80.4365,5.68,6.48,Sunny,40,Wednesday,1,Highway,Low,59,34,60,1,0,6.8,12:09
2410,B001,R007,S048,Tenali,16.239,80.645,7.96,33.13,Sunny,29,Saturday,0,Village Road,Low,21,57,60,1,0,23.7,12:10
2411,B016,R005,S193,Vaddeswaram,16.49,80.61,7.2,19.86,Cloudy,23,Saturday,0,Main Road,Medium,44,10,60,4,5,18.8,12:11
2412,B018,R015,S121,Guntur,16.3067,80.4365,6.14,31.53,Sunny,37,Friday,1,Main Road,Low,38,46,60,1,0,10.7,12:12
2413,B005,R012,S196,Tenali,16.239,80.645,3.14,20.88,Sunny,37,Thursday,1,Highway,High,54,54,60,3,8,14.5,12:13
2414,B006,R003,S026,Tadikonda,16.405,80.643,5.66,7.1,Cloudy,31,Friday,1,Main Road,High,41,32,60,3,9,20.3,12:14
2415,B006,R001,S195,Guntur,16.3067,80.4365,2.46,27.27,Cloudy,31,Thursday,1,Main Road,Medium,36,49,60,3,5,12.1,12:15
2416,B019,R008,S175,Tulluru,16.52,80.58,6.5,15.83,Sunny,40,Tuesday,1,Village Road,Medium,34,20,60,4,4,19.5,12:16
2417,B019,R010,S106,Tadikonda,16.405,80.643,3.04,5.48,Cloudy,36,Saturday,1,Main Road,Medium,34,38,60,4,5,14.4,12:17
2418,B011,R019,S035,Mangalagiri,16.4303,80.5681,6.17,8.52,Cloudy,24,Monday,1,Main Road,Low,36,52,60,3,1,14.3,12:18
2419,B013,R007,S130,Namburu,16.36,80.52,5.26,19.08,Cloudy,40,Thursday,1,Highway,Medium,55,23,60,2,5,12.7,12:19
2420,B001,R002,S141,Tulluru,16.52,80.58,5.9,22.52,Rainy,25,Monday,0,Village Road,Medium,20,11,60,2,9,28.7,12:20
2421,B004,R009,S150,Ponnur,16.065,80.551,3.64,13.23,Sunny,23,Friday,1,Highway,Low,58,33,60,3,0,6.8,12:21
2422,B009,R006,S169,Mangalagiri,16.4303,80.5681,5.93,24.86,Cloudy,27,Thursday,1,Main Road,Low,30,51,60,2,1,14.9,12:22
2423,B004,R015,S032,Tulluru,16.52,80.58,5.26,29.74,Sunny,40,Thursday,0,Village Road,Low,22,52,60,3,0,17.3,12:23
2424,B015,R016,S128,Pedakakani,16.285,80.49,6.26,13.31,Sunny,36,Tuesday,1,Highway,Low,51,51,60,3,0,10.4,12:24
2425,B020,R003,S066,Tadikonda,16.405,80.643,1.15,21.12,Cloudy,22,Thursday,1,Main Road,Low,45,9,60,4,1,6.5,12:25
2426,B013,R013,S182,Tadikonda,16.405,80.643,7.57,37.31,Sunny,35,Friday,1,Village Road,Medium,20,58,60,3,4,29.7,12:26
2427,B017,R008,S189,Ponnur,16.065,80.551,6.21,11.32,Sunny,23,Tuesday,0,Main Road,Medium,44,27,60,4,4,16.5,12:27
2428,B011,R001,S122,Tenali,16.239,80.645,3.15,16.51,Sunny,39,Monday,0,Main Road,Medium,34,47,60,2,4,11.6,12:28
2429,B006,R013,S023,Namburu,16.36,80.52,6.86,14.9,Cloudy,30,Friday,0,Highway,Medium,52,47,60,1,5,13.9,12:29
2430,B009,R008,S149,Prathipadu,16.48,80.32,2.07,30.93,Sunny,23,Friday,1,Main Road,Medium,33,9,60,3,4,10.8,12:30
2431,B002,R012,S174,Tulluru,16.52,80.58,7.99,9.84,Sunny,24,Thursday,1,Village Road,Low,24,8,60,1,0,21.0,12:31
2432,B016,R008,S155,Namburu,16.36,80.52,1.58,7.71,Rainy,35,Wednesday,0,Main Road,Medium,39,35,60,2,9,13.4,12:32
2433,B016,R003,S047,Tadikonda,16.405,80.643,4.12,25.03,Sunny,40,Friday,1,Village Road,Low,32,43,60,1,0,8.7,12:33
2434,B019,R008,S056,Tulluru,16.52,80.58,2.12,26.78,Sunny,25,Tuesday,0,Village Road,Medium,35,30,60,2,4,9.6,12:34
2435,B003,R012,S128,Vaddeswaram,16.49,80.61,0.94,2.87,Cloudy,37,Monday,0,Main Road,Medium,38,52,60,3,5,9.5,12:35
2436,B014,R012,S087,Tulluru,16.52,80.58,1.25,18.96,Rainy,39,Friday,0,Village Road,Medium,29,14,60,4,9,15.6,12:36
2437,B007,R001,S171,Tenali,16.239,80.645,3.13,17.84,Foggy,26,Tuesday,0,Main Road,Low,34,43,60,4,4,13.5,12:37
2438,B012,R020,S167,Tenali,16.239,80.645,6.95,22.76,Sunny,35,Wednesday,1,Village Road,Medium,35,15,60,2,4,17.9,12:38
2439,B017,R008,S027,Prathipadu,16.48,80.32,3.77,24.05,Sunny,22,Monday,1,Main Road,Low,45,51,60,2,0,7.0,12:39
2440,B011,R018,S029,Guntur,16.3067,80.4365,3.7,13.01,Sunny,22,Wednesday,0,Main Road,High,45,11,60,1,8,13.9,12:40
2441,B015,R018,S198,Guntur,16.3067,80.4365,6.59,14.39,Sunny,39,Thursday,1,Main Road,Medium,45,17,60,2,4,14.8,12:41
2442,B019,R014,S059,Prathipadu,16.48,80.32,2.54,9.12,Sunny,28,Thursday,0,Village Road,Low,28,14,60,3,0,8.4,12:42
2443,B008,R010,S081,Prathipadu,16.48,80.32,3.28,8.72,Sunny,23,Wednesday,0,Village Road,Medium,20,12,60,4,4,17.8,12:43
2444,B006,R020,S020,Tulluru,16.52,80.58,4.21,26.76,Sunny,30,Wednesday,1,Main Road,Low,30,33,60,4,0,12.4,12:44
2445,B015,R010,S125,Tenali,16.239,80.645,4.92,27.45,Cloudy,29,Thursday,1,Village Road,High,18,28,60,1,9,26.4,12:45
2446,B015,R004,S063,Tenali,16.239,80.645,4.44,22.31,Rainy,25,Saturday,1,Main Road,Medium,44,21,60,3,9,18.1,12:46
2447,B016,R016,S072,Ponnur,16.065,80.551,2.55,19.48,Sunny,29,Thursday,0,Village Road,Low,31,10,60,4,0,8.9,12:47
2448,B018,R019,S133,Tadikonda,16.405,80.643,3.46,30.53,Rainy,37,Wednesday,1,Main Road,Low,44,36,60,1,5,10.7,12:48
2449,B019,R001,S082,Tulluru,16.52,80.58,6.66,7.87,Rainy,31,Wednesday,0,Village Road,Medium,23,33,60,3,9,29.4,12:49
2450,B010,R014,S033,Tenali,16.239,80.645,3.12,20.14,Sunny,37,Monday,0,Main Road,Medium,39,17,60,2,4,10.8,12:50
2451,B020,R016,S081,Tulluru,16.52,80.58,2.5,13.66,Rainy,40,Saturday,0,Main Road,Medium,43,41,60,3,9,15.5,12:51
2452,B016,R017,S167,Prathipadu,16.48,80.32,5.08,32.57,Cloudy,39,Tuesday,1,Village Road,Medium,21,17,60,3,5,22.5,12:52
2453,B014,R013,S106,Namburu,16.36,80.52,5.03,19.1,Cloudy,22,Friday,1,Village Road,Low,19,47,60,2,1,18.9,12:53
2454,B002,R015,S181,Tulluru,16.52,80.58,6.49,29.11,Sunny,26,Friday,1,Village Road,Medium,18,15,60,3,4,28.6,12:54
2455,B013,R012,S038,Tulluru,16.52,80.58,7.49,25.85,Cloudy,36,Friday,0,Village Road,Medium,18,27,60,2,5,32.0,12:55
2456,B015,R011,S053,Ponnur,16.065,80.551,5.63,27.77,Sunny,40,Friday,1,Main Road,Medium,40,15,60,4,4,16.4,12:56
2457,B016,R011,S183,Ponnur,16.065,80.551,4.11,5.14,Cloudy,32,Tuesday,0,Village Road,Medium,35,28,60,1,5,13.0,12:57
2458,B001,R012,S022,Tenali,16.239,80.645,3.95,10.46,Sunny,28,Monday,1,Village Road,Medium,22,43,60,4,4,18.8,12:58
2459,B006,R016,S134,Prathipadu,16.48,80.32,1.57,13.21,Sunny,32,Tuesday,1,Main Road,Low,34,41,60,1,0,3.8,12:59
2460,B007,R019,S010,Vaddeswaram,16.49,80.61,3.03,9.71,Sunny,38,Wednesday,0,Village Road,Low,23,7,60,4,0,11.9,12:00
2461,B011,R014,S012,Prathipadu,16.48,80.32,7.49,20.19,Cloudy,34,Thursday,1,Main Road,Low,43,28,60,4,1,15.5,12:01
2462,B016,R005,S091,Pedakakani,16.285,80.49,2.89,27.22,Cloudy,22,Wednesday,0,Main Road,Low,37,16,60,4,1,9.7,12:02
2463,B016,R017,S075,Pedakakani,16.285,80.49,7.37,31.55,Sunny,33,Thursday,0,Main Road,Medium,30,7,60,3,4,21.7,12:03
2464,B019,R008,S030,Vaddeswaram,16.49,80.61,6.51,9.08,Sunny,34,Thursday,0,Highway,Low,54,38,60,3,0,10.2,12:04
2465,B001,R009,S113,Mangalagiri,16.4303,80.5681,5.37,24.26,Sunny,33,Monday,0,Main Road,High,32,7,60,3,8,21.1,12:05
2466,B013,R010,S156,Ponnur,16.065,80.551,5.03,8.93,Sunny,31,Friday,0,Main Road,Medium,31,26,60,1,4,14.7,12:06
2467,B010,R012,S084,Prathipadu,16.48,80.32,2.32,8.85,Sunny,38,Saturday,0,Main Road,Low,37,36,60,2,0,5.8,12:07
2468,B009,R009,S166,Guntur,16.3067,80.4365,1.27,24.17,Cloudy,35,Thursday,0,Main Road,Low,37,47,60,2,1,5.1,12:08
2469,B018,R018,S189,Tulluru,16.52,80.58,3.37,21.12,Cloudy,35,Thursday,0,Highway,High,46,58,60,3,9,16.4,12:09
2470,B003,R016,S004,Pedakakani,16.285,80.49,6.12,7.65,Rainy,40,Friday,0,Highway,Medium,45,30,60,2,9,19.2,12:10
2471,B018,R004,S094,Prathipadu,16.48,80.32,2.45,21.25,Cloudy,23,Monday,1,Village Road,Low,18,21,60,2,1,11.2,12:11
2472,B004,R005,S113,Pedakakani,16.285,80.49,3.46,10.41,Sunny,34,Friday,1,Main Road,Low,42,30,60,4,0,8.9,12:12
2473,B002,R018,S016,Tadikonda,16.405,80.643,6.5,25.67,Sunny,40,Saturday,1,Village Road,High,33,12,60,3,8,22.8,12:13
2474,B013,R003,S068,Namburu,16.36,80.52,6.37,9.19,Rainy,30,Thursday,0,Village Road,Medium,28,31,60,2,9,24.6,12:14
2475,B020,R014,S190,Pedakakani,16.285,80.49,3.46,16.36,Sunny,31,Saturday,1,Highway,Low,53,21,60,2,0,5.9,12:15
2476,B001,R020,S049,Mangalagiri,16.4303,80.5681,4.82,12.45,Rainy,39,Tuesday,1,Main Road,Medium,37,20,60,2,9,18.8,12:16
2477,B010,R004,S080,Tulluru,16.52,80.58,7.27,31.77,Sunny,35,Wednesday,1,Main Road,Medium,35,5,60,4,4,20.5,12:17
2478,B005,R014,S185,Tadikonda,16.405,80.643,2.18,6.83,Sunny,26,Monday,0,Main Road,Low,36,39,60,2,0,5.6,12:18
2479,B005,R016,S087,Ponnur,16.065,80.551,6.87,24.14,Rainy,22,Wednesday,1,Village Road,Low,20,39,60,3,5,28.6,12:19
2480,B002,R006,S169,Vaddeswaram,16.49,80.61,3.96,18.08,Sunny,28,Thursday,0,Main Road,Low,35,51,60,3,0,9.8,12:20
2481,B015,R010,S112,Tenali,16.239,80.645,2.58,7.22,Sunny,32,Friday,0,Highway,Medium,60,42,60,4,4,10.6,12:21
2482,B003,R007,S107,Ponnur,16.065,80.551,5.0,9.53,Sunny,37,Wednesday,1,Village Road,Medium,27,15,60,2,4,17.1,12:22
2483,B006,R002,S049,Prathipadu,16.48,80.32,2.46,21.93,Cloudy,24,Thursday,0,Main Road,High,30,50,60,2,9,15.9,12:23
2484,B007,R007,S027,Tenali,16.239,80.645,3.26,12.33,Cloudy,32,Saturday,0,Village Road,High,18,37,60,2,9,21.9,12:24
2485,B020,R008,S129,Guntur,16.3067,80.4365,6.69,11.42,Cloudy,38,Saturday,1,Highway,Medium,57,17,60,1,5,13.0,12:25
2486,B011,R019,S022,Mangalagiri,16.4303,80.5681,4.72,7.55,Sunny,22,Saturday,1,Highway,Medium,53,54,60,1,4,10.3,12:26
2487,B014,R006,S037,Prathipadu,16.48,80.32,5.95,16.55,Sunny,31,Thursday,0,Highway,Low,58,14,60,2,0,8.2,12:27
2488,B003,R002,S136,Pedakakani,16.285,80.49,7.59,30.88,Foggy,31,Monday,0,Highway,Low,49,25,60,2,4,15.3,12:28
2489,B012,R006,S109,Namburu,16.36,80.52,1.78,20.23,Sunny,38,Thursday,1,Village Road,Medium,30,28,60,4,4,11.6,12:29
2490,B004,R010,S011,Guntur,16.3067,80.4365,1.47,13.21,Cloudy,36,Tuesday,1,Village Road,High,35,17,60,2,9,13.5,12:30
2491,B001,R002,S088,Guntur,16.3067,80.4365,6.23,23.59,Sunny,34,Tuesday,1,Main Road,Low,32,55,60,2,0,13.7,12:31
2492,B003,R008,S044,Guntur,16.3067,80.4365,2.85,27.61,Sunny,36,Tuesday,0,Main Road,High,39,26,60,2,8,14.4,12:32
2493,B002,R004,S076,Tadikonda,16.405,80.643,4.94,25.06,Rainy,40,Saturday,0,Highway,Low,51,40,60,3,5,13.8,12:33
2494,B015,R018,S014,Ponnur,16.065,80.551,5.41,20.59,Sunny,23,Thursday,0,Main Road,Medium,39,52,60,3,4,15.3,12:34
2495,B012,R001,S072,Ponnur,16.065,80.551,7.91,32.99,Rainy,32,Friday,0,Village Road,Low,31,39,60,3,5,23.3,12:35
2496,B005,R004,S162,Namburu,16.36,80.52,7.78,26.29,Sunny,24,Tuesday,1,Main Road,Low,45,42,60,4,0,14.4,12:36
2497,B001,R004,S013,Vaddeswaram,16.49,80.61,1.59,24.31,Cloudy,24,Wednesday,1,Highway,Medium,51,6,60,3,5,9.9,12:37
2498,B002,R019,S054,Mangalagiri,16.4303,80.5681,2.14,27.62,Foggy,24,Thursday,1,Village Road,Medium,28,13,60,4,8,16.6,12:38
2499,B004,R001,S017,Prathipadu,16.48,80.32,3.53,12.32,Foggy,37,Monday,1,Main Road,High,37,12,60,2,12,19.7,12:39
2500,B001,R018,S019,Tulluru,16.52,80.58,7.43,14.93,Sunny,22,Monday,1,Village Road,Low,32,31,60,3,0,16.9,13:40
2501,B014,R008,S093,Namburu,16.36,80.52,6.58,36.51,Sunny,27,Wednesday,0,Village Road,Low,23,20,60,4,0,21.2,13:41
2502,B006,R010,S149,Guntur,16.3067,80.4365,7.96,9.59,Cloudy,27,Tuesday,1,Highway,Medium,50,33,60,1,5,15.6,13:42
2503,B020,R020,S127,Namburu,16.36,80.52,3.44,6.0,Sunny,33,Tuesday,1,Main Road,Low,39,12,60,4,0,9.3,13:43
2504,B003,R003,S067,Pedakakani,16.285,80.49,7.01,9.97,Sunny,27,Saturday,1,Main Road,High,42,12,60,1,8,19.0,13:44
2505,B015,R003,S190,Tadikonda,16.405,80.643,7.76,20.95,Cloudy,37,Saturday,1,Main Road,Low,41,10,60,2,1,14.4,13:45
2506,B016,R001,S050,Tulluru,16.52,80.58,5.1,14.41,Cloudy,30,Monday,0,Village Road,High,30,46,60,3,9,22.2,13:46
2507,B005,R015,S055,Mangalagiri,16.4303,80.5681,1.01,4.14,Sunny,39,Tuesday,0,Village Road,Medium,32,47,60,1,4,6.9,13:47
2508,B014,R009,S004,Vaddeswaram,16.49,80.61,1.01,8.34,Cloudy,22,Monday,0,Main Road,Low,44,47,60,3,1,5.4,13:48
2509,B003,R004,S108,Pedakakani,16.285,80.49,5.91,32.1,Foggy,30,Tuesday,1,Main Road,Medium,42,53,60,3,8,19.4,13:49
2510,B005,R009,S193,Tadikonda,16.405,80.643,7.13,21.32,Cloudy,38,Tuesday,0,Main Road,High,33,19,60,4,9,26.0,13:50
2511,B017,R020,S090,Guntur,16.3067,80.4365,6.54,19.22,Sunny,25,Saturday,1,Main Road,Medium,34,44,60,2,4,17.5,13:51
2512,B007,R008,S026,Tadikonda,16.405,80.643,1.86,27.23,Sunny,35,Wednesday,1,Main Road,Medium,42,5,60,3,4,9.7,13:52
2513,B008,R010,S165,Prathipadu,16.48,80.32,1.49,27.94,Foggy,35,Saturday,0,Highway,Medium,55,45,60,1,8,10.6,13:53
2514,B015,R013,S014,Mangalagiri,16.4303,80.5681,5.11,25.63,Cloudy,25,Friday,0,Village Road,Medium,35,5,60,3,5,16.8,13:54
2515,B012,R020,S121,Ponnur,16.065,80.551,4.32,29.45,Sunny,29,Thursday,1,Highway,Low,55,7,60,2,0,6.7,13:55
2516,B002,R009,S002,Mangalagiri,16.4303,80.5681,6.82,9.12,Cloudy,40,Tuesday,1,Main Road,High,34,6,60,3,9,24.0,13:56
2517,B006,R019,S006,Mangalagiri,16.4303,80.5681,4.81,25.71,Sunny,32,Saturday,1,Village Road,Low,30,7,60,3,0,12.6,13:57
2518,B007,R020,S156,Tulluru,16.52,80.58,2.72,24.62,Cloudy,27,Wednesday,0,Main Road,Low,32,32,60,4,1,10.1,13:58
2519,B006,R016,S132,Mangalagiri,16.4303,80.5681,6.65,28.28,Cloudy,22,Friday,0,Highway,High,56,30,60,4,9,20.1,13:59
2520,B018,R005,S200,Vaddeswaram,16.49,80.61,7.71,32.36,Cloudy,27,Tuesday,0,Village Road,Medium,22,10,60,2,5,28.0,13:00
2521,B014,R004,S109,Tadikonda,16.405,80.643,3.29,28.03,Sunny,27,Saturday,1,Main Road,Medium,45,49,60,3,4,11.4,13:01
2522,B007,R011,S167,Mangalagiri,16.4303,80.5681,2.81,8.04,Sunny,37,Tuesday,1,Village Road,Medium,24,60,60,2,4,13.0,13:02
2523,B009,R004,S095,Ponnur,16.065,80.551,0.89,8.47,Cloudy,38,Thursday,0,Highway,Low,48,44,60,4,1,6.1,13:03
2524,B001,R019,S094,Tulluru,16.52,80.58,7.97,12.05,Rainy,33,Saturday,1,Main Road,High,31,36,60,2,13,30.4,13:04
2525,B005,R008,S134,Tulluru,16.52,80.58,5.63,11.09,Cloudy,25,Thursday,0,Village Road,Low,27,13,60,4,1,17.5,13:05
2526,B004,R001,S122,Tulluru,16.52,80.58,1.53,28.17,Cloudy,32,Tuesday,1,Highway,Low,52,53,60,1,1,3.8,13:06
2527,B006,R007,S036,Guntur,16.3067,80.4365,7.67,32.64,Cloudy,26,Tuesday,0,Highway,High,53,59,60,1,9,18.7,13:07
2528,B007,R019,S027,Tadikonda,16.405,80.643,6.22,32.81,Sunny,29,Thursday,0,Village Road,High,34,38,60,3,8,22.0,13:08
2529,B005,R013,S167,Pedakakani,16.285,80.49,5.25,8.97,Sunny,23,Friday,0,Main Road,High,36,44,60,2,8,18.8,13:09
2530,B020,R018,S144,Tulluru,16.52,80.58,5.3,7.54,Cloudy,29,Friday,0,Main Road,Medium,41,17,60,3,5,15.8,13:10
2531,B019,R009,S102,Namburu,16.36,80.52,1.69,8.39,Sunny,27,Wednesday,1,Main Road,Low,37,25,60,3,0,5.7,13:11
2532,B007,R009,S142,Ponnur,16.065,80.551,3.11,10.09,Cloudy,25,Saturday,0,Highway,Low,60,54,60,2,1,6.1,13:12
2533,B016,R016,S152,Vaddeswaram,16.49,80.61,7.95,9.69,Cloudy,39,Tuesday,1,Highway,High,50,37,60,3,9,21.5,13:13
2534,B007,R002,S115,Namburu,16.36,80.52,7.94,20.73,Sunny,22,Thursday,1,Village Road,Low,20,31,60,2,0,25.8,13:14
2535,B004,R019,S086,Namburu,16.36,80.52,1.45,18.64,Cloudy,32,Saturday,0,Highway,High,57,6,60,1,9,11.5,13:15
2536,B001,R007,S125,Tulluru,16.52,80.58,2.64,4.35,Cloudy,40,Saturday,0,Main Road,Medium,33,6,60,4,5,13.8,13:16
2537,B004,R013,S047,Prathipadu,16.48,80.32,2.86,30.45,Sunny,30,Thursday,1,Highway,Medium,49,13,60,2,4,9.5,13:17
2538,B011,R005,S148,Ponnur,16.065,80.551,1.86,28.23,Sunny,22,Wednesday,0,Main Road,High,45,29,60,4,8,14.5,13:18
2539,B020,R012,S123,Namburu,16.36,80.52,6.66,36.26,Cloudy,39,Saturday,0,Main Road,High,34,59,60,1,9,21.8,13:19
2540,B018,R009,S072,Tenali,16.239,80.645,1.51,19.64,Foggy,32,Thursday,1,Main Road,High,30,50,60,4,12,19.0,13:20
2541,B003,R012,S177,Namburu,16.36,80.52,2.92,8.48,Sunny,32,Thursday,1,Village Road,High,26,56,60,3,8,17.7,13:21
2542,B002,R001,S019,Ponnur,16.065,80.551,6.05,25.43,Cloudy,29,Wednesday,0,Highway,Medium,50,24,60,2,5,14.3,13:22
2543,B012,R010,S133,Guntur,16.3067,80.4365,0.94,3.1,Rainy,30,Monday,0,Main Road,Low,42,5,60,4,5,10.3,13:23
2544,B017,R007,S076,Guntur,16.3067,80.4365,5.94,13.59,Cloudy,39,Thursday,1,Village Road,Low,27,15,60,4,1,18.2,13:24
2545,B017,R002,S179,Pedakakani,16.285,80.49,3.65,7.69,Sunny,37,Friday,1,Main Road,Medium,34,52,60,2,4,12.4,13:25
2546,B018,R004,S095,Mangalagiri,16.4303,80.5681,6.51,18.03,Cloudy,40,Wednesday,0,Highway,Low,48,24,60,1,1,10.1,13:26
2547,B016,R013,S049,Tenali,16.239,80.645,6.39,14.09,Cloudy,25,Saturday,0,Highway,Medium,45,49,60,4,5,17.5,13:27
2548,B004,R014,S131,Tenali,16.239,80.645,5.0,17.06,Sunny,30,Wednesday,1,Village Road,Low,21,29,60,4,0,18.3,13:28
2549,B003,R008,S114,Tulluru,16.52,80.58,5.72,8.24,Sunny,26,Wednesday,1,Main Road,Medium,35,54,60,1,4,14.8,13:29
2550,B017,R019,S079,Namburu,16.36,80.52,7.85,10.62,Rainy,22,Monday,1,Village Road,High,28,29,60,3,13,32.8,13:30
2551,B018,R001,S165,Pedakakani,16.285,80.49,7.15,31.02,Cloudy,37,Tuesday,1,Village Road,Low,25,30,60,4,1,22.2,13:31
2552,B004,R019,S026,Namburu,16.36,80.52,4.06,5.42,Rainy,39,Thursday,0,Main Road,Low,45,32,60,3,5,13.4,13:32
2553,B020,R003,S151,Tadikonda,16.405,80.643,3.93,17.66,Foggy,25,Friday,0,Village Road,Medium,32,28,60,1,8,16.4,13:33
2554,B001,R017,S091,Tadikonda,16.405,80.643,4.95,24.41,Sunny,35,Thursday,1,Main Road,Low,34,41,60,4,0,12.7,13:34
2555,B016,R002,S170,Mangalagiri,16.4303,80.5681,6.53,28.54,Rainy,31,Wednesday,1,Highway,Medium,56,35,60,4,9,20.0,13:35
2556,B005,R012,S192,Namburu,16.36,80.52,3.36,16.87,Rainy,22,Saturday,0,Village Road,High,19,28,60,1,13,24.6,13:36
2557,B015,R011,S034,Pedakakani,16.285,80.49,5.41,28.94,Rainy,33,Thursday,0,Village Road,Medium,19,36,60,3,9,29.1,13:37
2558,B007,R008,S087,Ponnur,16.065,80.551,3.22,13.32,Sunny,30,Tuesday,0,Village Road,Medium,29,50,60,4,4,14.7,13:38
2559,B016,R013,S147,Pedakakani,16.285,80.49,5.74,10.56,Sunny,32,Saturday,1,Highway,High,55,8,60,2,8,16.3,13:39
2560,B006,R015,S112,Vaddeswaram,16.49,80.61,6.68,7.37,Sunny,31,Wednesday,0,Main Road,Medium,35,46,60,1,4,16.5,13:40
2561,B014,R012,S058,Tulluru,16.52,80.58,1.13,29.95,Sunny,37,Thursday,1,Village Road,Medium,29,48,60,1,4,7.3,13:41
2562,B007,R014,S149,Vaddeswaram,16.49,80.61,3.82,12.46,Cloudy,32,Monday,1,Main Road,High,45,56,60,4,9,18.1,13:42
2563,B016,R020,S131,Tadikonda,16.405,80.643,1.51,19.7,Cloudy,26,Tuesday,0,Main Road,Low,41,35,60,1,1,4.2,13:43
2564,B007,R016,S077,Guntur,16.3067,80.4365,6.23,28.72,Cloudy,29,Tuesday,1,Highway,High,47,41,60,2,9,19.0,13:44
2565,B020,R020,S031,Tadikonda,16.405,80.643,4.78,7.49,Cloudy,25,Saturday,0,Village Road,Low,21,41,60,3,1,17.7,13:45
2566,B009,R014,S092,Ponnur,16.065,80.551,1.29,4.5,Sunny,40,Wednesday,0,Main Road,Low,31,10,60,1,0,3.5,13:46
2567,B019,R009,S040,Tadikonda,16.405,80.643,7.95,26.03,Sunny,28,Friday,1,Highway,Low,51,57,60,4,0,13.4,13:47
2568,B017,R017,S077,Tenali,16.239,80.645,7.14,27.42,Sunny,34,Tuesday,1,Main Road,High,45,51,60,2,8,19.5,13:48
2569,B003,R015,S148,Namburu,16.36,80.52,0.87,30.3,Sunny,28,Monday,1,Main Road,Low,31,15,60,2,0,3.7,13:49
2570,B017,R008,S177,Pedakakani,16.285,80.49,1.94,15.25,Sunny,36,Tuesday,1,Highway,Medium,55,40,60,3,4,9.1,13:50
2571,B006,R017,S112,Namburu,16.36,80.52,7.13,22.92,Rainy,36,Tuesday,1,Village Road,High,34,35,60,1,13,26.6,13:51
2572,B020,R013,S159,Ponnur,16.065,80.551,2.92,16.21,Rainy,34,Wednesday,0,Main Road,Medium,32,58,60,2,9,16.5,13:52
2573,B003,R001,S118,Ponnur,16.065,80.551,1.34,16.75,Sunny,25,Friday,0,Highway,Low,55,13,60,3,0,4.5,13:53
2574,B010,R020,S102,Tulluru,16.52,80.58,4.09,33.74,Sunny,29,Wednesday,1,Village Road,Low,25,6,60,1,0,10.8,13:54
2575,B012,R013,S114,Mangalagiri,16.4303,80.5681,5.56,6.47,Sunny,29,Monday,0,Main Road,Low,36,35,60,3,0,12.3,13:55
2576,B016,R008,S002,Guntur,16.3067,80.4365,4.88,7.65,Sunny,27,Monday,1,Main Road,High,44,18,60,1,8,15.7,13:56
2577,B019,R006,S106,Namburu,16.36,80.52,6.86,33.1,Rainy,27,Monday,0,Main Road,Low,31,60,60,3,5,21.3,13:57
2578,B013,R002,S044,Tadikonda,16.405,80.643,3.79,10.05,Sunny,32,Monday,1,Village Road,Low,18,20,60,4,0,16.6,13:58
2579,B010,R011,S014,Pedakakani,16.285,80.49,1.4,26.3,Sunny,24,Wednesday,0,Main Road,Medium,38,9,60,1,4,7.2,13:59
2580,B016,R016,S156,Mangalagiri,16.4303,80.5681,6.78,11.31,Rainy,35,Thursday,0,Main Road,Medium,43,59,60,3,9,21.5,13:00
2581,B013,R009,S194,Pedakakani,16.285,80.49,3.08,13.58,Sunny,23,Thursday,1,Main Road,High,42,47,60,3,8,15.4,13:01
2582,B004,R004,S077,Vaddeswaram,16.49,80.61,6.94,33.33,Sunny,39,Friday,0,Main Road,Medium,45,29,60,4,4,17.3,13:02
2583,B013,R016,S189,Guntur,16.3067,80.4365,5.63,31.51,Sunny,39,Thursday,1,Main Road,Low,32,7,60,2,0,12.6,13:03
2584,B005,R013,S127,Ponnur,16.065,80.551,7.32,15.69,Foggy,22,Friday,0,Main Road,Low,32,49,60,3,4,20.7,13:04
2585,B014,R017,S065,Pedakakani,16.285,80.49,2.44,22.51,Foggy,36,Monday,1,Village Road,Medium,21,14,60,2,8,17.0,13:05
2586,B015,R001,S012,Ponnur,16.065,80.551,7.09,34.9,Sunny,35,Friday,0,Highway,Medium,48,21,60,1,4,13.9,13:06
2587,B002,R011,S065,Tenali,16.239,80.645,5.09,24.61,Sunny,25,Thursday,0,Main Road,Medium,34,25,60,1,4,14.0,13:07
2588,B018,R001,S002,Guntur,16.3067,80.4365,1.38,26.33,Rainy,36,Thursday,1,Highway,Medium,60,16,60,1,9,11.4,13:08
2589,B014,R014,S125,Vaddeswaram,16.49,80.61,3.94,19.82,Sunny,26,Saturday,0,Main Road,Medium,41,43,60,1,4,10.8,13:09
2590,B004,R012,S041,Tadikonda,16.405,80.643,5.02,8.54,Foggy,36,Tuesday,1,Village Road,Low,27,44,60,2,4,17.2,13:10
2591,B006,R002,S089,Namburu,16.36,80.52,7.36,15.77,Rainy,40,Friday,1,Main Road,Medium,43,56,60,1,9,20.3,13:11
2592,B002,R018,S056,Ponnur,16.065,80.551,2.07,25.3,Sunny,35,Monday,0,Main Road,Low,30,60,60,2,0,6.1,13:12
2593,B002,R013,S184,Vaddeswaram,16.49,80.61,6.73,7.88,Sunny,29,Thursday,0,Main Road,Low,41,19,60,2,0,11.8,13:13
2594,B005,R019,S104,Pedakakani,16.285,80.49,1.69,14.83,Sunny,33,Friday,1,Village Road,Low,28,60,60,4,0,7.6,13:14
2595,B002,R020,S038,Tenali,16.239,80.645,2.55,28.4,Sunny,27,Wednesday,1,Main Road,Medium,34,28,60,2,4,10.5,13:15
2596,B018,R016,S025,Guntur,16.3067,80.4365,0.93,14.11,Sunny,39,Tuesday,1,Village Road,High,26,12,60,2,8,12.1,13:16
2597,B019,R008,S007,Guntur,16.3067,80.4365,3.12,11.91,Foggy,22,Wednesday,1,Village Road,Low,30,8,60,2,4,12.2,13:17
2598,B013,R009,S145,Tenali,16.239,80.645,5.9,24.18,Cloudy,29,Thursday,1,Village Road,High,18,44,60,1,9,29.7,13:18
2599,B016,R017,S148,Guntur,16.3067,80.4365,6.18,30.82,Sunny,22,Tuesday,1,Main Road,Low,31,32,60,2,0,14.0,13:19
2600,B016,R011,S077,Ponnur,16.065,80.551,3.11,22.03,Rainy,37,Tuesday,0,Main Road,Low,30,39,60,3,5,14.2,14:20
2601,B012,R011,S058,Ponnur,16.065,80.551,1.95,6.89,Sunny,27,Monday,1,Highway,Low,54,49,60,2,0,4.2,14:21
2602,B015,R003,S024,Tadikonda,16.405,80.643,6.86,33.81,Sunny,36,Friday,1,Village Road,Low,28,48,60,3,0,17.7,14:22
2603,B003,R017,S007,Pedakakani,16.285,80.49,7.88,26.55,Rainy,33,Saturday,0,Highway,Medium,56,57,60,3,9,20.4,14:23
2604,B003,R011,S110,Ponnur,16.065,80.551,2.66,30.41,Cloudy,40,Friday,0,Highway,High,45,18,60,3,9,15.5,14:24
2605,B020,R007,S011,Tadikonda,16.405,80.643,4.92,32.44,Sunny,40,Tuesday,1,Main Road,Low,42,16,60,4,0,11.0,14:25
2606,B004,R007,S123,Tenali,16.239,80.645,3.77,16.11,Sunny,28,Friday,1,Main Road,Low,31,44,60,3,0,10.3,14:26
2607,B007,R014,S090,Mangalagiri,16.4303,80.5681,7.23,18.91,Sunny,28,Monday,1,Highway,Low,55,52,60,3,0,10.9,14:27
2608,B004,R010,S098,Pedakakani,16.285,80.49,4.77,8.29,Cloudy,29,Saturday,0,Main Road,Low,41,39,60,3,1,11.0,14:28
2609,B005,R007,S062,Namburu,16.36,80.52,2.53,22.74,Sunny,29,Saturday,0,Main Road,Low,43,11,60,3,0,6.5,14:29
2610,B001,R010,S063,Tulluru,16.52,80.58,5.2,26.61,Sunny,39,Thursday,1,Main Road,Low,40,32,60,1,0,8.8,14:30
2611,B014,R007,S106,Vaddeswaram,16.49,80.61,3.6,25.75,Sunny,38,Monday,1,Main Road,Medium,45,18,60,4,4,12.8,14:31
2612,B010,R015,S128,Namburu,16.36,80.52,2.17,27.8,Sunny,23,Saturday,1,Highway,Medium,46,28,60,2,4,8.8,14:32
2613,B007,R013,S118,Mangalagiri,16.4303,80.5681,0.82,16.03,Rainy,38,Saturday,0,Main Road,Medium,34,37,60,4,9,14.4,14:33
2614,B006,R016,S151,Mangalagiri,16.4303,80.5681,3.52,30.05,Rainy,23,Wednesday,0,Village Road,Low,18,28,60,1,5,17.7,14:34
2615,B020,R005,S041,Tadikonda,16.405,80.643,4.43,5.13,Sunny,31,Monday,1,Main Road,Medium,42,43,60,4,4,14.3,14:35
2616,B009,R009,S136,Namburu,16.36,80.52,1.25,7.61,Sunny,36,Friday,0,Highway,Medium,48,57,60,3,4,8.6,14:36
2617,B005,R013,S016,Ponnur,16.065,80.551,3.8,27.68,Rainy,27,Monday,0,Village Road,Medium,26,9,60,4,9,21.8,14:37
2618,B010,R008,S164,Vaddeswaram,16.49,80.61,2.94,12.55,Rainy,22,Friday,1,Main Road,Medium,43,51,60,4,9,17.1,14:38
2619,B015,R004,S033,Vaddeswaram,16.49,80.61,2.05,31.32,Cloudy,35,Saturday,1,Highway,Medium,51,6,60,2,5,9.4,14:39
2620,B007,R003,S073,Ponnur,16.065,80.551,4.3,32.81,Cloudy,27,Monday,1,Village Road,Low,28,47,60,4,1,14.2,14:40
2621,B016,R018,S041,Pedakakani,16.285,80.49,5.08,13.35,Sunny,36,Tuesday,0,Main Road,Medium,38,27,60,1,4,13.0,14:41
2622,B013,R009,S004,Tulluru,16.52,80.58,4.6,29.35,Sunny,25,Wednesday,1,Main Road,High,34,33,60,3,8,19.1,14:42
2623,B011,R005,S081,Ponnur,16.065,80.551,5.12,26.06,Sunny,32,Saturday,1,Main Road,Medium,34,14,60,4,4,17.0,14:43
2624,B005,R014,S121,Ponnur,16.065,80.551,2.06,7.42,Foggy,30,Monday,1,Main Road,Medium,42,47,60,2,8,12.9,14:44
2625,B018,R017,S056,Guntur,16.3067,80.4365,4.52,17.67,Sunny,29,Friday,0,Highway,High,53,56,60,4,8,17.1,14:45
2626,B006,R019,S106,Tenali,16.239,80.645,3.38,29.82,Cloudy,35,Monday,0,Village Road,Medium,22,19,60,4,5,18.2,14:46
2627,B010,R019,S042,Pedakakani,16.285,80.49,1.17,28.59,Cloudy,35,Tuesday,1,Main Road,Low,38,19,60,1,1,3.8,14:47
2628,B002,R019,S112,Pedakakani,16.285,80.49,6.05,10.51,Rainy,24,Wednesday,0,Highway,Medium,57,41,60,4,9,19.4,14:48
2629,B008,R002,S014,Mangalagiri,16.4303,80.5681,3.36,23.34,Sunny,25,Thursday,1,Highway,High,48,59,60,3,8,15.2,14:49
2630,B011,R018,S147,Prathipadu,16.48,80.32,6.59,6.72,Sunny,38,Thursday,0,Highway,Medium,60,8,60,2,4,12.6,14:50
2631,B002,R015,S016,Namburu,16.36,80.52,3.76,15.67,Rainy,39,Saturday,1,Village Road,High,21,53,60,1,13,24.7,14:51
2632,B014,R009,S046,Mangalagiri,16.4303,80.5681,5.62,13.2,Sunny,26,Thursday,1,Village Road,Medium,24,55,60,1,4,19.0,14:52
2633,B007,R010,S128,Ponnur,16.065,80.551,1.81,14.74,Sunny,37,Saturday,1,Main Road,Medium,43,10,60,3,4,9.5,14:53
2634,B011,R012,S154,Mangalagiri,16.4303,80.5681,3.49,20.68,Cloudy,39,Thursday,1,Village Road,Low,34,41,60,4,1,11.2,14:54
2635,B008,R002,S026,Tadikonda,16.405,80.643,1.98,25.66,Rainy,34,Wednesday,0,Highway,Medium,47,6,60,2,9,13.5,14:55
2636,B019,R010,S089,Tenali,16.239,80.645,5.88,14.73,Sunny,36,Friday,1,Main Road,Medium,45,36,60,2,4,13.8,14:56
2637,B020,R016,S039,Ponnur,16.065,80.551,7.59,11.47,Rainy,38,Tuesday,1,Village Road,Medium,33,11,60,3,9,25.8,14:57
2638,B020,R017,S043,Tulluru,16.52,80.58,0.96,18.85,Sunny,40,Friday,0,Village Road,Medium,20,9,60,2,4,8.9,14:58
2639,B002,R006,S073,Prathipadu,16.48,80.32,4.42,17.13,Foggy,38,Friday,0,Main Road,Medium,33,5,60,4,8,20.0,14:59
2640,B013,R012,S030,Pedakakani,16.285,80.49,6.32,31.19,Sunny,26,Tuesday,1,Main Road,Medium,32,18,60,3,4,18.9,14:00
2641,B019,R011,S157,Ponnur,16.065,80.551,6.36,18.79,Sunny,31,Tuesday,1,Main Road,Medium,30,33,60,2,4,18.7,14:01
2642,B017,R006,S019,Vaddeswaram,16.49,80.61,6.15,12.43,Rainy,25,Monday,0,Village Road,Medium,18,30,60,2,9,31.5,14:02
2643,B015,R015,S014,Ponnur,16.065,80.551,2.64,25.69,Cloudy,37,Monday,1,Main Road,High,32,59,60,2,9,15.9,14:03
2644,B009,R007,S034,Guntur,16.3067,80.4365,7.52,19.06,Sunny,35,Wednesday,1,Main Road,Low,30,14,60,2,0,17.0,14:04
2645,B015,R020,S133,Guntur,16.3067,80.4365,6.12,7.32,Foggy,37,Thursday,1,Village Road,Medium,26,15,60,2,8,24.1,14:05
2646,B004,R019,S140,Tenali,16.239,80.645,4.87,8.14,Sunny,29,Friday,1,Main Road,Medium,36,33,60,3,4,15.1,14:06
2647,B011,R020,S186,Tulluru,16.52,80.58,6.15,6.69,Rainy,40,Wednesday,0,Highway,Medium,50,35,60,1,9,17.4,14:07
2648,B019,R008,S019,Ponnur,16.065,80.551,5.43,27.47,Sunny,28,Saturday,1,Main Road,Low,33,57,60,4,0,13.9,14:08
2649,B004,R001,S006,Namburu,16.36,80.52,6.2,31.98,Cloudy,23,Tuesday,1,Main Road,Low,32,38,60,2,1,14.6,14:09
2650,B017,R002,S167,Prathipadu,16.48,80.32,6.33,16.86,Rainy,35,Tuesday,0,Main Road,Medium,44,44,60,2,9,19.6,14:10
2651,B016,R010,S173,Guntur,16.3067,80.4365,7.9,14.15,Sunny,34,Tuesday,0,Main Road,Medium,45,30,60,2,4,16.5,14:11
2652,B018,R016,S035,Vaddeswaram,16.49,80.61,1.44,23.85,Cloudy,22,Thursday,1,Main Road,Low,40,33,60,2,1,5.2,14:12
2653,B009,R011,S174,Tulluru,16.52,80.58,2.61,20.87,Rainy,40,Saturday,1,Highway,High,48,16,60,4,13,20.3,14:13
2654,B008,R014,S136,Ponnur,16.065,80.551,6.32,19.72,Rainy,32,Monday,1,Main Road,Medium,30,8,60,4,9,25.6,14:14
2655,B015,R005,S005,Pedakakani,16.285,80.49,5.45,9.01,Sunny,37,Wednesday,0,Main Road,Low,41,22,60,4,0,12.0,14:15
2656,B013,R001,S024,Ponnur,16.065,80.551,7.65,9.97,Sunny,32,Monday,1,Village Road,Medium,31,20,60,4,4,22.8,14:16
2657,B012,R014,S165,Ponnur,16.065,80.551,3.62,14.78,Cloudy,34,Wednesday,1,Village Road,Medium,23,17,60,4,5,18.4,14:17
2658,B005,R008,S063,Tadikonda,16.405,80.643,1.4,3.16,Cloudy,23,Friday,1,Main Road,Low,45,60,60,1,1,3.9,14:18
2659,B011,R008,S119,Prathipadu,16.48,80.32,5.86,24.95,Rainy,29,Monday,1,Village Road,High,27,18,60,4,13,30.0,14:19
2660,B019,R013,S029,Ponnur,16.065,80.551,1.31,28.04,Cloudy,33,Monday,1,Highway,Medium,45,12,60,1,5,7.7,14:20
2661,B009,R004,S031,Guntur,16.3067,80.4365,2.39,27.81,Sunny,36,Saturday,1,Main Road,Medium,42,33,60,1,4,8.4,14:21
2662,B018,R015,S070,Tulluru,16.52,80.58,3.77,4.74,Sunny,35,Monday,0,Main Road,High,33,14,60,1,8,15.9,14:22
2663,B019,R018,S131,Tulluru,16.52,80.58,5.62,20.32,Cloudy,38,Tuesday,1,Village Road,Medium,34,54,60,4,5,18.9,14:23
2664,B008,R001,S200,Tenali,16.239,80.645,5.74,35.63,Sunny,23,Friday,1,Main Road,Medium,42,9,60,2,4,14.2,14:24
2665,B013,R015,S039,Pedakakani,16.285,80.49,1.63,31.46,Rainy,24,Monday,1,Main Road,High,41,29,60,2,13,17.4,14:25
2666,B010,R020,S165,Namburu,16.36,80.52,4.66,31.85,Sunny,25,Saturday,0,Village Road,Low,18,33,60,4,0,19.5,14:26
2667,B012,R019,S105,Mangalagiri,16.4303,80.5681,5.62,10.65,Sunny,29,Thursday,0,Main Road,High,31,55,60,1,8,19.9,14:27
2668,B001,R009,S113,Tenali,16.239,80.645,4.49,6.73,Rainy,23,Wednesday,1,Highway,Low,47,51,60,1,5,11.7,14:28
2669,B020,R009,S040,Ponnur,16.065,80.551,5.71,22.1,Cloudy,37,Friday,0,Main Road,Low,31,60,60,2,1,14.1,14:29
2670,B014,R017,S019,Mangalagiri,16.4303,80.5681,5.09,5.72,Foggy,31,Wednesday,0,Main Road,Medium,43,32,60,1,8,16.1,14:30
2671,B001,R014,S121,Prathipadu,16.48,80.32,4.23,18.23,Cloudy,23,Friday,0,Village Road,Low,21,26,60,2,1,15.1,14:31
2672,B016,R006,S073,Vaddeswaram,16.49,80.61,7.99,8.34,Sunny,22,Monday,0,Village Road,Medium,26,8,60,3,4,25.4,14:32
2673,B010,R020,S078,Tenali,16.239,80.645,4.02,21.7,Sunny,36,Thursday,1,Highway,Medium,47,46,60,2,4,11.1,14:33
2674,B013,R008,S055,Mangalagiri,16.4303,80.5681,7.97,10.23,Sunny,30,Friday,0,Main Road,Medium,36,14,60,2,4,19.3,14:34
2675,B008,R020,S169,Namburu,16.36,80.52,4.63,21.95,Sunny,33,Saturday,1,Village Road,High,19,21,60,2,8,24.6,14:35
2676,B016,R013,S155,Tenali,16.239,80.645,2.54,21.55,Sunny,30,Monday,1,Main Road,Low,35,60,60,3,0,7.4,14:36
2677,B020,R016,S063,Mangalagiri,16.4303,80.5681,1.93,29.98,Sunny,25,Thursday,1,Main Road,Medium,41,15,60,2,4,8.8,14:37
2678,B016,R019,S111,Pedakakani,16.285,80.49,2.49,23.45,Sunny,32,Thursday,0,Highway,Low,52,40,60,3,0,5.9,14:38
2679,B017,R002,S079,Guntur,16.3067,80.4365,0.89,22.17,Sunny,38,Tuesday,1,Main Road,High,41,7,60,3,8,12.3,14:39
2680,B015,R001,S197,Namburu,16.36,80.52,3.43,13.85,Sunny,35,Tuesday,1,Village Road,Medium,23,60,60,2,4,14.9,14:40
2681,B014,R005,S194,Vaddeswaram,16.49,80.61,4.57,15.59,Rainy,28,Saturday,0,Village Road,Medium,18,31,60,2,9,26.2,14:41
2682,B007,R010,S197,Namburu,16.36,80.52,3.46,28.96,Sunny,25,Wednesday,1,Main Road,Medium,32,35,60,1,4,11.5,14:42
2683,B001,R017,S008,Pedakakani,16.285,80.49,1.45,31.07,Cloudy,32,Tuesday,0,Village Road,High,33,39,60,4,9,15.6,14:43
2684,B011,R015,S177,Tulluru,16.52,80.58,5.51,28.81,Rainy,33,Tuesday,1,Main Road,High,35,55,60,4,13,26.4,14:44
2685,B001,R018,S169,Prathipadu,16.48,80.32,1.94,11.77,Rainy,28,Wednesday,1,Main Road,Low,40,58,60,2,5,9.9,14:45
2686,B002,R014,S146,Ponnur,16.065,80.551,2.31,4.02,Cloudy,40,Saturday,0,Main Road,Low,42,43,60,4,1,8.3,14:46
2687,B003,R013,S038,Tulluru,16.52,80.58,5.54,21.42,Sunny,40,Friday,1,Main Road,Medium,31,5,60,2,4,16.7,14:47
2688,B001,R012,S097,Ponnur,16.065,80.551,6.52,9.69,Sunny,32,Saturday,1,Main Road,Low,41,16,60,2,0,11.5,14:48
2689,B018,R017,S195,Pedakakani,16.285,80.49,1.81,11.38,Cloudy,38,Thursday,0,Main Road,Medium,39,38,60,1,5,8.8,14:49
2690,B001,R008,S200,Mangalagiri,16.4303,80.5681,2.83,25.17,Sunny,35,Friday,0,Highway,High,45,37,60,4,8,15.8,14:50
2691,B006,R014,S183,Pedakakani,16.285,80.49,2.31,27.29,Sunny,37,Thursday,1,Village Road,Low,26,18,60,2,0,7.3,14:51
2692,B008,R002,S198,Vaddeswaram,16.49,80.61,5.72,20.85,Sunny,40,Thursday,1,Village Road,High,20,26,60,3,8,28.2,14:52
2693,B009,R015,S043,Prathipadu,16.48,80.32,4.8,21.48,Sunny,24,Saturday,0,Main Road,High,35,11,60,4,8,20.2,14:53
2694,B005,R003,S126,Mangalagiri,16.4303,80.5681,3.03,3.25,Cloudy,38,Monday,1,Highway,Low,57,55,60,1,1,5.2,14:54
2695,B020,R006,S007,Guntur,16.3067,80.4365,6.96,22.74,Rainy,35,Tuesday,0,Main Road,Medium,34,59,60,3,9,24.3,14:55
2696,B019,R012,S058,Ponnur,16.065,80.551,2.01,13.9,Cloudy,25,Monday,0,Highway,Medium,56,57,60,1,5,8.2,14:56
2697,B003,R007,S170,Mangalagiri,16.4303,80.5681,2.42,28.44,Sunny,36,Monday,0,Main Road,Low,40,6,60,1,0,4.6,14:57
2698,B008,R013,S010,Tulluru,16.52,80.58,1.34,28.82,Cloudy,36,Thursday,0,Main Road,Low,39,36,60,1,1,4.1,14:58
2699,B012,R008,S062,Tadikonda,16.405,80.643,5.81,22.95,Sunny,28,Wednesday,0,Highway,Medium,54,12,60,2,4,12.5,14:59
2700,B004,R016,S063,Prathipadu,16.48,80.32,7.81,8.88,Cloudy,23,Wednesday,0,Village Road,High,28,56,60,4,9,29.7,15:00
2701,B010,R001,S123,Pedakakani,16.285,80.49,5.06,18.35,Rainy,31,Monday,0,Highway,Low,52,26,60,2,5,12.8,15:01
2702,B016,R009,S052,Tulluru,16.52,80.58,2.52,19.42,Sunny,29,Friday,0,Main Road,Low,43,42,60,3,0,6.5,15:02
2703,B012,R002,S024,Pedakakani,16.285,80.49,6.53,15.48,Cloudy,31,Thursday,0,Village Road,Low,18,46,60,4,1,26.8,15:03
2704,B017,R010,S100,Mangalagiri,16.4303,80.5681,2.42,10.09,Foggy,31,Saturday,0,Main Road,Medium,30,8,60,3,8,15.8,15:04
2705,B013,R001,S153,Mangalagiri,16.4303,80.5681,2.02,4.87,Sunny,25,Thursday,1,Main Road,High,34,7,60,1,8,12.6,15:05
2706,B013,R004,S101,Namburu,16.36,80.52,6.67,20.51,Rainy,27,Saturday,0,Village Road,Medium,30,48,60,3,9,25.3,15:06
2707,B006,R001,S037,Vaddeswaram,16.49,80.61,3.29,19.43,Cloudy,22,Wednesday,1,Main Road,Medium,36,10,60,4,5,14.5,15:07
2708,B016,R004,S176,Guntur,16.3067,80.4365,2.85,14.15,Sunny,40,Thursday,1,Village Road,Low,25,26,60,2,0,8.8,15:08
2709,B014,R019,S090,Tenali,16.239,80.645,3.36,32.08,Sunny,31,Thursday,0,Highway,High,54,25,60,1,8,12.7,15:09
2710,B020,R001,S145,Prathipadu,16.48,80.32,5.75,23.56,Cloudy,38,Tuesday,1,Village Road,Low,32,25,60,1,1,12.8,15:10
2711,B015,R010,S029,Guntur,16.3067,80.4365,5.59,18.85,Sunny,37,Monday,1,Main Road,Low,38,5,60,1,0,9.8,15:11
2712,B015,R014,S048,Tadikonda,16.405,80.643,7.34,13.4,Sunny,27,Friday,0,Highway,Medium,50,41,60,1,4,13.8,15:12
2713,B020,R002,S090,Pedakakani,16.285,80.49,2.71,3.66,Foggy,39,Wednesday,0,Main Road,Low,45,40,60,4,4,11.6,15:13
2714,B019,R014,S167,Mangalagiri,16.4303,80.5681,5.25,32.36,Rainy,33,Thursday,0,Main Road,Low,36,13,60,2,5,15.8,15:14
2715,B015,R018,S092,Guntur,16.3067,80.4365,2.8,15.06,Sunny,34,Tuesday,1,Village Road,High,30,8,60,3,8,16.6,15:15
2716,B012,R015,S004,Vaddeswaram,16.49,80.61,5.47,35.43,Sunny,40,Friday,0,Main Road,High,31,37,60,2,8,20.6,15:16
2717,B011,R011,S037,Prathipadu,16.48,80.32,6.31,9.52,Cloudy,22,Tuesday,0,Highway,Low,49,48,60,2,1,10.7,15:17
2718,B012,R006,S136,Vaddeswaram,16.49,80.61,6.29,9.96,Rainy,28,Friday,0,Village Road,High,35,59,60,1,13,24.8,15:18
2719,B018,R017,S075,Pedakakani,16.285,80.49,7.2,29.22,Rainy,22,Monday,1,Highway,Medium,58,45,60,2,9,18.4,15:19
2720,B004,R019,S118,Namburu,16.36,80.52,4.99,24.39,Sunny,23,Friday,1,Main Road,Medium,34,36,60,4,4,16.8,15:20
2721,B008,R017,S117,Ponnur,16.065,80.551,0.98,14.07,Foggy,35,Thursday,0,Village Road,High,26,40,60,3,12,17.3,15:21
2722,B019,R013,S047,Ponnur,16.065,80.551,4.37,22.62,Sunny,35,Tuesday,0,Main Road,Medium,41,50,60,2,4,12.4,15:22
2723,B011,R014,S104,Namburu,16.36,80.52,6.24,11.96,Cloudy,32,Saturday,0,Main Road,High,37,21,60,1,9,20.1,15:23
2724,B013,R018,S022,Mangalagiri,16.4303,80.5681,7.23,19.15,Sunny,35,Monday,1,Main Road,Medium,36,56,60,4,4,20.1,15:24
2725,B009,R007,S119,Mangalagiri,16.4303,80.5681,5.7,11.28,Cloudy,29,Friday,0,Main Road,Low,30,9,60,4,1,16.4,15:25
2726,B018,R005,S106,Tenali,16.239,80.645,1.34,11.67,Cloudy,25,Monday,0,Village Road,Medium,27,52,60,4,5,12.0,15:26
2727,B012,R010,S031,Ponnur,16.065,80.551,2.28,16.12,Rainy,30,Wednesday,1,Main Road,Medium,30,55,60,2,9,15.6,15:27
2728,B013,R013,S060,Prathipadu,16.48,80.32,5.49,28.84,Sunny,37,Saturday,0,Village Road,Medium,20,5,60,2,4,22.5,15:28
2729,B013,R012,S111,Vaddeswaram,16.49,80.61,2.2,5.94,Sunny,22,Friday,0,Village Road,Medium,35,48,60,1,4,8.8,15:29
2730,B014,R003,S120,Ponnur,16.065,80.551,2.85,14.91,Cloudy,28,Wednesday,1,Village Road,Medium,27,7,60,2,5,13.3,15:30
2731,B005,R005,S151,Vaddeswaram,16.49,80.61,2.69,8.54,Sunny,28,Friday,0,Main Road,Low,36,24,60,4,0,8.5,15:31
2732,B010,R016,S106,Pedakakani,16.285,80.49,6.47,13.37,Cloudy,30,Friday,0,Highway,Medium,52,51,60,4,5,16.5,15:32
2733,B016,R018,S027,Namburu,16.36,80.52,7.12,34.9,Sunny,39,Monday,1,Highway,Medium,58,27,60,2,4,13.4,15:33
2734,B003,R014,S014,Tenali,16.239,80.645,4.65,5.68,Sunny,29,Tuesday,1,Main Road,Low,41,9,60,4,0,10.8,15:34
2735,B014,R009,S136,Namburu,16.36,80.52,1.91,16.7,Sunny,38,Monday,0,Village Road,Medium,18,26,60,2,4,12.4,15:35
2736,B020,R018,S085,Guntur,16.3067,80.4365,4.67,9.88,Sunny,40,Tuesday,0,Main Road,Medium,43,54,60,2,4,12.5,15:36
2737,B014,R019,S133,Vaddeswaram,16.49,80.61,1.49,14.26,Cloudy,26,Tuesday,0,Village Road,Low,34,7,60,2,1,5.6,15:37
2738,B008,R002,S178,Namburu,16.36,80.52,6.99,9.55,Rainy,34,Thursday,0,Highway,Medium,54,9,60,2,9,18.8,15:38
2739,B009,R010,S113,Tulluru,16.52,80.58,2.79,32.3,Cloudy,25,Tuesday,0,Main Road,High,31,40,60,1,9,15.4,15:39
2740,B018,R018,S109,Tenali,16.239,80.645,4.01,19.12,Sunny,24,Thursday,0,Village Road,Medium,35,56,60,4,4,14.9,15:40
2741,B003,R008,S105,Tadikonda,16.405,80.643,5.87,35.1,Rainy,39,Friday,0,Village Road,Low,18,32,60,3,5,27.6,15:41
2742,B008,R008,S122,Pedakakani,16.285,80.49,5.07,12.6,Rainy,33,Thursday,0,Village Road,Low,31,60,60,4,5,18.8,15:42
2743,B020,R009,S087,Vaddeswaram,16.49,80.61,4.06,25.49,Sunny,38,Tuesday,1,Main Road,High,40,9,60,2,8,16.1,15:43
2744,B002,R010,S034,Vaddeswaram,16.49,80.61,3.05,29.34,Sunny,30,Wednesday,1,Village Road,High,27,5,60,4,8,18.8,15:44
2745,B019,R018,S140,Tadikonda,16.405,80.643,1.92,31.5,Sunny,24,Thursday,0,Main Road,High,45,51,60,3,8,13.6,15:45
2746,B010,R007,S126,Guntur,16.3067,80.4365,6.3,23.97,Rainy,30,Monday,0,Village Road,Low,24,32,60,1,5,21.8,15:46
2747,B020,R019,S119,Tulluru,16.52,80.58,3.1,6.7,Rainy,22,Thursday,0,Village Road,Medium,28,44,60,1,9,16.6,15:47
2748,B012,R002,S017,Tenali,16.239,80.645,1.03,21.32,Cloudy,34,Wednesday,1,Main Road,Medium,34,28,60,2,5,8.8,15:48
2749,B001,R011,S101,Pedakakani,16.285,80.49,5.37,22.03,Cloudy,23,Wednesday,1,Main Road,High,42,35,60,4,9,20.7,15:49
2750,B004,R014,S173,Tenali,16.239,80.645,4.92,5.12,Sunny,24,Saturday,1,Main Road,Low,33,17,60,4,0,12.9,15:50
2751,B017,R003,S076,Mangalagiri,16.4303,80.5681,2.91,23.72,Sunny,28,Tuesday,1,Main Road,Low,30,60,60,1,0,6.8,15:51
2752,B009,R006,S107,Tulluru,16.52,80.58,6.9,17.76,Sunny,22,Wednesday,0,Village Road,Low,28,20,60,2,0,16.8,15:52
2753,B017,R015,S194,Vaddeswaram,16.49,80.61,3.52,5.03,Rainy,32,Friday,0,Main Road,Medium,43,23,60,1,9,14.9,15:53
2754,B005,R013,S031,Mangalagiri,16.4303,80.5681,7.86,35.99,Sunny,40,Tuesday,1,Main Road,Medium,36,44,60,1,4,18.1,15:54
2755,B006,R003,S051,Guntur,16.3067,80.4365,5.12,25.76,Rainy,30,Saturday,1,Village Road,Low,18,26,60,1,5,23.1,15:55
2756,B005,R008,S015,Namburu,16.36,80.52,2.14,14.17,Rainy,34,Saturday,0,Main Road,Medium,31,31,60,4,9,17.1,15:56
2757,B008,R013,S125,Pedakakani,16.285,80.49,5.46,16.57,Sunny,36,Thursday,1,Main Road,High,44,36,60,1,8,16.4,15:57
2758,B016,R011,S085,Tulluru,16.52,80.58,2.75,20.79,Sunny,36,Friday,0,Main Road,Medium,34,56,60,4,4,12.9,15:58
2759,B010,R007,S144,Tadikonda,16.405,80.643,5.62,33.3,Cloudy,38,Tuesday,1,Highway,Medium,54,58,60,3,5,14.2,15:59
2760,B017,R020,S150,Tulluru,16.52,80.58,5.66,17.27,Cloudy,34,Friday,0,Main Road,Low,33,38,60,4,1,15.3,15:00
2761,B020,R002,S176,Namburu,16.36,80.52,1.68,22.46,Sunny,31,Wednesday,1,Main Road,Low,32,34,60,3,0,6.2,15:01
2762,B003,R002,S155,Ponnur,16.065,80.551,3.41,11.59,Sunny,32,Wednesday,1,Highway,Medium,46,57,60,4,4,12.4,15:02
2763,B013,R001,S062,Tadikonda,16.405,80.643,3.09,5.8,Cloudy,36,Friday,0,Main Road,Medium,31,40,60,3,5,14.0,15:03
2764,B016,R012,S008,Guntur,16.3067,80.4365,4.83,24.23,Sunny,25,Tuesday,0,Main Road,Medium,33,58,60,1,4,13.8,15:04
2765,B013,R008,S024,Tulluru,16.52,80.58,6.83,34.74,Sunny,37,Thursday,0,Main Road,High,42,38,60,3,8,20.8,15:05
2766,B007,R018,S031,Prathipadu,16.48,80.32,3.76,15.87,Sunny,29,Monday,0,Highway,Low,58,14,60,4,0,7.9,15:06
2767,B015,R001,S200,Prathipadu,16.48,80.32,5.19,17.26,Rainy,32,Tuesday,1,Highway,Low,58,24,60,4,5,14.4,15:07
2768,B018,R002,S020,Ponnur,16.065,80.551,2.87,6.83,Sunny,27,Friday,0,Village Road,Medium,28,21,60,1,4,11.2,15:08
2769,B012,R013,S135,Vaddeswaram,16.49,80.61,6.72,17.38,Sunny,35,Friday,1,Highway,High,45,43,60,3,8,20.0,15:09
2770,B009,R004,S081,Guntur,16.3067,80.4365,2.15,25.72,Rainy,36,Wednesday,1,Highway,Low,47,49,60,1,5,8.7,15:10
2771,B008,R008,S062,Tadikonda,16.405,80.643,4.26,28.69,Rainy,32,Thursday,1,Main Road,Medium,32,14,60,2,9,19.0,15:11
2772,B019,R012,S014,Guntur,16.3067,80.4365,4.02,32.91,Rainy,35,Wednesday,0,Highway,Low,53,5,60,2,5,11.6,15:12
2773,B007,R009,S163,Tenali,16.239,80.645,7.19,27.24,Sunny,35,Wednesday,1,Highway,Medium,54,23,60,2,4,14.0,15:13
2774,B014,R009,S078,Prathipadu,16.48,80.32,6.28,22.53,Sunny,23,Monday,0,Village Road,Medium,25,50,60,2,4,21.1,15:14
2775,B006,R011,S162,Vaddeswaram,16.49,80.61,6.76,36.22,Rainy,35,Tuesday,1,Village Road,Low,24,56,60,3,5,24.9,15:15
2776,B009,R002,S119,Guntur,16.3067,80.4365,2.84,24.19,Rainy,30,Friday,0,Main Road,Medium,37,37,60,2,9,15.6,15:16
2777,B003,R005,S016,Pedakakani,16.285,80.49,6.26,26.41,Sunny,34,Friday,0,Highway,Low,49,47,60,3,0,10.7,15:17
2778,B011,R018,S070,Prathipadu,16.48,80.32,5.4,10.07,Sunny,34,Wednesday,0,Highway,Low,56,53,60,1,0,6.8,15:18
2779,B007,R004,S148,Tulluru,16.52,80.58,0.92,10.53,Sunny,33,Monday,1,Village Road,Medium,35,40,60,2,4,7.6,15:19
2780,B006,R020,S041,Namburu,16.36,80.52,6.91,14.11,Cloudy,34,Tuesday,0,Main Road,Low,36,26,60,2,1,14.5,15:20
2781,B012,R015,S140,Pedakakani,16.285,80.49,6.7,33.34,Sunny,29,Tuesday,0,Village Road,Low,30,43,60,4,0,17.4,15:21
2782,B015,R018,S113,Tulluru,16.52,80.58,4.96,15.49,Cloudy,38,Tuesday,0,Village Road,High,18,48,60,3,9,28.5,15:22
2783,B012,R019,S197,Tulluru,16.52,80.58,4.53,4.89,Cloudy,38,Wednesday,1,Main Road,High,37,53,60,4,9,20.3,15:23
2784,B007,R006,S115,Guntur,16.3067,80.4365,1.93,11.51,Cloudy,25,Friday,1,Village Road,Medium,31,27,60,1,5,9.7,15:24
2785,B002,R009,S103,Vaddeswaram,16.49,80.61,7.07,27.01,Sunny,40,Monday,1,Main Road,Low,31,23,60,2,0,15.7,15:25
2786,B010,R009,S200,Tenali,16.239,80.645,2.61,32.48,Sunny,30,Monday,1,Main Road,Low,38,20,60,2,0,6.1,15:26
2787,B020,R003,S189,Mangalagiri,16.4303,80.5681,1.29,3.03,Sunny,34,Friday,1,Main Road,Low,30,13,60,2,0,4.6,15:27
2788,B012,R006,S114,Prathipadu,16.48,80.32,2.78,4.77,Cloudy,32,Thursday,1,Highway,Low,57,13,60,2,1,5.9,15:28
2789,B006,R003,S085,Guntur,16.3067,80.4365,5.49,7.75,Cloudy,27,Friday,0,Main Road,Low,36,8,60,2,1,12.2,15:29
2790,B018,R008,S025,Namburu,16.36,80.52,2.32,3.45,Rainy,34,Thursday,0,Main Road,Low,42,18,60,2,5,10.3,15:30
2791,B002,R014,S117,Tadikonda,16.405,80.643,7.9,22.13,Sunny,29,Thursday,1,Village Road,Low,26,38,60,4,0,22.2,15:31
2792,B017,R009,S121,Vaddeswaram,16.49,80.61,1.68,5.22,Sunny,39,Saturday,0,Village Road,Low,26,51,60,1,0,4.9,15:32
2793,B018,R012,S117,Mangalagiri,16.4303,80.5681,6.33,14.47,Cloudy,33,Thursday,0,Main Road,Medium,31,19,60,3,5,20.3,15:33
2794,B019,R020,S184,Tenali,16.239,80.645,6.33,34.28,Rainy,40,Saturday,0,Main Road,High,40,52,60,1,13,23.5,15:34
2795,B007,R009,S055,Namburu,16.36,80.52,2.36,3.65,Sunny,22,Wednesday,0,Main Road,Low,40,6,60,2,0,5.5,15:35
2796,B007,R020,S112,Namburu,16.36,80.52,3.63,26.71,Sunny,31,Saturday,0,Village Road,Low,22,32,60,3,0,12.9,15:36
2797,B007,R012,S130,Tenali,16.239,80.645,4.19,28.75,Cloudy,27,Monday,1,Main Road,High,32,56,60,1,9,17.9,15:37
2798,B018,R001,S138,Tadikonda,16.405,80.643,4.72,31.93,Cloudy,38,Saturday,1,Village Road,Medium,18,49,60,3,5,23.7,15:38
2799,B016,R005,S024,Mangalagiri,16.4303,80.5681,2.99,29.38,Foggy,25,Tuesday,1,Highway,Low,56,11,60,4,4,11.2,15:39
2800,B003,R011,S039,Prathipadu,16.48,80.32,7.99,35.0,Rainy,35,Thursday,0,Main Road,High,33,57,60,2,13,29.5,16:40
2801,B010,R004,S075,Namburu,16.36,80.52,7.54,23.56,Sunny,37,Tuesday,1,Highway,Medium,45,60,60,4,4,18.1,16:41
2802,B015,R013,S138,Tulluru,16.52,80.58,5.38,14.13,Sunny,40,Friday,1,Village Road,Low,24,50,60,4,0,17.4,16:42
2803,B016,R001,S026,Namburu,16.36,80.52,3.59,30.61,Cloudy,30,Saturday,0,Village Road,Low,20,44,60,2,1,13.8,16:43
2804,B008,R005,S058,Pedakakani,16.285,80.49,3.33,33.2,Cloudy,23,Saturday,1,Village Road,Low,20,36,60,4,1,15.0,16:44
2805,B008,R017,S199,Namburu,16.36,80.52,3.4,32.34,Cloudy,31,Monday,1,Highway,Medium,58,13,60,2,5,10.5,16:45
2806,B013,R002,S170,Tulluru,16.52,80.58,4.74,27.66,Cloudy,28,Monday,0,Main Road,Low,43,27,60,4,1,11.6,16:46
2807,B017,R016,S114,Mangalagiri,16.4303,80.5681,2.77,19.79,Sunny,29,Wednesday,1,Main Road,Medium,38,14,60,1,4,9.4,16:47
2808,B008,R001,S159,Ponnur,16.065,80.551,4.14,8.47,Sunny,35,Wednesday,1,Village Road,High,31,24,60,3,8,19.0,16:48
2809,B019,R011,S027,Tadikonda,16.405,80.643,4.6,26.48,Sunny,35,Saturday,0,Main Road,Medium,34,40,60,2,4,14.1,16:49
2810,B008,R004,S048,Tulluru,16.52,80.58,4.59,9.22,Sunny,32,Friday,0,Highway,Low,54,13,60,2,0,7.1,16:50
2811,B009,R015,S109,Vaddeswaram,16.49,80.61,2.71,10.39,Sunny,32,Saturday,0,Village Road,Low,25,59,60,3,0,9.5,16:51
2812,B008,R012,S177,Tadikonda,16.405,80.643,3.77,9.11,Sunny,26,Saturday,1,Main Road,Medium,40,25,60,1,4,10.7,16:52
2813,B017,R002,S125,Ponnur,16.065,80.551,5.3,15.93,Sunny,35,Thursday,1,Main Road,High,40,39,60,3,8,18.9,16:53
2814,B007,R012,S156,Namburu,16.36,80.52,5.6,9.17,Sunny,31,Friday,0,Main Road,Medium,37,45,60,2,4,15.1,16:54
2815,B007,R012,S064,Tadikonda,16.405,80.643,6.75,30.85,Sunny,31,Monday,1,Village Road,Medium,27,32,60,1,4,20.0,16:55
2816,B010,R015,S057,Pedakakani,16.285,80.49,1.54,24.51,Sunny,40,Saturday,0,Main Road,Medium,38,45,60,1,4,7.4,16:56
2817,B005,R015,S122,Tadikonda,16.405,80.643,2.6,19.4,Sunny,24,Tuesday,1,Village Road,High,34,36,60,1,8,13.6,16:57
2818,B010,R009,S125,Mangalagiri,16.4303,80.5681,6.76,24.81,Sunny,40,Wednesday,0,Village Road,High,24,38,60,4,8,28.9,16:58
2819,B011,R018,S192,Guntur,16.3067,80.4365,4.88,6.22,Rainy,31,Monday,0,Main Road,Medium,35,49,60,4,9,21.4,16:59
2820,B017,R001,S044,Tulluru,16.52,80.58,1.71,14.19,Sunny,29,Friday,1,Main Road,Low,38,25,60,2,0,4.7,16:00
2821,B017,R018,S131,Prathipadu,16.48,80.32,4.79,15.74,Cloudy,22,Monday,0,Highway,Medium,58,5,60,1,5,11.0,16:01
2822,B005,R002,S194,Guntur,16.3067,80.4365,1.91,31.07,Cloudy,28,Monday,1,Main Road,High,44,9,60,2,9,13.6,16:02
2823,B006,R004,S094,Guntur,16.3067,80.4365,7.56,13.71,Sunny,30,Monday,1,Village Road,Medium,23,59,60,4,4,27.7,16:03
2824,B020,R010,S040,Mangalagiri,16.4303,80.5681,6.84,27.21,Cloudy,39,Thursday,0,Village Road,Low,18,26,60,2,1,25.8,16:04
2825,B009,R020,S083,Vaddeswaram,16.49,80.61,5.87,17.58,Rainy,33,Friday,0,Village Road,Medium,23,8,60,4,9,28.3,16:05
2826,B017,R008,S068,Tulluru,16.52,80.58,3.42,19.15,Rainy,34,Saturday,0,Highway,Low,52,46,60,2,5,10.9,16:06
2827,B012,R007,S005,Vaddeswaram,16.49,80.61,5.57,6.37,Rainy,26,Friday,1,Village Road,Low,20,10,60,4,5,25.7,16:07
2828,B006,R015,S153,Ponnur,16.065,80.551,3.89,20.88,Sunny,38,Friday,0,Village Road,Medium,20,22,60,1,4,16.7,16:08
2829,B011,R017,S078,Pedakakani,16.285,80.49,7.66,36.41,Sunny,39,Saturday,1,Village Road,Medium,35,22,60,3,4,20.1,16:09
2830,B016,R006,S006,Tulluru,16.52,80.58,2.12,29.46,Sunny,23,Friday,0,Main Road,Medium,35,27,60,1,4,8.6,16:10
2831,B011,R005,S169,Namburu,16.36,80.52,7.02,35.95,Foggy,26,Wednesday,1,Village Road,Medium,27,57,60,4,8,27.6,16:11
2832,B018,R004,S033,Pedakakani,16.285,80.49,2.73,27.27,Sunny,28,Thursday,0,Village Road,Medium,35,22,60,3,4,11.7,16:12
2833,B013,R015,S036,Tadikonda,16.405,80.643,0.83,30.02,Cloudy,31,Saturday,1,Main Road,Low,45,54,60,1,1,3.1,16:13
2834,B013,R008,S014,Prathipadu,16.48,80.32,7.26,32.39,Sunny,39,Tuesday,1,Highway,Medium,56,33,60,4,4,15.8,16:14
2835,B010,R003,S130,Tadikonda,16.405,80.643,1.07,21.79,Sunny,22,Wednesday,0,Main Road,Medium,33,7,60,4,4,9.9,16:15
2836,B018,R006,S129,Tadikonda,16.405,80.643,7.1,20.8,Rainy,37,Thursday,1,Highway,Low,45,33,60,4,5,18.5,16:16
2837,B001,R014,S196,Pedakakani,16.285,80.49,4.46,21.18,Rainy,34,Wednesday,1,Village Road,High,28,38,60,3,13,25.6,16:17
2838,B009,R011,S064,Tadikonda,16.405,80.643,2.41,3.95,Sunny,29,Wednesday,1,Main Road,Low,45,44,60,4,0,7.2,16:18
2839,B002,R011,S171,Vaddeswaram,16.49,80.61,4.08,12.68,Cloudy,34,Tuesday,0,Main Road,Low,39,35,60,3,1,10.3,16:19
2840,B012,R020,S090,Guntur,16.3067,80.4365,4.56,22.28,Sunny,32,Friday,1,Main Road,Medium,33,15,60,4,4,16.3,16:20
2841,B015,R003,S021,Tadikonda,16.405,80.643,7.17,26.6,Cloudy,38,Monday,0,Main Road,Low,36,50,60,4,1,16.9,16:21
2842,B020,R005,S113,Prathipadu,16.48,80.32,3.53,28.42,Foggy,25,Wednesday,0,Main Road,Medium,39,48,60,3,8,16.4,16:22
2843,B017,R018,S150,Prathipadu,16.48,80.32,7.99,14.15,Rainy,28,Saturday,1,Main Road,Medium,45,10,60,4,9,23.7,16:23
2844,B007,R003,S159,Prathipadu,16.48,80.32,3.56,32.59,Cloudy,35,Saturday,1,Main Road,Low,45,15,60,3,1,8.7,16:24
2845,B012,R011,S179,Mangalagiri,16.4303,80.5681,6.99,12.8,Foggy,37,Wednesday,0,Village Road,Low,18,13,60,1,4,28.3,16:25
2846,B019,R004,S164,Vaddeswaram,16.49,80.61,4.67,33.73,Cloudy,27,Thursday,0,Village Road,Medium,29,19,60,3,5,17.7,16:26
2847,B004,R006,S189,Guntur,16.3067,80.4365,1.59,17.2,Sunny,29,Saturday,1,Main Road,Medium,44,25,60,3,4,9.2,16:27
2848,B016,R003,S027,Tulluru,16.52,80.58,5.79,7.46,Sunny,34,Tuesday,1,Village Road,Medium,29,22,60,3,4,19.0,16:28
2849,B004,R015,S066,Tenali,16.239,80.645,6.72,12.75,Sunny,23,Tuesday,0,Main Road,Medium,34,7,60,2,4,17.9,16:29
2850,B006,R013,S054,Prathipadu,16.48,80.32,6.78,14.99,Cloudy,29,Saturday,1,Highway,Low,60,30,60,1,1,8.8,16:30
2851,B012,R003,S069,Ponnur,16.065,80.551,5.58,20.44,Sunny,29,Wednesday,0,Highway,High,57,35,60,1,8,14.9,16:31
2852,B013,R002,S163,Tadikonda,16.405,80.643,2.7,25.03,Cloudy,26,Saturday,0,Main Road,Medium,41,26,60,2,5,11.0,16:32
2853,B002,R013,S020,Ponnur,16.065,80.551,1.06,10.65,Sunny,25,Tuesday,0,Main Road,Medium,35,5,60,2,4,7.8,16:33
2854,B012,R014,S144,Ponnur,16.065,80.551,6.89,11.84,Cloudy,29,Tuesday,1,Main Road,Low,45,28,60,1,1,11.2,16:34
2855,B010,R017,S100,Pedakakani,16.285,80.49,6.34,23.04,Cloudy,40,Friday,0,Main Road,High,32,7,60,4,9,24.9,16:35
2856,B013,R013,S001,Pedakakani,16.285,80.49,7.33,7.43,Cloudy,40,Saturday,1,Village Road,Medium,24,5,60,2,5,25.3,16:36
2857,B012,R011,S133,Ponnur,16.065,80.551,4.08,13.52,Cloudy,23,Saturday,1,Main Road,Low,30,25,60,4,1,13.2,16:37
2858,B013,R008,S177,Vaddeswaram,16.49,80.61,2.25,10.93,Sunny,24,Friday,0,Village Road,Low,23,60,60,1,0,6.9,16:38
2859,B010,R005,S013,Guntur,16.3067,80.4365,3.55,10.82,Rainy,26,Friday,1,Village Road,Medium,25,11,60,1,9,18.5,16:39
2860,B005,R010,S085,Tadikonda,16.405,80.643,3.76,29.45,Sunny,31,Tuesday,0,Village Road,High,35,21,60,1,8,15.4,16:40
2861,B004,R007,S034,Tulluru,16.52,80.58,1.87,22.61,Sunny,36,Friday,0,Highway,Medium,54,39,60,1,4,7.1,16:41
2862,B011,R008,S195,Tadikonda,16.405,80.643,5.41,30.5,Cloudy,27,Friday,1,Main Road,Medium,40,29,60,2,5,15.1,16:42
2863,B013,R010,S015,Mangalagiri,16.4303,80.5681,5.04,31.87,Sunny,39,Friday,1,Main Road,Medium,43,34,60,4,4,15.0,16:43
2864,B020,R002,S101,Tulluru,16.52,80.58,7.32,7.42,Cloudy,29,Tuesday,1,Village Road,Low,20,8,60,1,1,24.0,16:44
2865,B014,R006,S151,Tadikonda,16.405,80.643,3.85,29.04,Sunny,26,Wednesday,1,Main Road,Low,33,56,60,2,0,9.0,16:45
2866,B003,R009,S111,Tulluru,16.52,80.58,2.21,24.0,Sunny,27,Friday,0,Main Road,Low,44,15,60,2,0,5.0,16:46
2867,B006,R007,S087,Tadikonda,16.405,80.643,5.99,8.47,Rainy,22,Thursday,0,Village Road,Medium,34,36,60,2,9,21.6,16:47
2868,B006,R019,S040,Guntur,16.3067,80.4365,7.99,16.97,Sunny,30,Wednesday,1,Village Road,Low,21,33,60,2,0,24.8,16:48
2869,B007,R015,S072,Guntur,16.3067,80.4365,1.05,13.5,Foggy,25,Wednesday,0,Main Road,Low,37,59,60,2,4,7.7,16:49
2870,B020,R001,S088,Pedakakani,16.285,80.49,4.02,23.34,Rainy,29,Monday,1,Main Road,Medium,36,26,60,1,9,16.7,16:50
2871,B006,R007,S004,Vaddeswaram,16.49,80.61,5.84,11.39,Sunny,22,Thursday,0,Main Road,High,31,40,60,2,8,21.3,16:51
2872,B006,R020,S026,Prathipadu,16.48,80.32,4.42,13.36,Sunny,30,Friday,0,Village Road,Medium,27,52,60,3,4,16.8,16:52
2873,B015,R001,S192,Pedakakani,16.285,80.49,4.8,27.93,Cloudy,27,Wednesday,0,Village Road,Medium,19,48,60,2,5,22.2,16:53
2874,B006,R010,S019,Pedakakani,16.285,80.49,6.17,8.03,Sunny,26,Thursday,1,Village Road,Medium,21,33,60,4,4,25.6,16:54
2875,B014,R009,S044,Prathipadu,16.48,80.32,6.12,23.17,Sunny,31,Wednesday,0,Village Road,Low,19,50,60,2,0,21.3,16:55
2876,B002,R007,S123,Tadikonda,16.405,80.643,1.81,14.05,Foggy,24,Wednesday,0,Highway,Low,55,58,60,3,4,9.0,16:56
2877,B020,R012,S062,Ponnur,16.065,80.551,3.21,28.51,Sunny,24,Saturday,0,Highway,Medium,48,15,60,1,4,9.0,16:57
2878,B010,R010,S042,Pedakakani,16.285,80.49,2.83,19.3,Sunny,38,Thursday,0,Highway,Low,57,7,60,4,0,7.0,16:58
2879,B010,R010,S135,Namburu,16.36,80.52,1.37,2.56,Sunny,22,Wednesday,1,Village Road,Low,34,43,60,2,0,4.4,16:59
2880,B019,R003,S014,Ponnur,16.065,80.551,4.27,25.76,Sunny,23,Thursday,0,Village Road,Medium,34,49,60,3,4,14.5,16:00
2881,B002,R009,S022,Tenali,16.239,80.645,2.84,20.87,Foggy,26,Monday,0,Main Road,Low,35,34,60,3,4,11.9,16:01
2882,B017,R017,S117,Guntur,16.3067,80.4365,1.01,11.45,Sunny,39,Wednesday,0,Main Road,Medium,36,29,60,3,4,8.7,16:02
2883,B011,R013,S006,Prathipadu,16.48,80.32,5.46,13.48,Sunny,40,Wednesday,0,Highway,Low,58,22,60,1,0,6.6,16:03
2884,B004,R004,S021,Tadikonda,16.405,80.643,1.27,24.62,Sunny,35,Tuesday,1,Village Road,Medium,22,59,60,3,4,10.5,16:04
2885,B001,R009,S179,Mangalagiri,16.4303,80.5681,1.61,13.4,Sunny,37,Tuesday,1,Main Road,Medium,36,27,60,3,4,9.7,16:05
2886,B002,R018,S166,Tenali,16.239,80.645,4.39,6.62,Sunny,31,Wednesday,0,Highway,Low,46,24,60,3,0,8.7,16:06
2887,B014,R002,S026,Guntur,16.3067,80.4365,5.65,9.5,Sunny,22,Friday,0,Main Road,Medium,31,55,60,2,4,16.9,16:07
2888,B004,R019,S035,Mangalagiri,16.4303,80.5681,0.99,18.84,Sunny,27,Friday,1,Village Road,Medium,19,59,60,4,4,11.1,16:08
2889,B005,R013,S110,Ponnur,16.065,80.551,6.56,14.5,Cloudy,30,Saturday,0,Village Road,Low,22,35,60,1,1,19.9,16:09
2890,B006,R019,S164,Tenali,16.239,80.645,7.24,23.7,Sunny,26,Saturday,1,Main Road,High,42,14,60,1,8,19.3,16:10
2891,B001,R016,S001,Ponnur,16.065,80.551,4.38,19.88,Sunny,38,Saturday,0,Highway,Medium,58,21,60,1,4,9.5,16:11
2892,B012,R015,S148,Guntur,16.3067,80.4365,5.95,31.79,Cloudy,27,Monday,0,Main Road,Low,41,47,60,1,1,10.7,16:12
2893,B019,R011,S188,Tenali,16.239,80.645,5.43,5.91,Foggy,25,Saturday,0,Village Road,Medium,30,29,60,2,8,20.9,16:13
2894,B020,R001,S191,Prathipadu,16.48,80.32,7.84,33.37,Sunny,40,Tuesday,1,Highway,Low,58,30,60,2,0,10.1,16:14
2895,B002,R013,S101,Namburu,16.36,80.52,3.81,30.45,Rainy,34,Saturday,1,Main Road,Low,30,32,60,3,5,15.6,16:15
2896,B020,R002,S141,Guntur,16.3067,80.4365,4.59,5.39,Rainy,28,Monday,1,Village Road,Low,18,45,60,1,5,21.3,16:16
2897,B003,R019,S147,Tulluru,16.52,80.58,7.88,36.78,Rainy,31,Monday,0,Highway,High,46,21,60,3,13,26.3,16:17
2898,B015,R013,S024,Tenali,16.239,80.645,0.89,6.29,Foggy,40,Monday,0,Main Road,Medium,31,52,60,1,8,10.7,16:18
2899,B015,R015,S072,Ponnur,16.065,80.551,4.56,22.86,Rainy,40,Saturday,0,Main Road,Low,43,12,60,1,5,12.4,16:19
2900,B011,R007,S189,Namburu,16.36,80.52,7.78,37.68,Sunny,25,Wednesday,1,Main Road,Medium,41,27,60,4,4,19.4,17:20
2901,B007,R014,S127,Tadikonda,16.405,80.643,2.58,19.35,Sunny,31,Friday,1,Village Road,Low,35,33,60,1,0,5.4,17:21
2902,B016,R010,S052,Pedakakani,16.285,80.49,6.36,16.11,Sunny,26,Thursday,0,Village Road,Low,24,38,60,3,0,18.9,17:22
2903,B005,R001,S129,Mangalagiri,16.4303,80.5681,2.29,18.48,Sunny,26,Tuesday,1,Highway,High,59,11,60,2,8,12.3,17:23
2904,B013,R003,S145,Prathipadu,16.48,80.32,4.32,19.93,Sunny,22,Thursday,1,Highway,High,45,21,60,4,8,17.8,17:24
2905,B003,R014,S166,Ponnur,16.065,80.551,6.45,15.12,Rainy,26,Tuesday,0,Main Road,Medium,38,34,60,4,9,23.2,17:25
2906,B001,R006,S134,Namburu,16.36,80.52,2.73,22.18,Sunny,31,Thursday,1,Highway,High,48,51,60,4,8,15.4,17:26
2907,B007,R019,S116,Pedakakani,16.285,80.49,4.69,28.94,Rainy,30,Wednesday,0,Main Road,High,40,43,60,2,13,22.0,17:27
2908,B009,R008,S188,Mangalagiri,16.4303,80.5681,2.92,16.15,Cloudy,29,Saturday,1,Main Road,Low,37,19,60,3,1,8.7,17:28
2909,B015,R013,S193,Prathipadu,16.48,80.32,3.17,13.35,Sunny,28,Monday,0,Village Road,Medium,34,46,60,3,4,12.6,17:29
2910,B006,R007,S076,Ponnur,16.065,80.551,2.86,20.67,Cloudy,34,Saturday,0,Highway,Medium,45,25,60,3,5,11.8,17:30
2911,B002,R003,S006,Mangalagiri,16.4303,80.5681,4.34,26.39,Rainy,34,Thursday,1,Village Road,High,31,37,60,4,13,25.4,17:31
2912,B018,R011,S065,Tulluru,16.52,80.58,6.09,31.52,Sunny,23,Saturday,1,Main Road,Low,39,51,60,2,0,11.4,17:32
2913,B013,R020,S194,Ponnur,16.065,80.551,3.68,19.49,Cloudy,22,Friday,0,Main Road,High,37,21,60,4,9,19.0,17:33
2914,B003,R012,S170,Ponnur,16.065,80.551,5.16,17.29,Sunny,28,Monday,1,Main Road,Low,31,6,60,2,0,12.0,17:34
2915,B012,R002,S132,Namburu,16.36,80.52,5.88,26.76,Rainy,29,Tuesday,1,Village Road,Medium,27,56,60,1,9,23.1,17:35
2916,B010,R016,S193,Pedakakani,16.285,80.49,2.77,5.38,Rainy,31,Tuesday,1,Highway,Low,49,6,60,1,5,9.4,17:36
2917,B002,R015,S131,Namburu,16.36,80.52,6.88,8.25,Sunny,35,Thursday,1,Village Road,Low,34,60,60,1,0,13.1,17:37
2918,B002,R008,S101,Pedakakani,16.285,80.49,7.8,17.36,Rainy,36,Tuesday,0,Main Road,Medium,40,29,60,4,9,24.7,17:38
2919,B005,R020,S081,Mangalagiri,16.4303,80.5681,1.41,12.1,Rainy,35,Thursday,0,Main Road,High,45,46,60,2,13,16.9,17:39
2920,B012,R016,S122,Ponnur,16.065,80.551,3.8,20.17,Cloudy,28,Monday,1,Main Road,Low,38,9,60,4,1,11.0,17:40
2921,B002,R002,S187,Ponnur,16.065,80.551,4.35,12.0,Sunny,40,Tuesday,1,Village Road,Low,20,31,60,1,0,14.0,17:41
2922,B016,R013,S085,Vaddeswaram,16.49,80.61,4.01,11.49,Cloudy,30,Monday,0,Village Road,High,22,19,60,4,9,23.9,17:42
2923,B005,R018,S166,Ponnur,16.065,80.551,3.28,29.86,Cloudy,27,Thursday,1,Village Road,Medium,27,56,60,1,5,13.3,17:43
2924,B009,R001,S060,Prathipadu,16.48,80.32,4.25,15.9,Rainy,31,Friday,0,Village Road,Medium,30,43,60,3,9,20.5,17:44
2925,B019,R009,S113,Namburu,16.36,80.52,3.68,12.63,Sunny,23,Wednesday,1,Main Road,High,40,21,60,1,8,14.5,17:45
2926,B015,R002,S070,Namburu,16.36,80.52,1.29,18.16,Sunny,29,Friday,1,Village Road,Medium,18,51,60,2,4,10.3,17:46
2927,B008,R001,S034,Tadikonda,16.405,80.643,6.34,21.87,Foggy,40,Friday,1,Village Road,Low,29,50,60,3,4,20.1,17:47
2928,B018,R001,S078,Tenali,16.239,80.645,6.58,8.4,Foggy,35,Friday,1,Main Road,Medium,38,49,60,3,8,21.4,17:48
2929,B006,R010,S113,Tulluru,16.52,80.58,2.24,29.15,Cloudy,36,Monday,0,Village Road,Low,30,27,60,4,1,9.5,17:49
2930,B003,R016,S055,Namburu,16.36,80.52,1.41,28.09,Rainy,34,Thursday,0,Main Road,Low,45,20,60,2,5,8.9,17:50
2931,B013,R014,S107,Vaddeswaram,16.49,80.61,0.94,20.13,Sunny,25,Thursday,0,Village Road,Low,27,24,60,1,0,3.1,17:51
2932,B019,R006,S033,Prathipadu,16.48,80.32,2.04,24.14,Sunny,30,Thursday,1,Main Road,Medium,45,46,60,4,4,10.7,17:52
2933,B015,R020,S037,Vaddeswaram,16.49,80.61,3.63,16.92,Cloudy,32,Thursday,1,Main Road,Medium,44,49,60,3,5,12.9,17:53
2934,B008,R015,S062,Tadikonda,16.405,80.643,1.2,31.13,Sunny,30,Wednesday,1,Highway,Medium,55,13,60,1,4,6.3,17:54
2935,B018,R004,S145,Ponnur,16.065,80.551,7.11,22.65,Sunny,32,Monday,1,Main Road,Low,32,10,60,1,0,14.3,17:55
2936,B007,R004,S101,Tulluru,16.52,80.58,4.08,23.67,Cloudy,31,Wednesday,0,Village Road,High,31,40,60,1,9,17.9,17:56
2937,B006,R003,S009,Tenali,16.239,80.645,3.12,3.36,Sunny,25,Tuesday,1,Highway,Low,54,24,60,2,0,5.5,17:57
2938,B004,R016,S001,Prathipadu,16.48,80.32,6.91,29.8,Sunny,33,Thursday,0,Main Road,Medium,39,28,60,2,4,16.6,17:58
2939,B013,R016,S158,Vaddeswaram,16.49,80.61,6.57,13.06,Sunny,38,Friday,0,Highway,Low,46,32,60,2,0,10.6,17:59
2940,B007,R005,S106,Vaddeswaram,16.49,80.61,5.98,32.91,Sunny,36,Tuesday,0,Main Road,Medium,39,45,60,4,4,17.2,17:00
2941,B003,R003,S158,Guntur,16.3067,80.4365,7.05,24.47,Cloudy,27,Wednesday,1,Main Road,Low,38,21,60,2,1,14.1,17:01
2942,B017,R016,S035,Tenali,16.239,80.645,5.13,19.63,Sunny,25,Monday,0,Main Road,High,31,6,60,2,8,19.9,17:02
2943,B020,R012,S077,Tenali,16.239,80.645,3.46,3.54,Rainy,37,Thursday,0,Main Road,Medium,31,32,60,3,9,18.7,17:03
2944,B001,R011,S175,Vaddeswaram,16.49,80.61,1.05,8.17,Foggy,30,Thursday,0,Village Road,Low,34,10,60,1,4,6.9,17:04
2945,B004,R004,S089,Tenali,16.239,80.645,3.8,31.27,Sunny,30,Friday,1,Highway,Medium,53,44,60,1,4,9.3,17:05
2946,B020,R003,S061,Tulluru,16.52,80.58,5.09,30.36,Cloudy,34,Wednesday,0,Highway,High,47,36,60,1,9,16.5,17:06
2947,B019,R001,S020,Prathipadu,16.48,80.32,7.84,16.92,Rainy,35,Friday,0,Main Road,Medium,30,11,60,1,9,25.7,17:07
2948,B009,R020,S127,Mangalagiri,16.4303,80.5681,5.29,14.05,Sunny,28,Tuesday,0,Main Road,Medium,43,5,60,2,4,13.4,17:08
2949,B008,R006,S198,Tulluru,16.52,80.58,3.21,27.33,Rainy,33,Thursday,0,Main Road,High,41,24,60,3,13,20.7,17:09
2950,B012,R004,S175,Vaddeswaram,16.49,80.61,1.11,13.46,Cloudy,34,Friday,0,Main Road,Medium,39,15,60,3,5,9.7,17:10
2951,B001,R008,S132,Ponnur,16.065,80.551,1.52,28.87,Sunny,40,Monday,1,Highway,Medium,55,57,60,1,4,6.7,17:11
2952,B017,R002,S067,Prathipadu,16.48,80.32,1.32,16.54,Cloudy,28,Friday,1,Main Road,High,41,14,60,4,9,14.9,17:12
2953,B007,R016,S007,Tulluru,16.52,80.58,6.76,16.49,Sunny,28,Thursday,1,Highway,Medium,49,18,60,1,4,13.3,17:13
2954,B018,R003,S049,Mangalagiri,16.4303,80.5681,4.54,10.7,Sunny,30,Monday,1,Highway,Low,56,49,60,4,0,8.9,17:14
2955,B003,R016,S009,Mangalagiri,16.4303,80.5681,6.15,22.76,Rainy,22,Monday,1,Village Road,Low,19,37,60,4,5,28.4,17:15
2956,B011,R006,S082,Pedakakani,16.285,80.49,5.59,20.78,Rainy,32,Tuesday,1,Main Road,Low,34,14,60,3,5,17.9,17:16
2957,B002,R003,S015,Pedakakani,16.285,80.49,2.74,30.84,Cloudy,28,Saturday,0,Village Road,Medium,26,12,60,4,5,15.3,17:17
2958,B006,R009,S193,Pedakakani,16.285,80.49,6.61,9.9,Rainy,23,Friday,1,Highway,Low,53,52,60,2,5,14.5,17:18
2959,B017,R003,S180,Pedakakani,16.285,80.49,1.75,13.39,Foggy,23,Monday,0,Village Road,Medium,20,9,60,3,8,16.2,17:19
2960,B015,R008,S048,Tadikonda,16.405,80.643,3.82,21.21,Foggy,29,Friday,0,Village Road,Low,21,29,60,4,4,18.9,17:20
2961,B009,R020,S165,Vaddeswaram,16.49,80.61,2.83,29.56,Cloudy,23,Wednesday,0,Main Road,Low,37,37,60,4,1,9.6,17:21
2962,B017,R003,S112,Tulluru,16.52,80.58,0.85,23.75,Foggy,39,Tuesday,1,Village Road,High,29,14,60,2,12,15.8,17:22
2963,B002,R012,S150,Pedakakani,16.285,80.49,0.99,16.05,Sunny,24,Wednesday,1,Village Road,Low,20,60,60,1,0,4.0,17:23
2964,B006,R020,S109,Tulluru,16.52,80.58,3.22,19.77,Cloudy,30,Tuesday,1,Main Road,Medium,41,13,60,3,5,12.7,17:24
2965,B019,R018,S016,Tadikonda,16.405,80.643,3.0,10.93,Rainy,27,Monday,0,Highway,Medium,51,44,60,2,9,14.5,17:25
2966,B002,R010,S161,Mangalagiri,16.4303,80.5681,3.06,6.25,Cloudy,32,Thursday,0,Main Road,Medium,35,20,60,2,5,12.2,17:26
2967,B008,R001,S004,Mangalagiri,16.4303,80.5681,2.44,9.0,Sunny,25,Monday,0,Main Road,High,34,9,60,1,8,13.3,17:27
2968,B012,R011,S170,Ponnur,16.065,80.551,2.83,16.78,Cloudy,26,Saturday,0,Main Road,Medium,35,35,60,1,5,10.9,17:28
2969,B020,R019,S189,Namburu,16.36,80.52,6.13,23.03,Rainy,38,Thursday,0,Highway,Low,49,27,60,4,5,16.5,17:29
2970,B020,R020,S098,Prathipadu,16.48,80.32,1.26,11.69,Cloudy,36,Tuesday,1,Main Road,High,39,50,60,3,9,13.9,17:30
2971,B002,R012,S163,Prathipadu,16.48,80.32,3.99,31.31,Sunny,27,Tuesday,0,Highway,Medium,58,11,60,3,4,11.1,17:31
2972,B008,R005,S054,Mangalagiri,16.4303,80.5681,1.83,30.52,Cloudy,39,Monday,1,Highway,Low,60,19,60,2,1,4.8,17:32
2973,B014,R019,S125,Tenali,16.239,80.645,6.12,24.76,Sunny,23,Thursday,0,Highway,Medium,47,12,60,3,4,14.8,17:33
2974,B007,R016,S031,Tulluru,16.52,80.58,1.65,16.47,Sunny,32,Saturday,1,Village Road,High,21,38,60,1,8,13.7,17:34
2975,B013,R019,S053,Prathipadu,16.48,80.32,2.31,28.41,Sunny,36,Monday,1,Highway,Medium,57,34,60,3,4,9.4,17:35
2976,B017,R009,S162,Vaddeswaram,16.49,80.61,5.45,19.24,Rainy,31,Wednesday,0,Main Road,Low,30,8,60,4,5,19.9,17:36
2977,B013,R014,S014,Tadikonda,16.405,80.643,2.79,30.91,Rainy,31,Wednesday,1,Village Road,Medium,23,55,60,4,9,20.3,17:37
2978,B015,R015,S074,Namburu,16.36,80.52,4.59,26.78,Cloudy,40,Thursday,1,Highway,Medium,47,38,60,3,5,13.9,17:38
2979,B011,R014,S127,Ponnur,16.065,80.551,5.78,13.05,Sunny,32,Wednesday,0,Main Road,Medium,44,57,60,1,4,12.9,17:39
2980,B020,R002,S122,Tenali,16.239,80.645,5.57,23.49,Sunny,36,Saturday,0,Village Road,Medium,28,58,60,4,4,19.9,17:40
2981,B004,R005,S121,Ponnur,16.065,80.551,0.99,1.58,Sunny,27,Wednesday,0,Main Road,Medium,40,11,60,3,4,8.5,17:41
2982,B011,R004,S128,Tadikonda,16.405,80.643,5.77,13.52,Sunny,37,Wednesday,1,Main Road,Low,42,32,60,2,0,10.2,17:42
2983,B005,R001,S048,Pedakakani,16.285,80.49,6.27,28.74,Sunny,26,Monday,1,Highway,Low,57,9,60,2,0,8.6,17:43
2984,B009,R017,S119,Guntur,16.3067,80.4365,1.97,12.18,Foggy,35,Monday,1,Main Road,Medium,31,33,60,1,8,12.8,17:44
2985,B013,R020,S050,Tenali,16.239,80.645,4.93,34.67,Cloudy,27,Monday,1,Main Road,High,31,51,60,3,9,21.5,17:45
2986,B018,R017,S065,Guntur,16.3067,80.4365,7.23,18.88,Cloudy,30,Saturday,1,Main Road,Medium,31,13,60,3,5,22.0,17:46
2987,B002,R018,S146,Tenali,16.239,80.645,7.32,8.14,Rainy,34,Thursday,1,Main Road,Low,32,52,60,2,5,20.7,17:47
2988,B011,R004,S155,Guntur,16.3067,80.4365,7.61,10.51,Cloudy,34,Thursday,0,Main Road,Low,34,41,60,4,1,18.4,17:48
2989,B006,R002,S127,Prathipadu,16.48,80.32,1.38,9.5,Sunny,23,Wednesday,0,Highway,Medium,58,10,60,2,4,7.4,17:49
2990,B017,R019,S050,Guntur,16.3067,80.4365,1.83,15.83,Rainy,34,Thursday,1,Village Road,Medium,23,15,60,3,9,16.8,17:50
2991,B007,R017,S196,Vaddeswaram,16.49,80.61,6.37,35.9,Sunny,38,Monday,0,Village Road,Medium,33,11,60,4,4,19.6,17:51
2992,B006,R005,S054,Mangalagiri,16.4303,80.5681,5.75,23.17,Cloudy,36,Thursday,1,Village Road,High,23,7,60,3,9,27.0,17:52
2993,B014,R002,S072,Ponnur,16.065,80.551,5.33,13.25,Cloudy,25,Saturday,0,Main Road,Medium,42,31,60,3,5,15.6,17:53
2994,B002,R005,S031,Mangalagiri,16.4303,80.5681,1.73,19.3,Cloudy,31,Saturday,1,Main Road,Low,40,9,60,4,1,7.6,17:54
2995,B012,R009,S076,Prathipadu,16.48,80.32,5.62,7.81,Cloudy,24,Friday,0,Main Road,Low,39,53,60,4,1,13.6,17:55
2996,B007,R011,S106,Ponnur,16.065,80.551,5.25,17.68,Sunny,27,Tuesday,1,Highway,High,59,57,60,1,8,14.3,17:56
2997,B003,R003,S150,Tadikonda,16.405,80.643,6.36,35.82,Sunny,40,Monday,1,Village Road,High,26,25,60,3,8,25.7,17:57
2998,B004,R006,S089,Prathipadu,16.48,80.32,4.29,6.43,Rainy,27,Saturday,1,Village Road,Low,30,16,60,3,5,16.6,17:58
2999,B003,R018,S114,Tulluru,16.52,80.58,1.74,27.18,Sunny,32,Thursday,1,Highway,Low,54,10,60,3,0,4.9,17:59
3000,B014,R014,S004,Namburu,16.36,80.52,5.62,31.5,Rainy,37,Friday,0,Main Road,High,35,20,60,2,13,24.6,08:00
3001,B013,R014,S134,Ponnur,16.065,80.551,4.48,16.25,Sunny,34,Thursday,0,Highway,Medium,51,39,60,2,4,11.3,08:01
3002,B001,R020,S052,Guntur,16.3067,80.4365,2.52,3.28,Sunny,35,Saturday,0,Main Road,Low,43,22,60,3,0,6.5,08:02
3003,B007,R016,S074,Namburu,16.36,80.52,7.24,20.82,Sunny,36,Tuesday,1,Village Road,Low,25,57,60,1,0,18.4,08:03
3004,B009,R006,S128,Tulluru,16.52,80.58,7.92,29.02,Rainy,35,Saturday,0,Main Road,Medium,34,44,60,3,9,26.0,08:04
3005,B020,R012,S157,Tenali,16.239,80.645,2.34,24.9,Sunny,38,Monday,1,Village Road,Low,34,9,60,1,0,5.1,08:05
3006,B009,R010,S085,Vaddeswaram,16.49,80.61,0.94,7.18,Sunny,26,Tuesday,1,Highway,Low,45,28,60,2,0,3.3,08:06
3007,B005,R004,S081,Tulluru,16.52,80.58,6.54,27.23,Sunny,33,Tuesday,0,Main Road,Medium,45,25,60,2,4,14.7,08:07
3008,B011,R003,S109,Guntur,16.3067,80.4365,4.88,32.11,Sunny,22,Friday,1,Village Road,Low,23,16,60,4,0,16.7,08:08
3009,B015,R011,S039,Ponnur,16.065,80.551,2.23,14.99,Sunny,40,Thursday,1,Village Road,High,25,52,60,3,8,16.4,08:09
3010,B005,R007,S189,Ponnur,16.065,80.551,4.49,10.86,Cloudy,40,Monday,0,Village Road,High,20,39,60,4,9,26.5,08:10
3011,B003,R013,S118,Ponnur,16.065,80.551,6.38,34.5,Cloudy,35,Saturday,1,Village Road,Medium,19,27,60,3,5,28.1,08:11
3012,B009,R010,S147,Tulluru,16.52,80.58,5.01,17.19,Sunny,40,Wednesday,0,Main Road,Medium,42,59,60,4,4,15.2,08:12
3013,B005,R014,S051,Ponnur,16.065,80.551,7.19,14.75,Cloudy,25,Thursday,1,Main Road,Low,38,35,60,4,1,16.4,08:13
3014,B019,R016,S050,Ponnur,16.065,80.551,1.84,27.58,Sunny,38,Monday,0,Village Road,Medium,23,19,60,1,4,9.8,08:14
3015,B018,R011,S004,Ponnur,16.065,80.551,1.53,21.38,Sunny,38,Saturday,0,Main Road,Medium,44,20,60,2,4,8.1,08:15
3016,B007,R010,S058,Tadikonda,16.405,80.643,2.29,30.97,Sunny,24,Saturday,1,Main Road,Low,39,9,60,4,0,7.5,08:16
3017,B012,R009,S055,Tulluru,16.52,80.58,7.49,13.36,Sunny,29,Saturday,0,Main Road,Low,42,25,60,1,0,11.7,08:17
3018,B011,R018,S177,Ponnur,16.065,80.551,1.03,28.72,Rainy,23,Tuesday,1,Highway,Low,58,27,60,3,5,9.1,08:18
3019,B004,R010,S083,Namburu,16.36,80.52,7.8,20.62,Rainy,29,Saturday,1,Highway,Low,58,26,60,2,5,15.1,08:19
3020,B014,R001,S082,Mangalagiri,16.4303,80.5681,3.78,24.55,Sunny,30,Tuesday,0,Main Road,High,33,33,60,1,8,15.9,08:20
3021,B008,R003,S045,Guntur,16.3067,80.4365,1.36,16.3,Sunny,25,Thursday,1,Main Road,Low,42,59,60,3,0,4.9,08:21
3022,B003,R018,S111,Guntur,16.3067,80.4365,7.91,20.7,Rainy,27,Friday,0,Main Road,High,44,9,60,3,13,26.8,08:22
3023,B009,R016,S067,Tulluru,16.52,80.58,4.77,31.33,Cloudy,22,Monday,0,Village Road,Medium,32,45,60,4,5,17.9,08:23
3024,B010,R008,S139,Pedakakani,16.285,80.49,3.15,3.19,Sunny,30,Monday,0,Main Road,Low,44,43,60,1,0,5.3,08:24
3025,B003,R009,S034,Namburu,16.36,80.52,2.83,16.03,Cloudy,33,Saturday,0,Highway,High,57,44,60,3,9,15.0,08:25
3026,B007,R004,S054,Pedakakani,16.285,80.49,4.47,23.86,Rainy,26,Friday,1,Main Road,Low,31,36,60,2,5,15.7,08:26
3027,B015,R014,S064,Vaddeswaram,16.49,80.61,4.66,25.15,Cloudy,38,Wednesday,1,Main Road,Low,36,50,60,4,1,12.8,08:27
3028,B004,R003,S119,Tulluru,16.52,80.58,4.31,16.52,Sunny,25,Thursday,1,Highway,Medium,55,60,60,4,4,12.7,08:28
3029,B019,R017,S158,Tenali,16.239,80.645,7.84,26.0,Rainy,32,Friday,0,Village Road,High,29,43,60,4,13,33.2,08:29
3030,B015,R019,S053,Ponnur,16.065,80.551,5.87,21.49,Cloudy,31,Tuesday,0,Main Road,Low,31,24,60,1,1,13.4,08:30
3031,B015,R013,S038,Tulluru,16.52,80.58,3.36,12.66,Rainy,31,Tuesday,1,Village Road,High,20,36,60,4,13,27.1,08:31
3032,B007,R012,S065,Ponnur,16.065,80.551,6.16,26.91,Sunny,36,Thursday,1,Highway,Medium,45,57,60,1,4,13.2,08:32
3033,B004,R020,S073,Tenali,16.239,80.645,3.11,23.12,Sunny,22,Thursday,0,Highway,Low,59,57,60,3,0,6.2,08:33
3034,B017,R005,S145,Tenali,16.239,80.645,6.03,14.19,Sunny,26,Tuesday,0,Main Road,Medium,33,42,60,1,4,16.0,08:34
3035,B010,R015,S066,Tadikonda,16.405,80.643,0.83,18.38,Sunny,36,Tuesday,0,Village Road,Low,18,50,60,1,0,3.8,08:35
3036,B012,R016,S180,Pedakakani,16.285,80.49,4.27,9.9,Sunny,31,Wednesday,1,Village Road,Medium,25,39,60,4,4,18.2,08:36
3037,B014,R011,S017,Ponnur,16.065,80.551,2.32,30.63,Rainy,40,Monday,0,Main Road,Medium,37,50,60,3,9,15.8,08:37
3038,B009,R019,S011,Ponnur,16.065,80.551,1.44,2.67,Sunny,28,Wednesday,0,Main Road,Medium,34,60,60,3,4,9.5,08:38
3039,B002,R015,S029,Ponnur,16.065,80.551,6.12,24.88,Sunny,39,Saturday,0,Village Road,Low,33,58,60,2,0,13.1,08:39
3040,B003,R017,S097,Mangalagiri,16.4303,80.5681,5.63,32.17,Cloudy,36,Saturday,0,Main Road,Medium,32,48,60,2,5,17.6,08:40
3041,B019,R016,S002,Mangalagiri,16.4303,80.5681,7.46,14.53,Sunny,26,Saturday,1,Main Road,Medium,31,33,60,4,4,22.4,08:41
3042,B012,R010,S200,Tulluru,16.52,80.58,3.03,22.81,Cloudy,36,Saturday,0,Village Road,High,31,38,60,2,9,16.9,08:42
3043,B002,R008,S019,Prathipadu,16.48,80.32,6.61,26.52,Cloudy,37,Saturday,1,Main Road,Low,35,44,60,2,1,14.3,08:43
3044,B020,R008,S158,Mangalagiri,16.4303,80.5681,5.52,24.18,Sunny,32,Tuesday,0,Main Road,Low,31,6,60,4,0,14.7,08:44
3045,B007,R010,S139,Prathipadu,16.48,80.32,2.33,17.92,Foggy,23,Tuesday,1,Village Road,Medium,25,41,60,3,8,16.6,08:45
3046,B001,R004,S163,Prathipadu,16.48,80.32,3.41,13.76,Sunny,33,Saturday,1,Main Road,Low,37,24,60,1,0,6.5,08:46
3047,B001,R007,S174,Ponnur,16.065,80.551,0.83,8.96,Rainy,26,Tuesday,0,Main Road,Low,45,51,60,4,5,10.1,08:47
3048,B019,R003,S007,Namburu,16.36,80.52,6.4,28.85,Rainy,28,Tuesday,0,Main Road,Medium,34,49,60,2,9,22.3,08:48
3049,B006,R020,S088,Ponnur,16.065,80.551,1.74,24.6,Sunny,36,Wednesday,1,Highway,Low,46,12,60,4,0,6.3,08:49
3050,B007,R001,S047,Tadikonda,16.405,80.643,4.36,22.58,Rainy,27,Wednesday,0,Main Road,Medium,31,34,60,2,9,19.4,08:50
3051,B012,R019,S184,Prathipadu,16.48,80.32,4.32,16.86,Sunny,33,Friday,0,Main Road,Low,33,45,60,3,0,10.9,08:51
3052,B020,R002,S150,Tulluru,16.52,80.58,1.95,19.35,Rainy,40,Wednesday,1,Village Road,Low,30,9,60,3,5,11.9,08:52
3053,B012,R014,S075,Ponnur,16.065,80.551,6.89,29.55,Rainy,38,Wednesday,1,Main Road,Medium,44,24,60,2,9,20.4,08:53
3054,B002,R013,S119,Namburu,16.36,80.52,4.3,4.43,Sunny,40,Thursday,1,Main Road,Low,40,60,60,3,0,9.4,08:54
3055,B001,R010,S043,Pedakakani,16.285,80.49,5.24,31.45,Sunny,35,Wednesday,1,Highway,High,56,44,60,4,8,17.6,08:55
3056,B008,R017,S181,Namburu,16.36,80.52,5.76,17.98,Foggy,27,Friday,1,Main Road,Low,31,7,60,4,4,19.1,08:56
3057,B006,R011,S045,Ponnur,16.065,80.551,0.8,24.76,Sunny,25,Tuesday,0,Highway,Medium,49,40,60,2,4,7.0,08:57
3058,B011,R004,S076,Guntur,16.3067,80.4365,7.85,34.22,Sunny,38,Thursday,1,Highway,Low,54,42,60,2,0,10.7,08:58
3059,B018,R011,S058,Namburu,16.36,80.52,5.65,34.09,Rainy,29,Wednesday,1,Main Road,Low,33,41,60,2,5,17.3,08:59
3060,B005,R005,S141,Tulluru,16.52,80.58,2.4,12.85,Cloudy,37,Saturday,1,Main Road,Medium,43,10,60,3,5,11.3,08:00
3061,B004,R003,S074,Tadikonda,16.405,80.643,1.45,21.47,Sunny,35,Tuesday,0,Village Road,Medium,35,32,60,1,4,7.5,08:01
3062,B004,R020,S168,Guntur,16.3067,80.4365,5.62,14.08,Sunny,36,Saturday,1,Main Road,High,31,8,60,4,8,22.9,08:02
3063,B020,R009,S044,Guntur,16.3067,80.4365,6.39,12.63,Foggy,24,Monday,1,Village Road,High,29,15,60,3,12,28.2,08:03
3064,B015,R018,S114,Guntur,16.3067,80.4365,2.15,20.97,Sunny,27,Wednesday,1,Main Road,High,32,7,60,1,8,13.0,08:04
3065,B015,R019,S098,Pedakakani,16.285,80.49,4.93,18.67,Rainy,22,Saturday,1,Main Road,High,33,10,60,1,13,23.0,08:05
3066,B013,R020,S081,Prathipadu,16.48,80.32,6.68,11.84,Rainy,33,Friday,1,Main Road,Medium,36,39,60,2,9,22.1,08:06
3067,B013,R019,S173,Tadikonda,16.405,80.643,7.18,19.66,Sunny,30,Friday,0,Main Road,High,43,32,60,3,8,21.0,08:07
3068,B005,R001,S160,Guntur,16.3067,80.4365,1.7,2.02,Sunny,30,Wednesday,1,Village Road,Medium,31,42,60,1,4,8.3,08:08
3069,B007,R007,S123,Mangalagiri,16.4303,80.5681,5.13,31.55,Rainy,33,Friday,1,Main Road,Medium,36,42,60,4,9,21.5,08:09
3070,B004,R008,S060,Mangalagiri,16.4303,80.5681,1.61,17.09,Cloudy,37,Friday,1,Main Road,Medium,45,47,60,1,5,8.1,08:10
3071,B004,R005,S126,Tadikonda,16.405,80.643,2.0,4.45,Sunny,38,Thursday,1,Main Road,High,38,20,60,4,8,15.2,08:11
3072,B017,R005,S047,Tenali,16.239,80.645,6.02,11.78,Sunny,23,Wednesday,1,Village Road,High,34,38,60,1,8,19.6,08:12
3073,B009,R019,S091,Ponnur,16.065,80.551,5.15,20.6,Cloudy,37,Monday,0,Main Road,High,40,56,60,4,9,20.7,08:13
3074,B009,R004,S128,Ponnur,16.065,80.551,5.86,31.83,Sunny,23,Saturday,0,Village Road,Low,18,39,60,2,0,21.5,08:14
3075,B011,R016,S147,Tenali,16.239,80.645,4.34,12.61,Sunny,27,Wednesday,0,Village Road,Low,33,36,60,1,0,8.9,08:15
3076,B005,R020,S177,Tenali,16.239,80.645,3.74,8.64,Sunny,37,Friday,1,Main Road,Low,33,40,60,3,0,9.8,08:16
3077,B002,R017,S036,Pedakakani,16.285,80.49,1.47,30.06,Sunny,25,Tuesday,1,Village Road,Low,20,5,60,2,0,6.4,08:17
3078,B019,R005,S030,Namburu,16.36,80.52,5.98,25.06,Sunny,29,Saturday,1,Village Road,Medium,27,7,60,2,4,19.3,08:18
3079,B001,R019,S034,Mangalagiri,16.4303,80.5681,4.7,25.36,Rainy,40,Monday,1,Highway,High,53,37,60,3,13,21.3,08:19
3080,B012,R010,S120,Tulluru,16.52,80.58,5.61,27.25,Cloudy,26,Saturday,0,Village Road,Low,26,23,60,2,1,15.9,08:20
3081,B009,R013,S084,Namburu,16.36,80.52,4.02,14.84,Sunny,25,Wednesday,1,Main Road,Low,34,21,60,1,0,8.1,08:21
3082,B017,R017,S137,Ponnur,16.065,80.551,4.52,28.47,Sunny,34,Wednesday,1,Main Road,Medium,45,25,60,2,4,12.0,08:22
3083,B008,R020,S026,Guntur,16.3067,80.4365,2.52,4.99,Sunny,29,Thursday,1,Village Road,High,26,26,60,1,8,14.8,08:23
3084,B012,R009,S039,Ponnur,16.065,80.551,4.28,34.26,Foggy,27,Wednesday,0,Main Road,Medium,45,15,60,1,8,14.7,08:24
3085,B006,R008,S117,Pedakakani,16.285,80.49,5.68,13.93,Sunny,26,Monday,1,Village Road,Low,34,24,60,2,0,12.0,08:25
3086,B020,R020,S143,Mangalagiri,16.4303,80.5681,1.15,21.39,Sunny,39,Thursday,1,Main Road,High,36,18,60,2,8,11.9,08:26
3087,B012,R018,S046,Tenali,16.239,80.645,4.62,32.1,Cloudy,35,Tuesday,0,Village Road,Low,18,10,60,3,1,19.4,08:27
3088,B017,R004,S026,Vaddeswaram,16.49,80.61,4.81,15.21,Cloudy,30,Tuesday,0,Main Road,Medium,33,36,60,1,5,14.7,08:28
3089,B011,R007,S080,Vaddeswaram,16.49,80.61,2.64,8.65,Cloudy,28,Tuesday,1,Main Road,High,30,41,60,3,9,17.3,08:29
3090,B006,R010,S038,Namburu,16.36,80.52,2.75,27.61,Cloudy,30,Tuesday,0,Village Road,High,18,60,60,2,9,20.2,08:30
3091,B017,R016,S196,Guntur,16.3067,80.4365,1.6,7.38,Cloudy,27,Wednesday,1,Main Road,Low,44,35,60,1,1,4.2,08:31
3092,B020,R003,S013,Vaddeswaram,16.49,80.61,7.25,9.76,Sunny,26,Wednesday,0,Main Road,High,45,41,60,4,8,21.7,08:32
3093,B015,R013,S147,Vaddeswaram,16.49,80.61,7.97,16.7,Sunny,40,Saturday,0,Village Road,Medium,23,27,60,1,4,25.8,08:33
3094,B014,R013,S092,Tadikonda,16.405,80.643,7.52,24.48,Cloudy,23,Monday,0,Village Road,Medium,20,8,60,1,5,28.6,08:34
3095,B013,R005,S087,Pedakakani,16.285,80.49,3.95,5.72,Sunny,37,Wednesday,0,Main Road,Medium,34,6,60,1,4,12.0,08:35
3096,B008,R018,S070,Guntur,16.3067,80.4365,3.31,29.14,Rainy,36,Saturday,0,Highway,Low,57,52,60,4,5,12.5,08:36
3097,B018,R006,S050,Vaddeswaram,16.49,80.61,2.43,3.85,Sunny,35,Tuesday,1,Main Road,Low,32,13,60,1,0,5.6,08:37
3098,B002,R005,S098,Pedakakani,16.285,80.49,7.53,29.85,Rainy,26,Tuesday,1,Village Road,Low,34,6,60,1,5,19.3,08:38
3099,B019,R006,S084,Pedakakani,16.285,80.49,6.0,11.23,Rainy,31,Thursday,1,Highway,Low,59,57,60,2,5,13.1,08:39
3100,B007,R013,S087,Ponnur,16.065,80.551,5.13,14.04,Cloudy,29,Wednesday,1,Main Road,Low,32,15,60,1,1,11.6,09:40
3101,B013,R003,S127,Tenali,16.239,80.645,4.05,15.57,Sunny,31,Saturday,1,Main Road,High,43,42,60,4,8,17.7,09:41
3102,B020,R014,S067,Guntur,16.3067,80.4365,6.24,15.07,Cloudy,26,Wednesday,1,Main Road,Medium,40,43,60,3,5,17.4,09:42
3103,B002,R007,S075,Namburu,16.36,80.52,4.27,22.79,Cloudy,38,Friday,1,Main Road,High,38,19,60,4,9,19.7,09:43
3104,B006,R003,S025,Mangalagiri,16.4303,80.5681,3.54,13.84,Cloudy,32,Wednesday,0,Highway,High,46,21,60,3,9,16.6,09:44
3105,B018,R001,S136,Guntur,16.3067,80.4365,6.85,20.81,Sunny,38,Tuesday,1,Highway,High,45,38,60,4,8,21.1,09:45
3106,B019,R019,S198,Pedakakani,16.285,80.49,3.11,22.12,Rainy,37,Wednesday,0,Village Road,Medium,26,27,60,4,9,20.2,09:46
3107,B019,R016,S173,Ponnur,16.065,80.551,3.57,8.6,Sunny,38,Wednesday,0,Village Road,Medium,24,56,60,3,4,15.9,09:47
3108,B018,R013,S113,Namburu,16.36,80.52,6.29,13.27,Sunny,38,Saturday,1,Main Road,Medium,45,28,60,1,4,13.4,09:48
3109,B015,R011,S044,Mangalagiri,16.4303,80.5681,3.77,5.9,Cloudy,28,Thursday,0,Highway,Medium,52,6,60,2,5,11.3,09:49
3110,B002,R012,S053,Guntur,16.3067,80.4365,3.09,27.14,Sunny,27,Monday,0,Village Road,Medium,24,29,60,4,4,15.7,09:50
3111,B006,R019,S169,Mangalagiri,16.4303,80.5681,3.04,15.26,Sunny,31,Monday,0,Main Road,Medium,32,18,60,4,4,13.7,09:51
3112,B002,R003,S024,Prathipadu,16.48,80.32,1.91,23.81,Cloudy,36,Monday,0,Main Road,Medium,42,7,60,3,5,10.7,09:52
3113,B016,R008,S122,Tenali,16.239,80.645,1.53,9.46,Cloudy,28,Saturday,0,Village Road,High,32,31,60,4,9,15.9,09:53
3114,B020,R015,S121,Tulluru,16.52,80.58,4.33,16.74,Sunny,31,Monday,0,Village Road,Low,23,43,60,4,0,15.3,09:54
3115,B018,R001,S097,Namburu,16.36,80.52,5.33,26.0,Cloudy,25,Monday,1,Highway,Low,51,55,60,1,1,8.3,09:55
3116,B005,R004,S044,Tenali,16.239,80.645,1.25,1.87,Sunny,34,Friday,0,Village Road,Low,33,60,60,2,0,4.3,09:56
3117,B013,R019,S051,Tulluru,16.52,80.58,7.44,32.41,Rainy,30,Saturday,0,Highway,Medium,48,5,60,1,9,19.3,09:57
3118,B014,R008,S046,Prathipadu,16.48,80.32,1.09,30.51,Sunny,39,Tuesday,0,Village Road,Low,20,28,60,1,0,4.3,09:58
3119,B016,R001,S040,Mangalagiri,16.4303,80.5681,4.45,16.03,Sunny,32,Wednesday,1,Main Road,Medium,34,55,60,1,4,12.9,09:59
3120,B011,R009,S163,Tulluru,16.52,80.58,5.88,33.59,Cloudy,38,Monday,1,Main Road,Low,31,49,60,2,1,14.4,09:00
3121,B008,R012,S046,Namburu,16.36,80.52,2.92,31.97,Sunny,29,Monday,1,Village Road,Medium,23,45,60,2,4,13.6,09:01
3122,B003,R007,S158,Pedakakani,16.285,80.49,6.88,35.73,Sunny,26,Monday,0,Main Road,Low,45,11,60,4,0,13.2,09:02
3123,B016,R007,S158,Vaddeswaram,16.49,80.61,3.01,29.54,Cloudy,23,Monday,1,Main Road,Low,44,44,60,1,1,6.1,09:03
3124,B006,R020,S112,Prathipadu,16.48,80.32,7.04,29.77,Cloudy,31,Friday,0,Main Road,Medium,43,45,60,1,5,15.8,09:04
3125,B017,R009,S188,Guntur,16.3067,80.4365,2.94,32.87,Sunny,31,Thursday,1,Main Road,Low,33,34,60,3,0,8.3,09:05
3126,B006,R017,S119,Namburu,16.36,80.52,1.6,7.53,Cloudy,28,Tuesday,0,Village Road,Low,32,56,60,2,1,6.0,09:06
3127,B020,R010,S110,Namburu,16.36,80.52,6.24,22.27,Sunny,31,Wednesday,1,Village Road,Low,26,46,60,3,0,17.4,09:07
3128,B012,R007,S142,Guntur,16.3067,80.4365,5.43,30.92,Sunny,39,Tuesday,0,Highway,Low,45,13,60,3,0,10.2,09:08
3129,B012,R016,S172,Tenali,16.239,80.645,3.31,15.83,Foggy,33,Wednesday,0,Main Road,High,37,47,60,4,12,21.4,09:09
3130,B012,R015,S124,Guntur,16.3067,80.4365,2.25,26.53,Sunny,22,Monday,1,Village Road,Medium,21,10,60,1,4,11.4,09:10
3131,B018,R003,S029,Mangalagiri,16.4303,80.5681,6.83,13.19,Cloudy,33,Friday,1,Village Road,Low,30,51,60,2,1,16.7,09:11
3132,B020,R005,S031,Prathipadu,16.48,80.32,7.27,20.72,Sunny,33,Monday,0,Main Road,Medium,42,46,60,4,4,18.4,09:12
3133,B015,R016,S058,Tulluru,16.52,80.58,5.44,31.09,Sunny,26,Monday,1,Main Road,Low,31,26,60,2,0,12.5,09:13
3134,B007,R006,S101,Prathipadu,16.48,80.32,5.33,21.94,Cloudy,36,Thursday,0,Main Road,High,44,49,60,4,9,20.3,09:14
3135,B003,R009,S028,Mangalagiri,16.4303,80.5681,4.1,10.96,Rainy,30,Tuesday,1,Highway,Medium,52,51,60,4,9,17.7,09:15
3136,B007,R017,S188,Ponnur,16.065,80.551,5.63,29.65,Rainy,28,Saturday,0,Highway,Medium,52,31,60,3,9,18.5,09:16
3137,B018,R019,S075,Namburu,16.36,80.52,7.08,17.75,Sunny,37,Wednesday,0,Main Road,Low,40,55,60,2,0,12.6,09:17
3138,B006,R010,S088,Vaddeswaram,16.49,80.61,3.2,21.41,Cloudy,33,Saturday,1,Village Road,High,27,6,60,2,9,18.1,09:18
3139,B015,R017,S083,Ponnur,16.065,80.551,2.96,20.71,Sunny,30,Wednesday,0,Highway,Low,45,41,60,4,0,7.9,09:19
3140,B008,R019,S087,Guntur,16.3067,80.4365,7.52,36.81,Sunny,29,Saturday,0,Village Road,Medium,30,7,60,2,4,21.0,09:20
3141,B015,R016,S172,Tadikonda,16.405,80.643,7.0,12.5,Sunny,28,Monday,0,Main Road,Medium,36,57,60,2,4,17.7,09:21
3142,B012,R004,S126,Pedakakani,16.285,80.49,1.69,31.68,Sunny,29,Saturday,0,Highway,Medium,56,28,60,4,4,9.8,09:22
3143,B018,R016,S141,Vaddeswaram,16.49,80.61,1.7,4.3,Sunny,37,Monday,1,Highway,Medium,49,9,60,2,4,8.1,09:23
3144,B018,R006,S085,Tenali,16.239,80.645,5.7,8.21,Sunny,35,Tuesday,1,Main Road,Low,41,18,60,3,0,11.3,09:24
3145,B018,R014,S170,Tulluru,16.52,80.58,6.96,19.87,Sunny,39,Saturday,1,Main Road,Medium,36,40,60,2,4,17.6,09:25
3146,B019,R015,S192,Ponnur,16.065,80.551,1.54,8.21,Rainy,33,Monday,1,Highway,Medium,60,29,60,1,9,11.5,09:26
3147,B019,R008,S053,Tulluru,16.52,80.58,4.53,21.49,Sunny,25,Monday,0,Main Road,Low,40,25,60,3,0,9.8,09:27
3148,B001,R008,S193,Prathipadu,16.48,80.32,2.03,24.49,Cloudy,35,Tuesday,0,Village Road,Low,18,19,60,4,1,11.8,09:28
3149,B002,R015,S189,Pedakakani,16.285,80.49,5.08,7.75,Sunny,29,Friday,1,Village Road,High,22,10,60,2,8,23.9,09:29
3150,B015,R016,S121,Ponnur,16.065,80.551,7.45,13.41,Cloudy,31,Monday,1,Main Road,Low,38,31,60,3,1,15.8,09:30
3151,B014,R007,S011,Pedakakani,16.285,80.49,2.56,25.29,Sunny,32,Thursday,1,Village Road,High,30,34,60,2,8,15.1,09:31
3152,B013,R014,S110,Vaddeswaram,16.49,80.61,8.0,13.61,Sunny,23,Thursday,1,Village Road,High,32,6,60,4,8,27.0,09:32
3153,B005,R013,S196,Vaddeswaram,16.49,80.61,7.63,20.26,Sunny,30,Thursday,1,Village Road,Medium,20,60,60,2,4,28.9,09:33
3154,B017,R010,S132,Mangalagiri,16.4303,80.5681,5.64,6.06,Sunny,28,Wednesday,1,Main Road,Medium,32,8,60,4,4,18.6,09:34
3155,B019,R007,S182,Guntur,16.3067,80.4365,7.29,21.94,Sunny,40,Saturday,0,Highway,Low,47,35,60,1,0,10.3,09:35
3156,B017,R003,S120,Mangalagiri,16.4303,80.5681,4.24,22.36,Sunny,33,Thursday,1,Main Road,Low,33,52,60,1,0,8.7,09:36
3157,B020,R003,S086,Guntur,16.3067,80.4365,5.72,15.3,Sunny,26,Saturday,0,Highway,Low,46,15,60,3,0,10.5,09:37
3158,B003,R020,S197,Vaddeswaram,16.49,80.61,6.51,8.92,Sunny,36,Wednesday,0,Highway,High,57,12,60,2,8,16.9,09:38
3159,B012,R003,S024,Tenali,16.239,80.645,6.44,16.78,Foggy,38,Tuesday,1,Main Road,Medium,43,32,60,4,8,21.0,09:39
3160,B009,R018,S178,Prathipadu,16.48,80.32,2.34,5.63,Sunny,28,Thursday,0,Main Road,Low,33,39,60,3,0,7.3,09:40
3161,B016,R010,S152,Mangalagiri,16.4303,80.5681,2.49,12.5,Sunny,35,Saturday,1,Village Road,Low,21,25,60,1,0,8.1,09:41
3162,B007,R020,S143,Namburu,16.36,80.52,2.99,10.58,Cloudy,27,Monday,0,Main Road,Low,43,26,60,4,1,9.2,09:42
3163,B011,R003,S054,Pedakakani,16.285,80.49,6.71,33.71,Sunny,31,Saturday,1,Main Road,Low,45,28,60,1,0,9.9,09:43
3164,B009,R010,S123,Guntur,16.3067,80.4365,5.26,32.85,Sunny,37,Monday,0,Main Road,Medium,40,24,60,4,4,15.9,09:44
3165,B020,R020,S115,Mangalagiri,16.4303,80.5681,7.02,9.64,Rainy,35,Thursday,1,Highway,Medium,52,31,60,2,9,19.1,09:45
3166,B015,R016,S117,Tadikonda,16.405,80.643,5.35,31.36,Sunny,30,Wednesday,0,Village Road,High,33,7,60,4,8,21.7,09:46
3167,B002,R020,S189,Vaddeswaram,16.49,80.61,4.54,34.13,Sunny,29,Wednesday,0,Main Road,Low,33,35,60,3,0,11.3,09:47
3168,B013,R013,S073,Mangalagiri,16.4303,80.5681,6.67,34.13,Cloudy,35,Saturday,1,Village Road,Low,22,11,60,4,1,23.2,09:48
3169,B020,R012,S120,Vaddeswaram,16.49,80.61,4.59,19.95,Rainy,40,Thursday,0,Village Road,Low,32,11,60,4,5,17.6,09:49
3170,B008,R019,S091,Ponnur,16.065,80.551,3.8,23.22,Rainy,25,Monday,0,Village Road,Medium,27,13,60,2,9,19.4,09:50
3171,B005,R001,S006,Namburu,16.36,80.52,6.97,23.23,Cloudy,29,Tuesday,1,Main Road,Medium,42,56,60,3,5,18.0,09:51
3172,B015,R014,S096,Pedakakani,16.285,80.49,7.39,15.24,Rainy,25,Tuesday,0,Highway,Low,52,26,60,1,5,14.5,09:52
3173,B003,R001,S139,Tadikonda,16.405,80.643,3.95,11.41,Rainy,30,Saturday,0,Village Road,High,33,53,60,4,13,24.2,09:53
3174,B014,R016,S097,Tulluru,16.52,80.58,4.55,17.27,Sunny,26,Monday,0,Main Road,Medium,40,26,60,4,4,14.8,09:54
3175,B010,R018,S165,Ponnur,16.065,80.551,5.99,35.6,Cloudy,40,Friday,1,Main Road,Low,32,20,60,2,1,14.2,09:55
3176,B006,R009,S027,Mangalagiri,16.4303,80.5681,6.31,23.62,Sunny,36,Monday,0,Highway,Low,46,30,60,1,0,9.2,09:56
3177,B010,R015,S032,Ponnur,16.065,80.551,2.37,8.51,Sunny,38,Friday,1,Highway,High,52,60,60,1,8,11.7,09:57
3178,B005,R020,S046,Prathipadu,16.48,80.32,5.16,32.97,Cloudy,25,Monday,0,Highway,High,47,36,60,3,9,18.6,09:58
3179,B016,R019,S108,Tadikonda,16.405,80.643,5.9,32.7,Rainy,29,Monday,0,Main Road,High,34,14,60,1,13,24.4,09:59
3180,B020,R013,S101,Ponnur,16.065,80.551,5.28,17.87,Cloudy,27,Thursday,0,Main Road,Medium,42,22,60,1,5,13.5,09:00
3181,B015,R017,S096,Pedakakani,16.285,80.49,7.29,20.29,Sunny,36,Thursday,0,Main Road,Medium,40,48,60,2,4,16.9,09:01
3182,B001,R001,S033,Namburu,16.36,80.52,4.35,25.99,Cloudy,27,Saturday,1,Highway,Medium,47,41,60,4,5,14.6,09:02
3183,B001,R008,S156,Prathipadu,16.48,80.32,2.12,17.29,Rainy,39,Thursday,0,Village Road,High,28,31,60,1,13,18.5,09:03
3184,B020,R017,S125,Ponnur,16.065,80.551,5.54,31.2,Cloudy,30,Friday,0,Main Road,Medium,39,49,60,3,5,16.5,09:04
3185,B016,R012,S096,Tadikonda,16.405,80.643,4.78,32.72,Sunny,37,Friday,1,Highway,Medium,49,55,60,2,4,11.9,09:05
3186,B001,R017,S029,Ponnur,16.065,80.551,0.83,5.13,Sunny,29,Tuesday,0,Main Road,Medium,40,16,60,2,4,7.2,09:06
3187,B001,R019,S072,Pedakakani,16.285,80.49,1.35,6.26,Rainy,32,Wednesday,1,Village Road,Low,26,19,60,3,5,11.1,09:07
3188,B007,R018,S039,Mangalagiri,16.4303,80.5681,2.08,26.32,Sunny,38,Monday,1,Main Road,Low,43,9,60,1,0,3.9,09:08
3189,B015,R019,S062,Guntur,16.3067,80.4365,6.36,27.84,Sunny,34,Friday,1,Highway,Medium,53,43,60,1,4,12.2,09:09
3190,B018,R013,S134,Tenali,16.239,80.645,4.44,26.17,Rainy,40,Friday,0,Main Road,Medium,36,27,60,2,9,18.4,09:10
3191,B012,R006,S191,Vaddeswaram,16.49,80.61,7.07,20.08,Rainy,26,Tuesday,1,Highway,Medium,59,7,60,4,9,20.2,09:11
3192,B013,R017,S066,Namburu,16.36,80.52,7.82,14.81,Sunny,34,Monday,0,Village Road,Medium,35,18,60,1,4,18.4,09:12
3193,B006,R018,S023,Ponnur,16.065,80.551,3.64,8.26,Sunny,23,Thursday,1,Highway,Medium,56,33,60,4,4,11.9,09:13
3194,B020,R002,S092,Namburu,16.36,80.52,5.63,12.5,Sunny,40,Thursday,1,Village Road,Medium,32,32,60,1,4,15.6,09:14
3195,B009,R005,S100,Vaddeswaram,16.49,80.61,3.4,24.16,Cloudy,25,Monday,0,Village Road,Low,19,20,60,2,1,13.7,09:15
3196,B020,R018,S105,Tadikonda,16.405,80.643,3.6,6.86,Rainy,34,Monday,0,Main Road,Medium,45,14,60,1,9,14.8,09:16
3197,B016,R005,S102,Tulluru,16.52,80.58,7.8,13.27,Rainy,38,Wednesday,0,Main Road,Medium,37,5,60,3,9,24.6,09:17
3198,B001,R019,S160,Namburu,16.36,80.52,5.47,26.31,Rainy,40,Friday,1,Highway,Medium,54,32,60,1,9,16.1,09:18
3199,B008,R012,S185,Tulluru,16.52,80.58,7.49,9.43,Sunny,37,Wednesday,1,Highway,Low,53,19,60,4,0,12.5,09:19
3200,B016,R019,S155,Ponnur,16.065,80.551,6.85,25.41,Cloudy,36,Thursday,0,Village Road,Low,30,14,60,4,1,18.7,10:20
3201,B002,R001,S038,Tadikonda,16.405,80.643,6.06,8.6,Rainy,37,Monday,0,Highway,High,58,34,60,2,13,21.3,10:21
3202,B011,R004,S065,Pedakakani,16.285,80.49,6.3,27.09,Sunny,33,Tuesday,1,Village Road,Medium,33,46,60,1,4,16.5,10:22
3203,B011,R001,S014,Tulluru,16.52,80.58,7.21,9.32,Rainy,22,Thursday,0,Main Road,Medium,43,27,60,4,9,23.1,10:23
3204,B011,R006,S055,Pedakakani,16.285,80.49,7.03,33.03,Sunny,27,Tuesday,0,Main Road,Low,37,24,60,4,0,15.4,10:24
3205,B015,R013,S145,Vaddeswaram,16.49,80.61,2.16,26.21,Sunny,28,Tuesday,0,Village Road,Medium,20,20,60,1,4,11.5,10:25
3206,B003,R001,S111,Vaddeswaram,16.49,80.61,4.27,14.75,Rainy,28,Thursday,0,Highway,Medium,58,46,60,3,9,16.4,10:26
3207,B001,R013,S148,Mangalagiri,16.4303,80.5681,5.88,20.95,Sunny,29,Friday,0,Village Road,Low,19,9,60,2,0,20.6,10:27
3208,B018,R010,S015,Ponnur,16.065,80.551,4.44,33.29,Rainy,33,Tuesday,0,Main Road,Low,42,37,60,2,5,13.3,10:28
3209,B002,R009,S180,Pedakakani,16.285,80.49,7.54,29.86,Sunny,39,Wednesday,1,Highway,Medium,57,25,60,4,4,15.9,10:29
3210,B012,R010,S118,Ponnur,16.065,80.551,7.72,25.55,Rainy,24,Friday,0,Main Road,Low,38,36,60,4,5,21.2,10:30
3211,B008,R001,S187,Guntur,16.3067,80.4365,4.09,19.97,Sunny,23,Wednesday,1,Main Road,Low,38,5,60,2,0,8.5,10:31
3212,B011,R002,S107,Tulluru,16.52,80.58,7.08,17.9,Sunny,34,Saturday,1,Main Road,High,38,60,60,2,8,21.2,10:32
3213,B015,R014,S085,Prathipadu,16.48,80.32,7.89,26.42,Rainy,37,Friday,0,Main Road,High,41,57,60,3,13,27.5,10:33
3214,B007,R011,S040,Namburu,16.36,80.52,4.31,11.08,Cloudy,24,Saturday,1,Main Road,Low,33,56,60,1,1,9.8,10:34
3215,B006,R009,S173,Guntur,16.3067,80.4365,3.84,27.29,Rainy,29,Tuesday,0,Main Road,Medium,34,11,60,3,9,18.8,10:35
3216,B018,R004,S057,Mangalagiri,16.4303,80.5681,5.47,28.33,Sunny,29,Monday,0,Village Road,Low,31,11,60,2,0,12.6,10:36
3217,B007,R006,S132,Ponnur,16.065,80.551,4.64,27.69,Sunny,36,Wednesday,0,Main Road,Low,37,56,60,2,0,9.5,10:37
3218,B002,R002,S184,Pedakakani,16.285,80.49,6.27,7.29,Sunny,33,Friday,1,Main Road,Medium,42,49,60,1,4,14.0,10:38
3219,B018,R011,S117,Tenali,16.239,80.645,7.03,8.62,Sunny,39,Monday,0,Main Road,Low,45,35,60,2,0,11.4,10:39
3220,B010,R009,S110,Namburu,16.36,80.52,7.14,36.54,Sunny,35,Monday,1,Main Road,High,33,21,60,1,8,22.0,10:40
3221,B018,R018,S093,Mangalagiri,16.4303,80.5681,7.41,19.86,Sunny,31,Wednesday,1,Main Road,Low,30,20,60,4,0,18.8,10:41
3222,B008,R009,S073,Prathipadu,16.48,80.32,3.4,22.02,Cloudy,26,Tuesday,0,Main Road,Low,43,58,60,2,1,7.7,10:42
3223,B004,R010,S099,Prathipadu,16.48,80.32,4.47,13.76,Cloudy,27,Friday,0,Highway,Medium,57,30,60,4,5,13.7,10:43
3224,B012,R014,S030,Tenali,16.239,80.645,2.25,22.0,Sunny,25,Thursday,0,Village Road,Low,24,15,60,2,0,7.6,10:44
3225,B006,R008,S198,Namburu,16.36,80.52,3.01,32.35,Sunny,25,Thursday,1,Main Road,Medium,36,9,60,2,4,11.0,10:45
3226,B007,R004,S056,Tulluru,16.52,80.58,3.29,19.68,Cloudy,32,Saturday,1,Main Road,Medium,35,24,60,3,5,13.6,10:46
3227,B004,R016,S089,Guntur,16.3067,80.4365,1.0,14.55,Sunny,35,Wednesday,1,Main Road,Medium,44,36,60,4,4,9.4,10:47
3228,B003,R017,S010,Tulluru,16.52,80.58,4.45,11.74,Sunny,32,Wednesday,1,Main Road,Low,42,25,60,1,0,7.4,10:48
3229,B001,R003,S110,Mangalagiri,16.4303,80.5681,3.46,7.34,Sunny,24,Saturday,1,Main Road,High,39,8,60,3,8,16.3,10:49
3230,B001,R004,S093,Prathipadu,16.48,80.32,3.14,33.12,Foggy,34,Friday,0,Main Road,Medium,39,22,60,2,8,14.8,10:50
3231,B017,R009,S002,Prathipadu,16.48,80.32,7.95,18.47,Sunny,24,Tuesday,1,Village Road,Medium,27,9,60,4,4,25.7,10:51
3232,B012,R004,S080,Namburu,16.36,80.52,1.6,12.83,Cloudy,40,Wednesday,0,Main Road,Medium,30,22,60,3,5,11.2,10:52
3233,B015,R006,S153,Tulluru,16.52,80.58,6.38,22.66,Sunny,34,Thursday,0,Village Road,High,35,59,60,1,8,19.9,10:53
3234,B015,R006,S051,Vaddeswaram,16.49,80.61,4.53,6.59,Sunny,22,Friday,0,Highway,High,53,34,60,2,8,15.1,10:54
3235,B009,R012,S183,Guntur,16.3067,80.4365,3.25,10.33,Sunny,25,Saturday,0,Village Road,Medium,26,37,60,1,4,12.5,10:55
3236,B015,R006,S043,Mangalagiri,16.4303,80.5681,1.18,6.5,Sunny,28,Thursday,0,Village Road,Medium,24,58,60,2,4,8.9,10:56
3237,B019,R002,S067,Prathipadu,16.48,80.32,6.78,11.16,Rainy,36,Tuesday,1,Main Road,Medium,31,18,60,3,9,25.1,10:57
3238,B007,R019,S120,Pedakakani,16.285,80.49,2.67,8.85,Rainy,28,Wednesday,1,Village Road,High,29,11,60,3,13,21.5,10:58
3239,B020,R018,S160,Tenali,16.239,80.645,1.84,3.62,Sunny,36,Tuesday,1,Main Road,Low,43,21,60,1,0,3.6,10:59
3240,B007,R014,S094,Guntur,16.3067,80.4365,1.62,27.19,Rainy,35,Wednesday,0,Village Road,Low,25,46,60,1,5,9.9,10:00
3241,B006,R007,S134,Tadikonda,16.405,80.643,1.09,13.47,Cloudy,30,Tuesday,1,Main Road,Medium,35,59,60,2,5,8.9,10:01
3242,B016,R009,S125,Namburu,16.36,80.52,3.44,30.58,Sunny,32,Tuesday,1,Main Road,Medium,40,44,60,1,4,10.2,10:02
3243,B014,R007,S138,Namburu,16.36,80.52,1.54,16.99,Cloudy,28,Thursday,1,Main Road,Medium,41,31,60,3,5,10.3,10:03
3244,B008,R017,S127,Prathipadu,16.48,80.32,1.38,1.48,Cloudy,33,Tuesday,1,Main Road,Low,31,16,60,2,1,5.7,10:04
3245,B020,R014,S134,Mangalagiri,16.4303,80.5681,5.67,28.41,Sunny,28,Friday,0,Main Road,Medium,40,28,60,2,4,14.5,10:05
3246,B006,R003,S091,Tadikonda,16.405,80.643,5.29,11.06,Sunny,24,Thursday,0,Main Road,Low,36,48,60,3,0,11.8,10:06
3247,B009,R016,S027,Ponnur,16.065,80.551,7.66,29.37,Rainy,33,Thursday,1,Village Road,Medium,31,31,60,2,9,25.8,10:07
3248,B007,R019,S087,Mangalagiri,16.4303,80.5681,6.57,31.15,Rainy,33,Monday,0,Highway,Low,46,11,60,2,5,15.6,10:08
3249,B006,R014,S060,Prathipadu,16.48,80.32,1.9,12.55,Sunny,26,Thursday,0,Main Road,Low,34,12,60,2,0,5.4,10:09
3250,B016,R018,S113,Ponnur,16.065,80.551,3.22,4.31,Rainy,37,Friday,0,Main Road,Low,45,54,60,4,5,13.3,10:10
3251,B007,R011,S091,Mangalagiri,16.4303,80.5681,2.09,18.19,Rainy,30,Thursday,0,Main Road,Low,33,18,60,4,5,12.8,10:11
3252,B006,R007,S181,Tenali,16.239,80.645,7.11,32.69,Cloudy,39,Monday,1,Village Road,Medium,19,23,60,2,5,29.5,10:12
3253,B011,R014,S073,Pedakakani,16.285,80.49,5.4,10.25,Rainy,22,Saturday,0,Main Road,Low,45,5,60,2,5,14.2,10:13
3254,B019,R019,S156,Tulluru,16.52,80.58,0.89,21.77,Rainy,40,Tuesday,0,Main Road,Medium,32,41,60,4,9,14.7,10:14
3255,B002,R005,S075,Mangalagiri,16.4303,80.5681,3.6,8.8,Sunny,24,Wednesday,1,Village Road,High,26,12,60,1,8,17.3,10:15
3256,B016,R002,S034,Namburu,16.36,80.52,7.27,34.91,Sunny,38,Friday,1,Village Road,Low,24,31,60,2,0,20.2,10:16
3257,B012,R003,S079,Prathipadu,16.48,80.32,1.3,12.86,Sunny,30,Thursday,0,Main Road,High,38,55,60,4,8,14.1,10:17
3258,B007,R002,S170,Tulluru,16.52,80.58,1.36,11.56,Sunny,26,Thursday,1,Village Road,Medium,24,41,60,1,4,8.4,10:18
3259,B006,R007,S026,Prathipadu,16.48,80.32,5.18,34.84,Sunny,30,Friday,1,Highway,High,55,54,60,3,8,16.7,10:19
3260,B001,R020,S132,Pedakakani,16.285,80.49,5.89,34.85,Sunny,25,Friday,0,Highway,Medium,48,48,60,2,4,13.4,10:20
3261,B018,R012,S004,Ponnur,16.065,80.551,6.55,15.61,Sunny,24,Saturday,0,Highway,Low,48,48,60,1,0,9.2,10:21
3262,B014,R010,S116,Ponnur,16.065,80.551,7.34,30.85,Rainy,26,Wednesday,1,Main Road,Low,35,49,60,2,5,19.6,10:22
3263,B009,R001,S138,Tenali,16.239,80.645,2.33,30.18,Rainy,24,Thursday,1,Main Road,Low,39,50,60,2,5,10.6,10:23
3264,B017,R006,S005,Ponnur,16.065,80.551,5.49,28.03,Rainy,40,Monday,0,Highway,Low,52,15,60,4,5,15.3,10:24
3265,B001,R006,S003,Tadikonda,16.405,80.643,7.54,34.05,Cloudy,36,Friday,0,Main Road,Medium,42,43,60,4,5,19.8,10:25
3266,B015,R002,S035,Prathipadu,16.48,80.32,5.28,7.52,Sunny,33,Tuesday,0,Main Road,Low,33,36,60,1,0,10.6,10:26
3267,B006,R012,S051,Tulluru,16.52,80.58,7.27,14.34,Rainy,36,Monday,1,Main Road,Medium,31,13,60,4,9,27.1,10:27
3268,B019,R014,S070,Guntur,16.3067,80.4365,2.44,2.66,Sunny,36,Wednesday,0,Main Road,High,37,17,60,4,8,16.0,10:28
3269,B006,R005,S106,Tenali,16.239,80.645,5.08,20.17,Foggy,35,Tuesday,0,Highway,Medium,48,28,60,3,8,17.4,10:29
3270,B003,R012,S098,Ponnur,16.065,80.551,5.42,25.01,Cloudy,32,Tuesday,1,Village Road,Low,24,32,60,2,1,16.6,10:30
3271,B011,R006,S048,Namburu,16.36,80.52,7.15,28.33,Cloudy,38,Saturday,0,Highway,Low,57,18,60,3,1,11.5,10:31
3272,B009,R020,S105,Tadikonda,16.405,80.643,5.55,27.31,Cloudy,33,Thursday,1,Village Road,High,34,25,60,2,9,20.8,10:32
3273,B001,R014,S074,Vaddeswaram,16.49,80.61,1.66,19.88,Cloudy,24,Tuesday,0,Main Road,Low,41,49,60,3,1,6.4,10:33
3274,B011,R001,S028,Mangalagiri,16.4303,80.5681,2.68,16.49,Rainy,34,Tuesday,0,Main Road,Low,34,36,60,4,5,13.7,10:34
3275,B007,R014,S077,Guntur,16.3067,80.4365,1.54,2.04,Sunny,27,Thursday,0,Village Road,Low,26,51,60,4,0,7.6,10:35
3276,B020,R014,S123,Mangalagiri,16.4303,80.5681,7.58,13.66,Cloudy,31,Thursday,1,Highway,Medium,57,45,60,4,5,17.0,10:36
3277,B020,R018,S189,Tadikonda,16.405,80.643,7.22,9.89,Sunny,39,Tuesday,0,Main Road,Low,36,58,60,4,0,16.0,10:37
3278,B018,R012,S031,Namburu,16.36,80.52,5.14,16.68,Cloudy,31,Saturday,1,Highway,Low,58,27,60,1,1,7.3,10:38
3279,B001,R014,S132,Prathipadu,16.48,80.32,4.72,22.21,Cloudy,27,Tuesday,1,Village Road,Low,24,41,60,4,1,16.8,10:39
3280,B020,R006,S159,Pedakakani,16.285,80.49,6.22,23.19,Sunny,28,Tuesday,1,Village Road,Low,20,33,60,3,0,21.7,10:40
3281,B010,R016,S189,Vaddeswaram,16.49,80.61,4.89,10.63,Rainy,24,Monday,0,Main Road,High,31,8,60,2,13,24.5,10:41
3282,B004,R005,S152,Tadikonda,16.405,80.643,7.09,25.85,Cloudy,26,Monday,1,Main Road,High,34,14,60,3,9,24.5,10:42
3283,B003,R004,S179,Tadikonda,16.405,80.643,6.1,10.6,Cloudy,25,Tuesday,1,Highway,Low,51,53,60,3,1,11.2,10:43
3284,B008,R013,S002,Namburu,16.36,80.52,3.96,33.7,Sunny,39,Saturday,1,Village Road,Low,23,16,60,2,0,12.3,10:44
3285,B015,R009,S051,Tadikonda,16.405,80.643,1.55,9.22,Cloudy,22,Thursday,0,Main Road,Low,43,57,60,3,1,6.2,10:45
3286,B005,R002,S045,Guntur,16.3067,80.4365,5.38,29.66,Sunny,40,Friday,0,Main Road,Medium,39,9,60,4,4,16.3,10:46
3287,B019,R018,S030,Tenali,16.239,80.645,7.44,13.99,Sunny,24,Saturday,1,Highway,Low,45,42,60,1,0,10.9,10:47
3288,B002,R010,S073,Prathipadu,16.48,80.32,7.97,37.93,Sunny,29,Tuesday,1,Main Road,Medium,30,11,60,3,4,22.9,10:48
3289,B003,R013,S152,Tulluru,16.52,80.58,2.82,31.37,Rainy,28,Saturday,1,Highway,Low,45,56,60,4,5,12.8,10:49
3290,B007,R016,S004,Tadikonda,16.405,80.643,7.6,27.24,Sunny,32,Thursday,1,Main Road,Medium,40,9,60,1,4,16.4,10:50
3291,B005,R012,S137,Guntur,16.3067,80.4365,3.78,25.66,Sunny,28,Friday,1,Main Road,Medium,35,10,60,3,4,13.5,10:51
3292,B016,R004,S049,Prathipadu,16.48,80.32,3.76,27.38,Sunny,27,Saturday,0,Main Road,Low,32,55,60,3,0,10.1,10:52
3293,B004,R018,S095,Mangalagiri,16.4303,80.5681,4.55,30.32,Rainy,38,Monday,0,Village Road,High,28,57,60,1,13,23.8,10:53
3294,B017,R006,S131,Guntur,16.3067,80.4365,2.18,24.55,Sunny,40,Monday,0,Highway,Low,57,55,60,4,0,6.3,10:54
3295,B013,R002,S037,Ponnur,16.065,80.551,3.22,10.05,Sunny,36,Monday,1,Village Road,Low,25,40,60,4,0,11.7,10:55
3296,B018,R008,S079,Tulluru,16.52,80.58,6.35,30.06,Cloudy,37,Saturday,1,Highway,High,53,52,60,2,9,18.2,10:56
3297,B017,R006,S025,Guntur,16.3067,80.4365,4.22,33.96,Cloudy,28,Monday,0,Main Road,High,30,49,60,2,9,19.4,10:57
3298,B010,R013,S146,Ponnur,16.065,80.551,6.78,15.81,Sunny,36,Friday,1,Village Road,Low,20,14,60,3,0,23.3,10:58
3299,B008,R009,S093,Pedakakani,16.285,80.49,6.28,34.17,Sunny,22,Monday,1,Main Road,Medium,39,11,60,2,4,15.7,10:59
3300,B001,R013,S180,Tulluru,16.52,80.58,2.34,15.64,Sunny,25,Thursday,1,Main Road,Low,36,40,60,4,0,7.9,11:00
3301,B017,R004,S137,Ponnur,16.065,80.551,7.5,23.17,Sunny,34,Friday,1,Village Road,Low,18,43,60,1,0,26.0,11:01
3302,B015,R006,S022,Tadikonda,16.405,80.643,1.2,12.3,Rainy,29,Friday,1,Main Road,Low,38,59,60,4,5,10.9,11:02
3303,B019,R010,S029,Tenali,16.239,80.645,5.89,23.38,Foggy,37,Saturday,0,Main Road,Medium,34,60,60,3,8,21.4,11:03
3304,B008,R015,S035,Tenali,16.239,80.645,1.2,25.26,Rainy,25,Saturday,1,Highway,Medium,45,55,60,4,9,14.6,11:04
3305,B015,R003,S041,Vaddeswaram,16.49,80.61,6.61,15.75,Rainy,35,Wednesday,1,Main Road,Low,38,27,60,3,5,18.4,11:05
3306,B003,R004,S036,Prathipadu,16.48,80.32,3.07,14.76,Sunny,23,Thursday,0,Village Road,Medium,31,11,60,1,4,10.9,11:06
3307,B014,R006,S093,Vaddeswaram,16.49,80.61,6.33,12.08,Sunny,32,Tuesday,1,Main Road,Low,40,34,60,2,0,11.5,11:07
3308,B018,R002,S133,Prathipadu,16.48,80.32,3.3,28.05,Cloudy,35,Monday,1,Highway,Medium,45,48,60,3,5,12.4,11:08
3309,B018,R012,S056,Vaddeswaram,16.49,80.61,2.27,30.88,Cloudy,26,Monday,0,Village Road,Low,26,9,60,4,1,10.2,11:09
3310,B012,R018,S080,Tenali,16.239,80.645,2.82,4.24,Rainy,40,Saturday,0,Main Road,Medium,30,11,60,4,9,18.6,11:10
3311,B020,R002,S157,Ponnur,16.065,80.551,6.1,10.54,Cloudy,32,Friday,0,Highway,Low,55,14,60,1,1,8.7,11:11
3312,B017,R007,S197,Namburu,16.36,80.52,2.19,20.33,Cloudy,38,Thursday,1,Village Road,Low,30,38,60,1,1,6.4,11:12
3313,B003,R015,S182,Vaddeswaram,16.49,80.61,1.37,22.38,Sunny,36,Wednesday,0,Highway,Low,49,43,60,4,0,5.7,11:13
3314,B018,R018,S187,Prathipadu,16.48,80.32,5.28,16.01,Cloudy,24,Saturday,1,Village Road,Low,30,11,60,4,1,15.6,11:14
3315,B011,R002,S083,Tadikonda,16.405,80.643,1.06,2.21,Foggy,35,Tuesday,1,Main Road,Medium,44,23,60,3,8,12.4,11:15
3316,B019,R007,S135,Vaddeswaram,16.49,80.61,7.72,29.19,Sunny,36,Monday,1,Highway,High,57,22,60,1,8,17.1,11:16
3317,B007,R018,S192,Mangalagiri,16.4303,80.5681,2.53,27.62,Rainy,27,Friday,0,Main Road,High,30,24,60,3,13,21.1,11:17
3318,B006,R007,S106,Guntur,16.3067,80.4365,4.64,25.26,Sunny,27,Thursday,0,Main Road,Low,39,19,60,4,0,11.1,11:18
3319,B006,R003,S192,Guntur,16.3067,80.4365,3.09,11.99,Cloudy,23,Friday,1,Main Road,Low,37,23,60,2,1,8.0,11:19
3320,B019,R001,S147,Tulluru,16.52,80.58,4.12,25.66,Rainy,24,Saturday,1,Main Road,Low,33,30,60,4,5,16.5,11:20
3321,B006,R011,S124,Namburu,16.36,80.52,1.65,24.22,Rainy,34,Tuesday,0,Main Road,Low,30,8,60,4,5,12.3,11:21
3322,B001,R002,S196,Tulluru,16.52,80.58,6.26,32.08,Sunny,30,Wednesday,1,Highway,High,45,9,60,1,8,17.3,11:22
3323,B014,R005,S048,Pedakakani,16.285,80.49,7.6,18.83,Sunny,22,Tuesday,0,Main Road,Medium,37,33,60,3,4,19.3,11:23
3324,B013,R001,S171,Pedakakani,16.285,80.49,3.11,16.89,Sunny,36,Tuesday,0,Main Road,Low,36,47,60,4,0,9.2,11:24
3325,B016,R016,S157,Tenali,16.239,80.645,2.44,16.41,Rainy,30,Thursday,1,Highway,High,53,60,60,4,13,19.8,11:25
3326,B016,R015,S092,Vaddeswaram,16.49,80.61,7.77,16.58,Sunny,37,Saturday,1,Main Road,Low,38,32,60,1,0,13.3,11:26
3327,B005,R015,S146,Pedakakani,16.285,80.49,6.72,17.72,Cloudy,29,Wednesday,1,Main Road,Medium,41,39,60,3,5,17.8,11:27
3328,B011,R004,S023,Tadikonda,16.405,80.643,3.29,8.8,Foggy,39,Thursday,1,Village Road,Medium,30,38,60,2,8,16.6,11:28
3329,B007,R019,S115,Prathipadu,16.48,80.32,4.83,19.18,Sunny,24,Monday,0,Main Road,Medium,38,9,60,4,4,15.6,11:29
3330,B015,R010,S187,Vaddeswaram,16.49,80.61,7.09,35.56,Rainy,27,Monday,1,Main Road,High,45,48,60,4,13,26.5,11:30
3331,B009,R014,S085,Guntur,16.3067,80.4365,7.77,19.87,Sunny,24,Friday,1,Main Road,Low,45,59,60,2,0,12.4,11:31
3332,B020,R017,S165,Pedakakani,16.285,80.49,1.76,10.55,Rainy,37,Friday,0,Village Road,Low,20,39,60,2,5,12.3,11:32
3333,B016,R001,S197,Prathipadu,16.48,80.32,7.43,15.03,Rainy,33,Friday,0,Main Road,High,40,44,60,1,13,25.1,11:33
3334,B009,R013,S096,Prathipadu,16.48,80.32,5.78,10.73,Sunny,32,Tuesday,1,Main Road,Low,40,50,60,2,0,10.7,11:34
3335,B015,R004,S022,Namburu,16.36,80.52,3.53,10.68,Rainy,28,Saturday,0,Main Road,Low,40,37,60,2,5,12.3,11:35
3336,B011,R012,S115,Guntur,16.3067,80.4365,1.17,22.76,Sunny,37,Tuesday,1,Highway,High,47,48,60,3,8,12.5,11:36
3337,B014,R013,S149,Tenali,16.239,80.645,2.16,31.99,Sunny,30,Friday,0,Highway,Medium,50,27,60,2,4,8.6,11:37
3338,B011,R017,S070,Tulluru,16.52,80.58,5.12,29.51,Sunny,32,Thursday,0,Main Road,Medium,38,35,60,4,4,16.1,11:38
3339,B012,R019,S139,Mangalagiri,16.4303,80.5681,5.3,13.08,Rainy,22,Friday,0,Village Road,Low,19,29,60,3,5,24.7,11:39
3340,B010,R013,S185,Prathipadu,16.48,80.32,4.58,33.79,Sunny,32,Friday,1,Village Road,High,32,16,60,4,8,20.6,11:40
3341,B019,R006,S118,Ponnur,16.065,80.551,1.39,23.23,Rainy,31,Friday,0,Main Road,Medium,42,48,60,1,9,12.0,11:41
3342,B005,R017,S091,Tulluru,16.52,80.58,1.8,7.25,Sunny,24,Tuesday,1,Village Road,Medium,22,37,60,1,4,9.9,11:42
3343,B016,R016,S096,Ponnur,16.065,80.551,5.62,10.58,Sunny,24,Friday,0,Highway,Low,54,53,60,4,0,10.2,11:43
3344,B008,R006,S110,Guntur,16.3067,80.4365,4.23,12.84,Cloudy,36,Wednesday,1,Main Road,High,43,32,60,3,9,17.9,11:44
3345,B009,R008,S115,Ponnur,16.065,80.551,6.68,36.36,Foggy,35,Thursday,0,Village Road,Low,19,8,60,3,4,28.1,11:45
3346,B018,R005,S036,Pedakakani,16.285,80.49,7.18,15.51,Foggy,30,Tuesday,0,Main Road,Low,32,13,60,4,4,21.5,11:46
3347,B011,R015,S006,Mangalagiri,16.4303,80.5681,5.76,6.39,Sunny,35,Thursday,0,Highway,Medium,56,34,60,2,4,12.2,11:47
3348,B011,R020,S113,Namburu,16.36,80.52,7.26,31.8,Rainy,24,Monday,0,Village Road,Low,26,58,60,4,5,25.8,11:48
3349,B011,R020,S186,Mangalagiri,16.4303,80.5681,1.64,2.88,Sunny,35,Tuesday,1,Main Road,Low,45,32,60,3,0,5.2,11:49
3350,B017,R016,S035,Vaddeswaram,16.49,80.61,6.56,7.0,Cloudy,34,Tuesday,0,Main Road,High,33,49,60,3,9,23.9,11:50
3351,B008,R018,S200,Namburu,16.36,80.52,5.16,16.83,Cloudy,36,Tuesday,0,Main Road,Low,45,36,60,2,1,9.9,11:51
3352,B004,R019,S104,Tenali,16.239,80.645,1.1,20.56,Cloudy,30,Tuesday,0,Main Road,High,39,27,60,1,9,11.7,11:52
3353,B001,R002,S002,Prathipadu,16.48,80.32,1.33,3.65,Rainy,23,Friday,0,Highway,Low,55,16,60,4,5,10.5,11:53
3354,B013,R002,S136,Tadikonda,16.405,80.643,6.2,7.48,Cloudy,40,Friday,0,Village Road,Medium,22,23,60,3,5,24.9,11:54
3355,B012,R019,S158,Prathipadu,16.48,80.32,7.02,15.6,Sunny,25,Monday,1,Main Road,High,33,17,60,4,8,24.8,11:55
3356,B015,R014,S200,Tulluru,16.52,80.58,1.22,13.31,Cloudy,23,Tuesday,1,Highway,Medium,57,17,60,3,5,9.3,11:56
3357,B005,R015,S016,Mangalagiri,16.4303,80.5681,1.91,11.07,Sunny,33,Tuesday,1,Main Road,High,41,10,60,2,8,12.8,11:57
3358,B014,R020,S031,Prathipadu,16.48,80.32,7.26,18.71,Sunny,30,Tuesday,1,Main Road,Medium,40,5,60,3,4,17.9,11:58
3359,B016,R004,S005,Guntur,16.3067,80.4365,6.27,35.17,Sunny,37,Tuesday,0,Highway,Low,45,17,60,3,0,11.4,11:59
3360,B008,R009,S085,Tadikonda,16.405,80.643,3.88,27.0,Cloudy,23,Monday,1,Highway,Low,52,22,60,2,1,7.5,11:00
3361,B002,R001,S090,Mangalagiri,16.4303,80.5681,4.68,17.33,Sunny,24,Monday,1,Main Road,High,41,15,60,1,8,15.8,11:01
3362,B013,R019,S165,Ponnur,16.065,80.551,7.69,22.94,Sunny,34,Tuesday,0,Main Road,Medium,36,25,60,2,4,18.8,11:02
3363,B004,R017,S196,Pedakakani,16.285,80.49,4.26,19.21,Sunny,29,Saturday,0,Main Road,Low,30,17,60,2,0,10.5,11:03
3364,B018,R003,S063,Namburu,16.36,80.52,3.59,31.57,Sunny,38,Wednesday,1,Highway,Low,53,59,60,2,0,6.1,11:04
3365,B003,R016,S115,Mangalagiri,16.4303,80.5681,1.96,14.05,Sunny,29,Tuesday,1,Main Road,Low,35,47,60,1,0,4.4,11:05
3366,B003,R006,S122,Guntur,16.3067,80.4365,3.69,14.07,Rainy,40,Tuesday,0,Highway,Medium,58,45,60,4,9,16.8,11:06
3367,B014,R001,S077,Guntur,16.3067,80.4365,4.17,16.72,Cloudy,25,Friday,1,Main Road,Medium,35,44,60,1,5,13.1,11:07
3368,B018,R019,S034,Prathipadu,16.48,80.32,7.02,10.03,Rainy,24,Saturday,0,Highway,High,56,35,60,2,13,22.5,11:08
3369,B013,R007,S029,Pedakakani,16.285,80.49,4.85,11.97,Sunny,30,Friday,0,Main Road,Medium,37,37,60,2,4,13.9,11:09
3370,B011,R009,S152,Tulluru,16.52,80.58,5.55,15.14,Sunny,34,Wednesday,0,Main Road,Low,42,16,60,3,0,10.9,11:10
3371,B018,R002,S170,Guntur,16.3067,80.4365,4.61,11.83,Rainy,39,Thursday,1,Main Road,Low,40,30,60,3,5,14.9,11:11
3372,B003,R020,S194,Tenali,16.239,80.645,4.45,14.89,Foggy,27,Thursday,0,Main Road,Low,33,33,60,2,4,14.1,11:12
3373,B018,R003,S099,Namburu,16.36,80.52,4.38,29.44,Sunny,37,Monday,1,Main Road,Medium,39,33,60,1,4,11.7,11:13
3374,B016,R010,S082,Mangalagiri,16.4303,80.5681,2.06,30.99,Sunny,36,Wednesday,0,Highway,Medium,52,35,60,1,4,7.4,11:14
3375,B008,R002,S176,Tulluru,16.52,80.58,6.51,7.36,Rainy,27,Saturday,0,Highway,Low,53,22,60,2,5,14.4,11:15
3376,B004,R012,S170,Vaddeswaram,16.49,80.61,1.47,26.1,Rainy,39,Saturday,0,Main Road,Low,30,42,60,2,5,9.9,11:16
3377,B013,R003,S133,Tadikonda,16.405,80.643,2.88,22.23,Foggy,31,Thursday,0,Main Road,Medium,34,28,60,3,8,16.1,11:17
3378,B019,R004,S075,Vaddeswaram,16.49,80.61,7.6,26.23,Sunny,38,Thursday,0,Village Road,Medium,30,43,60,1,4,20.2,11:18
3379,B004,R019,S121,Tadikonda,16.405,80.643,7.59,34.23,Sunny,39,Saturday,1,Main Road,High,37,39,60,4,8,24.3,11:19
3380,B015,R001,S173,Mangalagiri,16.4303,80.5681,3.57,28.94,Rainy,38,Saturday,1,Highway,High,57,49,60,4,13,20.8,11:20
3381,B016,R014,S124,Prathipadu,16.48,80.32,6.85,20.35,Sunny,28,Saturday,0,Main Road,Medium,43,7,60,4,4,17.6,11:21
3382,B019,R008,S072,Namburu,16.36,80.52,5.52,12.97,Rainy,36,Wednesday,0,Main Road,Medium,34,47,60,2,9,20.7,11:22
3383,B009,R013,S001,Tadikonda,16.405,80.643,1.18,8.56,Rainy,33,Tuesday,0,Main Road,High,40,34,60,3,13,17.8,11:23
3384,B017,R017,S004,Tenali,16.239,80.645,5.39,20.81,Cloudy,27,Saturday,0,Highway,Medium,52,42,60,2,5,13.2,11:24
3385,B015,R020,S188,Pedakakani,16.285,80.49,1.2,16.88,Rainy,40,Saturday,0,Main Road,Low,42,58,60,1,5,7.7,11:25
3386,B010,R010,S160,Tulluru,16.52,80.58,2.16,22.03,Cloudy,24,Friday,1,Village Road,Low,22,24,60,2,1,8.9,11:26
3387,B019,R013,S062,Namburu,16.36,80.52,1.69,22.79,Sunny,30,Tuesday,1,Highway,Medium,54,28,60,3,4,8.9,11:27
3388,B006,R009,S003,Guntur,16.3067,80.4365,7.52,26.45,Rainy,38,Friday,1,Village Road,Medium,31,15,60,4,9,27.6,11:28
3389,B002,R003,S174,Vaddeswaram,16.49,80.61,1.83,4.86,Sunny,24,Friday,1,Main Road,High,32,12,60,4,8,15.4,11:29
3390,B005,R006,S021,Namburu,16.36,80.52,5.96,7.31,Rainy,29,Monday,1,Highway,High,53,7,60,1,13,20.7,11:30
3391,B009,R003,S072,Pedakakani,16.285,80.49,7.05,26.07,Sunny,35,Wednesday,1,Highway,Medium,54,24,60,4,4,15.8,11:31
3392,B020,R003,S090,Pedakakani,16.285,80.49,7.52,17.73,Sunny,35,Thursday,0,Highway,Medium,50,6,60,3,4,16.0,11:32
3393,B007,R011,S046,Tenali,16.239,80.645,4.46,14.44,Rainy,32,Saturday,0,Main Road,Low,43,9,60,3,5,14.2,11:33
3394,B016,R016,S130,Tulluru,16.52,80.58,2.67,3.26,Sunny,25,Tuesday,1,Highway,Low,56,9,60,4,0,6.9,11:34
3395,B007,R012,S007,Ponnur,16.065,80.551,4.74,17.74,Sunny,40,Monday,1,Village Road,Medium,26,17,60,3,4,17.9,11:35
3396,B013,R012,S026,Pedakakani,16.285,80.49,7.62,18.98,Sunny,28,Tuesday,1,Village Road,Low,19,10,60,3,0,27.1,11:36
3397,B017,R009,S194,Guntur,16.3067,80.4365,6.31,36.11,Foggy,37,Saturday,0,Highway,Medium,48,51,60,2,8,17.9,11:37
3398,B019,R005,S169,Tulluru,16.52,80.58,1.15,19.32,Rainy,29,Thursday,0,Main Road,High,30,25,60,2,13,17.3,11:38
3399,B010,R019,S191,Tulluru,16.52,80.58,4.33,27.89,Cloudy,25,Tuesday,0,Village Road,Low,29,5,60,2,1,12.0,11:39
3400,B004,R014,S127,Guntur,16.3067,80.4365,2.33,30.04,Sunny,40,Monday,1,Main Road,Medium,33,33,60,3,4,11.2,12:40
3401,B008,R008,S181,Prathipadu,16.48,80.32,5.27,7.83,Cloudy,32,Friday,0,Highway,Medium,58,20,60,2,5,12.5,12:41
3402,B010,R012,S179,Tenali,16.239,80.645,3.34,8.37,Rainy,22,Wednesday,0,Main Road,Medium,41,41,60,2,9,15.9,12:42
3403,B003,R018,S167,Ponnur,16.065,80.551,6.24,19.11,Cloudy,26,Wednesday,1,Highway,Low,59,29,60,2,1,9.3,12:43
3404,B015,R008,S037,Vaddeswaram,16.49,80.61,3.5,21.44,Cloudy,27,Tuesday,0,Highway,Low,48,13,60,3,1,8.4,12:44
3405,B006,R011,S065,Ponnur,16.065,80.551,7.89,24.58,Cloudy,25,Wednesday,1,Highway,Low,58,13,60,1,1,10.2,12:45
3406,B014,R010,S055,Vaddeswaram,16.49,80.61,5.2,13.53,Cloudy,30,Wednesday,0,Village Road,Medium,29,5,60,4,5,19.8,12:46
3407,B005,R009,S077,Pedakakani,16.285,80.49,5.78,11.26,Sunny,30,Saturday,0,Main Road,Low,31,22,60,2,0,13.2,12:47
3408,B016,R005,S184,Pedakakani,16.285,80.49,6.23,25.79,Sunny,39,Monday,1,Highway,Medium,56,47,60,3,4,13.7,12:48
3409,B006,R001,S077,Namburu,16.36,80.52,3.29,24.69,Sunny,28,Saturday,1,Highway,Low,58,33,60,2,0,5.4,12:49
3410,B006,R017,S194,Mangalagiri,16.4303,80.5681,2.83,10.34,Sunny,29,Monday,1,Main Road,High,45,53,60,3,8,14.8,12:50
3411,B006,R002,S149,Prathipadu,16.48,80.32,2.06,23.8,Rainy,26,Wednesday,0,Main Road,Medium,31,45,60,2,9,15.0,12:51
3412,B006,R016,S200,Mangalagiri,16.4303,80.5681,5.37,25.73,Sunny,40,Tuesday,0,Highway,Medium,53,15,60,1,4,11.1,12:52
3413,B019,R019,S132,Pedakakani,16.285,80.49,4.25,21.09,Rainy,38,Tuesday,1,Highway,Medium,45,55,60,4,9,18.7,12:53
3414,B018,R001,S167,Tulluru,16.52,80.58,3.9,4.92,Sunny,36,Thursday,0,Main Road,Low,36,5,60,1,0,7.5,12:54
3415,B013,R001,S130,Tenali,16.239,80.645,6.47,7.95,Sunny,38,Friday,1,Main Road,Low,45,57,60,3,0,11.6,12:55
3416,B013,R002,S006,Tulluru,16.52,80.58,7.61,10.14,Cloudy,40,Friday,1,Highway,Low,46,49,60,4,1,14.9,12:56
3417,B017,R016,S064,Ponnur,16.065,80.551,1.59,31.36,Sunny,37,Tuesday,1,Main Road,High,33,44,60,3,8,13.9,12:57
3418,B019,R015,S139,Guntur,16.3067,80.4365,4.44,20.07,Rainy,35,Saturday,1,Village Road,Low,31,9,60,2,5,15.6,12:58
3419,B002,R002,S120,Pedakakani,16.285,80.49,6.58,9.03,Sunny,24,Friday,0,Main Road,Medium,40,52,60,4,4,17.9,12:59
3420,B006,R007,S069,Guntur,16.3067,80.4365,6.67,33.75,Sunny,22,Wednesday,0,Main Road,Medium,37,28,60,4,4,18.8,12:00
3421,B018,R015,S015,Pedakakani,16.285,80.49,6.69,10.0,Sunny,34,Monday,0,Main Road,Medium,43,26,60,2,4,15.3,12:01
3422,B020,R005,S186,Ponnur,16.065,80.551,6.27,24.89,Sunny,34,Wednesday,1,Highway,Low,48,12,60,1,0,8.8,12:02
3423,B009,R001,S196,Namburu,16.36,80.52,3.0,6.6,Sunny,22,Saturday,0,Main Road,Low,42,41,60,4,0,8.3,12:03
3424,B008,R006,S099,Vaddeswaram,16.49,80.61,7.26,14.7,Sunny,33,Wednesday,1,Highway,Low,48,10,60,3,0,12.1,12:04
3425,B012,R010,S062,Vaddeswaram,16.49,80.61,5.51,15.42,Foggy,34,Friday,0,Main Road,Low,45,46,60,1,4,12.3,12:05
3426,B002,R001,S107,Tenali,16.239,80.645,7.82,16.33,Cloudy,40,Wednesday,1,Main Road,Low,36,44,60,1,1,15.0,12:06
3427,B010,R001,S196,Vaddeswaram,16.49,80.61,1.42,15.54,Sunny,29,Saturday,0,Highway,High,51,33,60,4,8,13.7,12:07
3428,B015,R020,S097,Pedakakani,16.285,80.49,0.95,4.41,Sunny,33,Monday,0,Highway,Low,45,56,60,1,0,2.3,12:08
3429,B018,R007,S153,Pedakakani,16.285,80.49,2.35,17.31,Sunny,28,Monday,1,Main Road,Medium,42,60,60,3,4,10.4,12:09
3430,B017,R018,S132,Prathipadu,16.48,80.32,2.64,16.51,Rainy,25,Monday,1,Main Road,Medium,38,45,60,4,9,17.2,12:10
3431,B017,R004,S119,Vaddeswaram,16.49,80.61,1.38,15.31,Sunny,35,Tuesday,0,Village Road,Medium,19,50,60,4,4,12.4,12:11
3432,B018,R001,S116,Tadikonda,16.405,80.643,1.99,15.19,Rainy,38,Wednesday,1,Main Road,Medium,32,13,60,1,9,13.7,12:12
3433,B014,R011,S128,Ponnur,16.065,80.551,2.63,22.38,Foggy,24,Tuesday,1,Main Road,Low,30,21,60,4,4,13.3,12:13
3434,B003,R009,S008,Ponnur,16.065,80.551,1.43,13.16,Rainy,40,Monday,1,Village Road,Low,29,24,60,1,5,9.0,12:14
3435,B007,R019,S173,Ponnur,16.065,80.551,1.84,5.13,Cloudy,23,Thursday,1,Main Road,Low,35,29,60,4,1,8.2,12:15
3436,B016,R019,S152,Prathipadu,16.48,80.32,2.11,31.13,Rainy,37,Monday,1,Main Road,Low,38,27,60,3,5,11.3,12:16
3437,B011,R002,S173,Vaddeswaram,16.49,80.61,6.25,30.12,Sunny,35,Saturday,0,Highway,Medium,49,60,60,2,4,13.7,12:17
3438,B012,R006,S108,Mangalagiri,16.4303,80.5681,6.3,18.85,Rainy,22,Monday,1,Main Road,Low,44,45,60,2,5,15.6,12:18
3439,B004,R007,S086,Namburu,16.36,80.52,4.44,29.58,Rainy,30,Tuesday,1,Highway,Low,58,59,60,4,5,13.6,12:19
3440,B006,R011,S176,Guntur,16.3067,80.4365,5.45,30.88,Rainy,29,Monday,1,Highway,Medium,49,58,60,1,9,16.7,12:20
3441,B008,R004,S195,Prathipadu,16.48,80.32,1.48,29.2,Rainy,24,Wednesday,1,Main Road,High,30,23,60,2,13,18.0,12:21
3442,B018,R008,S061,Vaddeswaram,16.49,80.61,7.15,17.33,Rainy,34,Wednesday,0,Main Road,Medium,35,12,60,3,9,24.3,12:22
3443,B002,R007,S034,Pedakakani,16.285,80.49,7.65,21.65,Sunny,27,Monday,1,Highway,Low,58,53,60,2,0,9.9,12:23
3444,B011,R016,S068,Vaddeswaram,16.49,80.61,1.49,6.17,Rainy,24,Tuesday,1,Village Road,High,18,11,60,3,13,21.0,12:24
3445,B009,R011,S162,Tadikonda,16.405,80.643,0.91,20.45,Cloudy,33,Thursday,1,Highway,Medium,51,52,60,3,5,9.1,12:25
3446,B002,R008,S079,Prathipadu,16.48,80.32,2.25,15.79,Sunny,33,Saturday,1,Village Road,Low,29,49,60,2,0,6.7,12:26
3447,B001,R002,S034,Ponnur,16.065,80.551,3.28,29.16,Rainy,27,Wednesday,0,Highway,Medium,59,13,60,2,9,14.3,12:27
3448,B012,R003,S154,Tenali,16.239,80.645,7.94,17.27,Cloudy,36,Saturday,0,Village Road,High,30,9,60,2,9,26.9,12:28
3449,B002,R014,S121,Mangalagiri,16.4303,80.5681,6.21,6.47,Cloudy,35,Saturday,1,Highway,Medium,49,13,60,2,5,14.6,12:29
3450,B003,R002,S157,Guntur,16.3067,80.4365,7.43,32.48,Sunny,25,Monday,1,Main Road,High,32,30,60,1,8,22.9,12:30
3451,B012,R003,S006,Guntur,16.3067,80.4365,3.04,13.25,Sunny,28,Friday,1,Highway,Low,55,18,60,4,0,7.3,12:31
3452,B020,R001,S043,Namburu,16.36,80.52,6.36,29.73,Cloudy,32,Tuesday,0,Main Road,Low,34,24,60,2,1,14.2,12:32
3453,B011,R010,S055,Ponnur,16.065,80.551,5.11,26.86,Sunny,40,Wednesday,0,Main Road,Medium,45,40,60,4,4,14.8,12:33
3454,B015,R009,S149,Tulluru,16.52,80.58,2.0,21.69,Cloudy,24,Monday,1,Highway,Low,58,7,60,3,1,6.1,12:34
3455,B019,R010,S072,Vaddeswaram,16.49,80.61,1.94,6.84,Sunny,36,Saturday,1,Main Road,Medium,33,39,60,3,4,10.5,12:35
3456,B015,R005,S159,Ponnur,16.065,80.551,7.79,10.2,Sunny,40,Monday,1,Main Road,Low,39,13,60,3,0,15.0,12:36
3457,B015,R013,S073,Prathipadu,16.48,80.32,2.26,19.64,Rainy,34,Monday,0,Village Road,Low,25,18,60,2,5,12.4,12:37
3458,B006,R001,S106,Tulluru,16.52,80.58,7.25,28.98,Rainy,36,Thursday,0,Main Road,Medium,41,8,60,4,9,23.6,12:38
3459,B006,R002,S183,Tulluru,16.52,80.58,6.94,25.3,Sunny,37,Wednesday,0,Village Road,Low,25,41,60,4,0,20.7,12:39
3460,B011,R001,S114,Mangalagiri,16.4303,80.5681,7.51,23.02,Rainy,29,Friday,1,Village Road,Medium,35,39,60,2,9,23.9,12:40
3461,B015,R017,S086,Pedakakani,16.285,80.49,4.47,14.84,Sunny,34,Saturday,1,Main Road,Medium,31,15,60,2,4,14.7,12:41
3462,B010,R009,S093,Mangalagiri,16.4303,80.5681,7.1,12.41,Cloudy,35,Wednesday,0,Main Road,Low,35,50,60,1,1,14.2,12:42
3463,B018,R009,S083,Ponnur,16.065,80.551,5.48,7.57,Cloudy,32,Wednesday,1,Main Road,Low,40,56,60,2,1,11.2,12:43
3464,B018,R004,S053,Guntur,16.3067,80.4365,7.33,36.55,Cloudy,24,Tuesday,0,Highway,Medium,49,27,60,3,5,17.0,12:44
3465,B003,R016,S110,Tulluru,16.52,80.58,5.51,11.07,Sunny,35,Friday,1,Main Road,Medium,30,7,60,3,4,18.0,12:45
3466,B001,R020,S170,Prathipadu,16.48,80.32,1.99,23.21,Sunny,37,Thursday,0,Village Road,Medium,35,25,60,1,4,8.4,12:46
3467,B003,R007,S094,Ponnur,16.065,80.551,5.59,23.52,Cloudy,32,Tuesday,0,Main Road,Medium,35,12,60,2,5,16.6,12:47
3468,B016,R011,S112,Tadikonda,16.405,80.643,6.05,17.72,Sunny,31,Wednesday,0,Main Road,Medium,36,18,60,4,4,18.1,12:48
3469,B006,R001,S089,Mangalagiri,16.4303,80.5681,1.33,23.14,Sunny,33,Wednesday,0,Main Road,High,35,15,60,4,8,14.3,12:49
3470,B001,R012,S134,Mangalagiri,16.4303,80.5681,0.81,12.44,Sunny,28,Saturday,1,Main Road,High,41,8,60,3,8,12.2,12:50
3471,B013,R017,S149,Namburu,16.36,80.52,6.51,31.3,Cloudy,38,Monday,0,Highway,Medium,54,6,60,4,5,16.2,12:51
3472,B007,R014,S027,Prathipadu,16.48,80.32,3.28,31.93,Sunny,30,Monday,1,Main Road,Medium,35,58,60,2,4,11.6,12:52
3473,B002,R006,S167,Tenali,16.239,80.645,4.38,12.2,Sunny,31,Monday,1,Main Road,Low,44,41,60,3,0,9.0,12:53
3474,B012,R020,S007,Tulluru,16.52,80.58,4.49,6.99,Cloudy,33,Wednesday,0,Village Road,High,35,57,60,1,9,17.7,12:54
3475,B017,R017,S119,Ponnur,16.065,80.551,3.02,26.05,Sunny,37,Friday,1,Main Road,Medium,39,59,60,1,4,9.6,12:55
3476,B003,R013,S142,Mangalagiri,16.4303,80.5681,5.06,33.11,Cloudy,38,Wednesday,0,Main Road,Low,35,24,60,1,1,10.7,12:56
3477,B010,R004,S081,Namburu,16.36,80.52,6.42,27.17,Sunny,40,Tuesday,1,Village Road,High,18,13,60,1,8,30.4,12:57
3478,B013,R015,S143,Namburu,16.36,80.52,2.8,15.8,Sunny,32,Thursday,0,Village Road,Low,32,48,60,4,0,9.2,12:58
3479,B019,R012,S036,Namburu,16.36,80.52,1.29,30.79,Foggy,31,Monday,1,Highway,Low,54,12,60,3,4,8.4,12:59
3480,B006,R011,S023,Prathipadu,16.48,80.32,1.98,14.18,Cloudy,22,Monday,0,Main Road,Low,45,6,60,2,1,5.6,12:00
3481,B005,R002,S021,Tadikonda,16.405,80.643,4.92,28.11,Sunny,36,Wednesday,1,Main Road,Low,33,21,60,1,0,9.9,12:01
3482,B017,R002,S048,Vaddeswaram,16.49,80.61,1.49,19.13,Rainy,24,Tuesday,1,Highway,High,55,25,60,2,13,16.6,12:02
3483,B015,R009,S188,Vaddeswaram,16.49,80.61,7.77,30.25,Sunny,28,Thursday,1,Highway,Low,60,15,60,3,0,10.8,12:03
3484,B013,R013,S112,Pedakakani,16.285,80.49,7.62,19.21,Cloudy,26,Monday,1,Main Road,High,44,54,60,3,9,22.4,12:04
3485,B017,R014,S178,Tadikonda,16.405,80.643,5.85,27.46,Sunny,29,Tuesday,1,Main Road,Medium,34,53,60,1,4,15.3,12:05
3486,B013,R020,S129,Ponnur,16.065,80.551,4.75,21.84,Cloudy,23,Tuesday,1,Main Road,Medium,41,22,60,3,5,15.0,12:06
3487,B020,R010,S028,Guntur,16.3067,80.4365,2.24,23.01,Cloudy,31,Thursday,0,Village Road,Medium,34,21,60,3,5,12.0,12:07
3488,B014,R001,S139,Ponnur,16.065,80.551,7.25,26.24,Rainy,26,Tuesday,0,Main Road,Low,41,5,60,1,5,16.6,12:08
3489,B014,R011,S162,Guntur,16.3067,80.4365,0.86,20.0,Cloudy,32,Tuesday,0,Highway,Medium,50,44,60,3,5,9.0,12:09
3490,B018,R007,S199,Tadikonda,16.405,80.643,4.5,7.6,Sunny,27,Saturday,0,Highway,Medium,50,19,60,3,4,12.4,12:10
3491,B017,R007,S143,Tadikonda,16.405,80.643,1.79,3.93,Sunny,38,Saturday,0,Main Road,Medium,39,21,60,1,4,7.8,12:11
3492,B014,R013,S031,Vaddeswaram,16.49,80.61,2.35,31.02,Cloudy,40,Friday,1,Main Road,Low,35,10,60,3,1,8.0,12:12
3493,B011,R006,S021,Guntur,16.3067,80.4365,1.86,29.33,Cloudy,30,Wednesday,1,Main Road,Low,42,57,60,4,1,7.7,12:13
3494,B009,R009,S043,Ponnur,16.065,80.551,1.0,2.54,Cloudy,27,Saturday,1,Main Road,Low,34,44,60,4,1,6.8,12:14
3495,B009,R008,S038,Namburu,16.36,80.52,4.51,28.68,Cloudy,23,Monday,1,Main Road,Medium,45,47,60,4,5,15.0,12:15
3496,B017,R012,S149,Guntur,16.3067,80.4365,4.31,32.96,Sunny,38,Thursday,1,Village Road,Medium,32,10,60,3,4,15.1,12:16
3497,B006,R008,S137,Pedakakani,16.285,80.49,3.19,9.86,Rainy,40,Wednesday,0,Main Road,Low,37,25,60,1,5,11.2,12:17
3498,B005,R002,S119,Prathipadu,16.48,80.32,6.29,34.85,Rainy,34,Tuesday,1,Main Road,Low,44,39,60,1,5,14.6,12:18
3499,B008,R015,S039,Guntur,16.3067,80.4365,2.69,6.67,Sunny,23,Monday,1,Village Road,Medium,23,59,60,4,4,15.0,12:19
3500,B012,R004,S012,Guntur,16.3067,80.4365,3.2,14.94,Sunny,35,Thursday,1,Highway,Medium,59,60,60,2,4,9.3,13:20
3501,B008,R001,S043,Ponnur,16.065,80.551,5.85,20.5,Rainy,31,Friday,0,Main Road,Medium,45,19,60,1,9,17.8,13:21
3502,B011,R001,S051,Guntur,16.3067,80.4365,2.98,29.93,Foggy,28,Monday,0,Village Road,Medium,25,37,60,3,8,18.2,13:22
3503,B019,R012,S178,Guntur,16.3067,80.4365,1.56,29.21,Sunny,22,Wednesday,0,Highway,Medium,56,54,60,2,4,7.7,13:23
3504,B017,R002,S160,Tulluru,16.52,80.58,1.79,7.11,Rainy,40,Tuesday,0,Main Road,Medium,44,56,60,4,9,15.4,13:24
3505,B018,R014,S051,Tulluru,16.52,80.58,5.33,17.92,Foggy,23,Tuesday,0,Village Road,Low,21,59,60,4,4,23.2,13:25
3506,B009,R009,S071,Prathipadu,16.48,80.32,1.08,20.55,Rainy,40,Monday,0,Main Road,Medium,42,39,60,4,9,14.5,13:26
3507,B008,R001,S189,Pedakakani,16.285,80.49,5.62,18.83,Sunny,25,Friday,0,Highway,High,48,38,60,4,8,19.0,13:27
3508,B016,R012,S041,Namburu,16.36,80.52,0.92,5.76,Rainy,25,Saturday,1,Highway,Medium,54,58,60,2,9,12.0,13:28
3509,B013,R008,S139,Tadikonda,16.405,80.643,7.03,28.06,Sunny,27,Thursday,1,Main Road,Low,37,33,60,4,0,15.4,13:29
3510,B001,R012,S049,Pedakakani,16.285,80.49,3.97,7.26,Cloudy,31,Thursday,1,Village Road,Medium,32,45,60,4,5,16.4,13:30
3511,B004,R014,S178,Namburu,16.36,80.52,2.47,23.19,Sunny,31,Thursday,0,Main Road,Medium,42,44,60,4,4,11.5,13:31
3512,B018,R003,S022,Tadikonda,16.405,80.643,3.61,4.19,Rainy,22,Monday,0,Main Road,Low,45,35,60,1,5,10.8,13:32
3513,B007,R006,S048,Namburu,16.36,80.52,2.26,21.44,Cloudy,32,Monday,0,Main Road,Low,35,44,60,1,1,5.9,13:33
3514,B010,R010,S124,Tenali,16.239,80.645,7.8,15.55,Sunny,27,Thursday,1,Main Road,Low,35,50,60,3,0,16.4,13:34
3515,B010,R001,S105,Tulluru,16.52,80.58,6.68,28.55,Rainy,34,Friday,1,Village Road,Medium,32,33,60,4,9,25.5,13:35
3516,B007,R015,S097,Tulluru,16.52,80.58,5.7,16.98,Sunny,24,Friday,0,Village Road,Low,18,25,60,2,0,21.0,13:36
3517,B006,R017,S020,Tulluru,16.52,80.58,4.34,30.13,Sunny,27,Monday,0,Village Road,Medium,35,30,60,1,4,12.4,13:37
3518,B011,R004,S156,Tenali,16.239,80.645,4.24,5.25,Sunny,28,Tuesday,1,Main Road,High,41,31,60,2,8,16.2,13:38
3519,B001,R004,S043,Tadikonda,16.405,80.643,4.31,9.81,Rainy,33,Saturday,0,Village Road,Medium,25,8,60,3,9,22.3,13:39
3520,B020,R013,S169,Guntur,16.3067,80.4365,4.69,19.7,Sunny,35,Thursday,1,Main Road,Medium,31,37,60,4,4,17.1,13:40
3521,B012,R003,S055,Tenali,16.239,80.645,5.1,13.09,Sunny,37,Thursday,1,Highway,Medium,48,38,60,4,4,14.4,13:41
3522,B003,R020,S040,Mangalagiri,16.4303,80.5681,4.86,30.6,Cloudy,22,Friday,1,Main Road,High,42,44,60,3,9,18.9,13:42
3523,B019,R007,S178,Prathipadu,16.48,80.32,1.08,29.16,Rainy,30,Monday,0,Main Road,Medium,32,8,60,3,9,14.0,13:43
3524,B002,R005,S045,Namburu,16.36,80.52,1.99,27.9,Sunny,32,Friday,0,Main Road,High,44,50,60,3,8,13.7,13:44
3525,B011,R001,S064,Mangalagiri,16.4303,80.5681,3.48,29.89,Cloudy,22,Thursday,1,Main Road,Medium,45,39,60,3,5,12.6,13:45
3526,B019,R001,S114,Tadikonda,16.405,80.643,1.87,20.43,Sunny,32,Monday,1,Main Road,Medium,45,17,60,2,4,8.5,13:46
3527,B015,R007,S120,Vaddeswaram,16.49,80.61,6.23,24.88,Cloudy,26,Tuesday,0,Highway,Low,58,36,60,1,1,8.4,13:47
3528,B006,R020,S021,Prathipadu,16.48,80.32,1.3,20.33,Sunny,33,Thursday,1,Main Road,Medium,36,6,60,1,4,7.2,13:48
3529,B011,R013,S009,Pedakakani,16.285,80.49,7.86,16.0,Sunny,26,Tuesday,0,Village Road,Low,20,27,60,2,0,25.6,13:49
3530,B012,R018,S065,Mangalagiri,16.4303,80.5681,5.37,11.05,Rainy,34,Monday,1,Highway,Medium,60,5,60,1,9,15.4,13:50
3531,B002,R018,S173,Ponnur,16.065,80.551,5.16,7.57,Rainy,30,Wednesday,1,Main Road,Low,45,17,60,1,5,12.9,13:51
3532,B012,R011,S130,Mangalagiri,16.4303,80.5681,1.55,6.94,Cloudy,32,Tuesday,1,Village Road,Low,30,42,60,4,1,8.1,13:52
3533,B010,R010,S181,Tulluru,16.52,80.58,4.51,5.8,Sunny,37,Tuesday,0,Main Road,Medium,43,10,60,4,4,14.3,13:53
3534,B002,R017,S198,Namburu,16.36,80.52,4.12,30.98,Sunny,32,Saturday,1,Main Road,High,39,40,60,4,8,18.3,13:54
3535,B012,R010,S022,Vaddeswaram,16.49,80.61,2.84,31.16,Sunny,24,Saturday,1,Main Road,Low,41,32,60,4,0,8.2,13:55
3536,B013,R020,S145,Pedakakani,16.285,80.49,7.5,17.83,Sunny,39,Monday,0,Highway,High,59,57,60,4,8,19.6,13:56
3537,B014,R002,S103,Pedakakani,16.285,80.49,4.82,12.47,Sunny,34,Saturday,1,Highway,Low,49,41,60,3,0,8.9,13:57
3538,B008,R003,S068,Tenali,16.239,80.645,3.17,27.78,Cloudy,40,Tuesday,0,Village Road,Low,28,27,60,2,1,9.8,13:58
3539,B016,R020,S115,Ponnur,16.065,80.551,7.57,31.77,Sunny,24,Monday,0,Main Road,Medium,35,6,60,3,4,20.0,13:59
3540,B015,R018,S004,Tadikonda,16.405,80.643,0.94,27.82,Sunny,38,Saturday,1,Village Road,Medium,19,55,60,1,4,8.0,13:00
3541,B020,R010,S196,Ponnur,16.065,80.551,7.66,28.5,Sunny,27,Wednesday,0,Main Road,Medium,42,53,60,2,4,16.9,13:01
3542,B016,R003,S152,Mangalagiri,16.4303,80.5681,3.45,17.15,Foggy,36,Thursday,1,Highway,High,48,12,60,2,12,18.3,13:02
3543,B002,R004,S113,Prathipadu,16.48,80.32,4.62,7.9,Rainy,36,Wednesday,1,Highway,Medium,49,30,60,4,9,18.7,13:03
3544,B004,R005,S053,Guntur,16.3067,80.4365,4.94,19.56,Sunny,29,Monday,1,Main Road,Low,42,59,60,2,0,9.1,13:04
3545,B015,R012,S027,Tenali,16.239,80.645,1.54,16.24,Sunny,31,Monday,1,Main Road,Low,42,22,60,2,0,4.2,13:05
3546,B007,R005,S114,Vaddeswaram,16.49,80.61,5.73,22.52,Sunny,38,Thursday,0,Village Road,High,34,15,60,4,8,22.1,13:06
3547,B003,R020,S172,Vaddeswaram,16.49,80.61,3.44,14.11,Sunny,40,Monday,1,Main Road,Medium,36,48,60,2,4,11.7,13:07
3548,B003,R019,S100,Tulluru,16.52,80.58,2.18,29.21,Sunny,33,Wednesday,1,Village Road,Medium,28,8,60,1,4,9.7,13:08
3549,B001,R005,S010,Pedakakani,16.285,80.49,5.68,23.3,Sunny,28,Friday,1,Village Road,Low,29,5,60,1,0,12.8,13:09
3550,B002,R010,S105,Namburu,16.36,80.52,7.59,9.59,Sunny,39,Thursday,1,Highway,High,58,27,60,1,8,16.9,13:10
3551,B017,R013,S037,Tadikonda,16.405,80.643,3.91,12.9,Rainy,27,Tuesday,0,Highway,Low,46,52,60,4,5,14.1,13:11
3552,B020,R007,S179,Pedakakani,16.285,80.49,1.44,11.86,Sunny,35,Friday,0,Village Road,High,32,34,60,2,8,12.7,13:12
3553,B018,R019,S171,Guntur,16.3067,80.4365,5.95,15.98,Rainy,32,Monday,1,Village Road,Medium,22,28,60,2,9,27.2,13:13
3554,B013,R005,S119,Tadikonda,16.405,80.643,1.09,16.72,Cloudy,29,Tuesday,1,Highway,Medium,59,26,60,4,5,10.1,13:14
3555,B005,R011,S015,Tenali,16.239,80.645,4.82,9.5,Rainy,35,Tuesday,1,Main Road,High,39,38,60,2,13,22.4,13:15
3556,B001,R008,S136,Tenali,16.239,80.645,1.31,28.18,Sunny,23,Friday,1,Main Road,Medium,37,52,60,3,4,9.1,13:16
3557,B001,R009,S194,Ponnur,16.065,80.551,1.24,18.78,Sunny,30,Tuesday,0,Village Road,Low,23,7,60,1,0,4.2,13:17
3558,B013,R017,S075,Pedakakani,16.285,80.49,1.1,18.5,Sunny,38,Thursday,1,Village Road,Medium,26,25,60,4,4,10.5,13:18
3559,B012,R014,S197,Vaddeswaram,16.49,80.61,2.13,16.06,Sunny,31,Wednesday,0,Main Road,Low,35,42,60,3,0,6.7,13:19
3560,B010,R020,S072,Tadikonda,16.405,80.643,5.14,9.53,Cloudy,26,Tuesday,0,Main Road,Low,30,10,60,4,1,15.3,13:20
3561,B010,R006,S192,Prathipadu,16.48,80.32,4.47,7.54,Cloudy,22,Saturday,0,Main Road,Low,35,47,60,1,1,9.7,13:21
3562,B007,R013,S038,Pedakakani,16.285,80.49,1.67,9.27,Sunny,29,Monday,1,Main Road,Low,44,26,60,4,0,6.3,13:22
3563,B011,R018,S092,Pedakakani,16.285,80.49,7.37,36.85,Sunny,38,Tuesday,1,Main Road,Medium,36,56,60,4,4,20.3,13:23
3564,B008,R016,S193,Prathipadu,16.48,80.32,3.29,22.39,Sunny,38,Wednesday,0,Village Road,Medium,20,22,60,1,4,14.9,13:24
3565,B011,R013,S021,Ponnur,16.065,80.551,4.63,16.92,Sunny,25,Saturday,1,Main Road,Medium,36,54,60,1,4,12.7,13:25
3566,B020,R013,S027,Pedakakani,16.285,80.49,7.5,31.7,Sunny,24,Wednesday,0,Main Road,Medium,31,9,60,4,4,22.5,13:26
3567,B004,R012,S195,Namburu,16.36,80.52,7.31,32.02,Rainy,34,Tuesday,1,Highway,Medium,59,16,60,2,9,18.4,13:27
3568,B009,R008,S086,Guntur,16.3067,80.4365,3.71,26.76,Cloudy,26,Thursday,0,Main Road,Medium,32,52,60,3,5,15.0,13:28
3569,B004,R002,S179,Mangalagiri,16.4303,80.5681,4.99,5.03,Sunny,37,Tuesday,0,Main Road,Low,44,26,60,4,0,10.8,13:29
3570,B011,R014,S183,Namburu,16.36,80.52,2.53,3.6,Rainy,30,Tuesday,0,Main Road,High,33,33,60,1,13,18.6,13:30
3571,B017,R013,S196,Tadikonda,16.405,80.643,6.85,18.7,Sunny,36,Monday,0,Village Road,Medium,26,41,60,1,4,20.8,13:31
3572,B018,R004,S057,Vaddeswaram,16.49,80.61,5.71,14.74,Cloudy,25,Tuesday,1,Main Road,Low,41,23,60,1,1,10.4,13:32
3573,B009,R001,S116,Namburu,16.36,80.52,6.73,13.81,Rainy,35,Wednesday,1,Highway,Medium,60,12,60,3,9,18.7,13:33
3574,B008,R020,S073,Vaddeswaram,16.49,80.61,2.18,18.63,Sunny,39,Saturday,0,Village Road,Low,26,54,60,3,0,8.0,13:34
3575,B011,R018,S078,Namburu,16.36,80.52,6.92,28.8,Foggy,23,Tuesday,0,Village Road,Low,35,15,60,3,4,18.9,13:35
3576,B005,R011,S046,Namburu,16.36,80.52,1.49,31.0,Sunny,36,Friday,0,Village Road,Medium,22,53,60,4,4,12.1,13:36
3577,B003,R001,S195,Ponnur,16.065,80.551,5.93,23.59,Sunny,39,Tuesday,0,Main Road,Medium,41,31,60,2,4,14.7,13:37
3578,B012,R009,S048,Tenali,16.239,80.645,1.54,22.03,Sunny,29,Thursday,0,Village Road,Medium,33,26,60,4,4,10.8,13:38
3579,B006,R006,S086,Tenali,16.239,80.645,7.9,20.48,Cloudy,29,Wednesday,0,Main Road,Medium,34,16,60,2,5,20.9,13:39
3580,B008,R016,S003,Tadikonda,16.405,80.643,5.41,5.63,Sunny,32,Friday,1,Main Road,Low,38,48,60,1,0,9.5,13:40
3581,B002,R010,S004,Namburu,16.36,80.52,6.48,31.96,Cloudy,26,Tuesday,1,Village Road,High,23,13,60,1,9,26.9,13:41
3582,B002,R005,S025,Guntur,16.3067,80.4365,2.97,30.55,Sunny,32,Saturday,1,Highway,High,60,20,60,1,8,12.0,13:42
3583,B020,R003,S156,Vaddeswaram,16.49,80.61,5.41,11.07,Cloudy,40,Thursday,1,Highway,High,57,59,60,3,9,17.7,13:43
3584,B007,R016,S081,Mangalagiri,16.4303,80.5681,6.03,13.46,Sunny,40,Wednesday,0,Village Road,Low,28,39,60,4,0,16.9,13:44
3585,B020,R003,S025,Tenali,16.239,80.645,7.64,19.64,Sunny,32,Wednesday,0,Highway,Low,57,29,60,1,0,9.0,13:45
3586,B009,R002,S110,Vaddeswaram,16.49,80.61,6.24,26.56,Cloudy,33,Saturday,1,Highway,Low,59,36,60,1,1,8.3,13:46
3587,B015,R012,S058,Prathipadu,16.48,80.32,5.73,29.81,Foggy,33,Monday,0,Main Road,Medium,43,37,60,1,8,17.0,13:47
3588,B011,R004,S086,Tenali,16.239,80.645,6.72,13.2,Cloudy,39,Tuesday,0,Main Road,Low,43,50,60,4,1,14.4,13:48
3589,B014,R003,S043,Tenali,16.239,80.645,1.06,18.09,Foggy,30,Friday,0,Village Road,Medium,30,19,60,3,8,13.1,13:49
3590,B017,R019,S039,Ponnur,16.065,80.551,6.55,31.85,Cloudy,33,Saturday,0,Main Road,Medium,42,59,60,2,5,16.4,13:50
3591,B017,R008,S022,Tulluru,16.52,80.58,7.68,30.29,Cloudy,24,Saturday,1,Highway,Medium,54,49,60,1,5,14.5,13:51
3592,B001,R015,S017,Vaddeswaram,16.49,80.61,4.57,17.67,Sunny,39,Monday,0,Main Road,Medium,38,30,60,2,4,13.2,13:52
3593,B002,R004,S088,Tulluru,16.52,80.58,6.22,21.16,Sunny,29,Saturday,1,Main Road,High,34,22,60,4,8,23.0,13:53
3594,B004,R004,S124,Guntur,16.3067,80.4365,5.0,30.67,Sunny,31,Tuesday,1,Main Road,Medium,32,10,60,3,4,16.4,13:54
3595,B017,R019,S165,Ponnur,16.065,80.551,2.94,5.4,Sunny,28,Saturday,1,Highway,Low,59,6,60,3,0,6.0,13:55
3596,B002,R001,S080,Vaddeswaram,16.49,80.61,5.72,12.43,Cloudy,40,Tuesday,1,Highway,Low,52,30,60,1,1,8.6,13:56
3597,B006,R013,S199,Guntur,16.3067,80.4365,5.31,13.1,Cloudy,29,Monday,1,Village Road,Medium,35,8,60,4,5,18.1,13:57
3598,B015,R020,S005,Vaddeswaram,16.49,80.61,6.85,14.91,Sunny,28,Wednesday,1,Highway,Medium,58,47,60,3,4,14.1,13:58
3599,B018,R017,S125,Guntur,16.3067,80.4365,6.17,22.02,Sunny,34,Friday,0,Village Road,Low,22,39,60,3,0,19.8,13:59
3600,B016,R002,S181,Prathipadu,16.48,80.32,1.38,8.52,Sunny,34,Tuesday,1,Main Road,Medium,32,14,60,2,4,8.6,14:00
3601,B002,R011,S121,Tenali,16.239,80.645,3.55,6.88,Foggy,25,Thursday,0,Main Road,High,38,58,60,4,12,21.6,14:01
3602,B009,R014,S031,Tulluru,16.52,80.58,4.43,33.35,Sunny,30,Thursday,1,Main Road,Medium,41,37,60,4,4,14.5,14:02
3603,B015,R015,S135,Tenali,16.239,80.645,1.68,25.86,Cloudy,32,Tuesday,0,Village Road,Medium,19,24,60,4,5,14.3,14:03
3604,B005,R013,S188,Tulluru,16.52,80.58,1.1,20.34,Rainy,22,Tuesday,1,Main Road,High,36,12,60,2,13,16.8,14:04
3605,B015,R003,S120,Pedakakani,16.285,80.49,7.03,23.08,Cloudy,24,Friday,1,Village Road,Medium,24,25,60,2,5,24.6,14:05
3606,B011,R010,S084,Vaddeswaram,16.49,80.61,7.68,31.17,Sunny,34,Wednesday,1,Village Road,Medium,27,29,60,4,4,25.1,14:06
3607,B005,R006,S054,Tenali,16.239,80.645,7.82,24.38,Sunny,23,Wednesday,0,Main Road,Medium,42,11,60,2,4,17.2,14:07
3608,B002,R003,S045,Guntur,16.3067,80.4365,5.43,18.81,Cloudy,29,Tuesday,1,Main Road,High,30,54,60,4,9,23.9,14:08
3609,B019,R020,S034,Namburu,16.36,80.52,5.9,16.31,Sunny,26,Monday,0,Village Road,Low,33,19,60,2,0,12.7,14:09
3610,B016,R010,S155,Tenali,16.239,80.645,7.15,28.55,Rainy,24,Monday,0,Main Road,Medium,40,43,60,1,9,20.7,14:10
3611,B018,R008,S023,Tadikonda,16.405,80.643,6.19,24.89,Sunny,29,Friday,0,Main Road,Medium,43,49,60,4,4,16.6,14:11
3612,B013,R003,S077,Guntur,16.3067,80.4365,2.22,9.28,Sunny,23,Wednesday,1,Village Road,Medium,35,48,60,2,4,9.8,14:12
3613,B003,R001,S102,Prathipadu,16.48,80.32,1.43,21.52,Sunny,31,Saturday,0,Highway,Low,54,56,60,1,0,2.6,14:13
3614,B005,R002,S017,Tulluru,16.52,80.58,6.15,23.53,Sunny,23,Saturday,0,Highway,High,52,5,60,2,8,17.1,14:14
3615,B020,R010,S069,Namburu,16.36,80.52,2.96,25.17,Rainy,25,Monday,0,Highway,Medium,49,24,60,1,9,13.6,14:15
3616,B017,R011,S141,Ponnur,16.065,80.551,2.9,10.9,Sunny,30,Thursday,1,Main Road,Medium,37,7,60,4,4,12.7,14:16
3617,B001,R010,S165,Tadikonda,16.405,80.643,1.2,3.17,Sunny,29,Saturday,1,Main Road,Medium,36,54,60,1,4,7.0,14:17
3618,B005,R012,S012,Tulluru,16.52,80.58,7.28,8.12,Sunny,32,Friday,1,Village Road,Medium,27,18,60,3,4,23.2,14:18
3619,B015,R014,S173,Mangalagiri,16.4303,80.5681,6.84,15.64,Rainy,39,Friday,1,Highway,High,57,10,60,4,13,24.2,14:19
3620,B012,R018,S161,Namburu,16.36,80.52,1.7,27.76,Rainy,24,Monday,0,Village Road,Low,31,49,60,4,5,12.3,14:20
3621,B004,R016,S106,Ponnur,16.065,80.551,7.43,26.49,Sunny,39,Tuesday,1,Highway,Low,45,12,60,1,0,10.9,14:21
3622,B019,R001,S096,Pedakakani,16.285,80.49,5.18,17.68,Sunny,23,Friday,1,Village Road,Low,27,46,60,4,0,15.5,14:22
3623,B001,R017,S113,Tulluru,16.52,80.58,7.38,11.15,Sunny,39,Friday,1,Village Road,Low,18,26,60,2,0,26.6,14:23
3624,B018,R002,S045,Tadikonda,16.405,80.643,7.08,15.95,Cloudy,24,Monday,0,Main Road,Low,35,35,60,3,1,16.1,14:24
3625,B014,R006,S120,Namburu,16.36,80.52,3.09,7.27,Rainy,31,Saturday,0,Highway,Low,49,52,60,1,5,9.8,14:25
3626,B010,R008,S088,Pedakakani,16.285,80.49,4.45,16.24,Sunny,30,Tuesday,1,Main Road,Low,36,42,60,1,0,8.4,14:26
3627,B008,R007,S060,Mangalagiri,16.4303,80.5681,5.58,19.16,Sunny,23,Wednesday,0,Village Road,Low,29,18,60,3,0,14.5,14:27
3628,B014,R005,S155,Guntur,16.3067,80.4365,1.65,21.53,Sunny,26,Wednesday,0,Main Road,High,32,51,60,1,8,12.1,14:28
3629,B020,R007,S179,Tulluru,16.52,80.58,6.37,19.67,Sunny,38,Thursday,1,Village Road,Low,26,26,60,2,0,16.7,14:29
3630,B016,R019,S179,Prathipadu,16.48,80.32,7.22,7.51,Sunny,26,Thursday,1,Village Road,Medium,23,9,60,3,4,25.8,14:30
3631,B009,R014,S030,Tenali,16.239,80.645,1.35,7.02,Rainy,27,Monday,0,Village Road,Low,28,51,60,1,5,8.9,14:31
3632,B002,R004,S189,Ponnur,16.065,80.551,0.93,14.42,Sunny,22,Friday,0,Highway,Medium,59,54,60,4,4,8.9,14:32
3633,B012,R008,S167,Mangalagiri,16.4303,80.5681,6.79,28.58,Sunny,29,Friday,1,Village Road,Medium,27,60,60,3,4,22.1,14:33
3634,B006,R009,S006,Pedakakani,16.285,80.49,6.68,34.75,Sunny,23,Monday,0,Main Road,Medium,40,25,60,2,4,16.0,14:34
3635,B009,R001,S172,Tulluru,16.52,80.58,2.44,3.59,Sunny,38,Friday,1,Highway,Low,55,28,60,4,0,6.7,14:35
3636,B014,R010,S047,Namburu,16.36,80.52,3.29,22.14,Sunny,25,Saturday,1,Village Road,High,25,42,60,2,8,17.9,14:36
3637,B015,R019,S048,Tadikonda,16.405,80.643,6.0,34.2,Rainy,37,Saturday,1,Village Road,Medium,30,44,60,4,9,25.0,14:37
3638,B001,R009,S091,Tenali,16.239,80.645,3.45,5.87,Sunny,28,Saturday,0,Main Road,High,30,5,60,4,8,18.9,14:38
3639,B017,R016,S075,Ponnur,16.065,80.551,7.31,24.18,Sunny,31,Tuesday,0,Main Road,Medium,33,48,60,4,4,21.3,14:39
3640,B002,R018,S028,Namburu,16.36,80.52,5.34,5.68,Sunny,22,Tuesday,0,Village Road,Medium,26,9,60,1,4,17.3,14:40
3641,B014,R007,S065,Mangalagiri,16.4303,80.5681,3.49,20.62,Sunny,38,Wednesday,1,Main Road,Medium,45,19,60,1,4,9.7,14:41
3642,B018,R005,S136,Guntur,16.3067,80.4365,7.8,34.57,Cloudy,39,Friday,0,Main Road,Low,38,30,60,2,1,15.3,14:42
3643,B016,R004,S079,Mangalagiri,16.4303,80.5681,5.73,21.79,Sunny,34,Tuesday,1,Main Road,Medium,32,26,60,2,4,16.7,14:43
3644,B006,R002,S054,Ponnur,16.065,80.551,6.68,13.12,Cloudy,27,Tuesday,0,Highway,High,54,53,60,4,9,20.4,14:44
3645,B001,R006,S098,Tadikonda,16.405,80.643,5.19,12.36,Sunny,33,Wednesday,1,Village Road,High,27,44,60,3,8,22.5,14:45
3646,B009,R018,S187,Tadikonda,16.405,80.643,5.99,13.43,Sunny,22,Wednesday,0,Main Road,Low,35,21,60,3,0,13.3,14:46
3647,B009,R016,S024,Tenali,16.239,80.645,4.31,27.53,Cloudy,39,Saturday,0,Main Road,Low,45,51,60,3,1,9.7,14:47
3648,B008,R007,S090,Tenali,16.239,80.645,3.73,30.24,Foggy,30,Thursday,0,Village Road,Medium,19,55,60,1,8,20.8,14:48
3649,B009,R004,S166,Tenali,16.239,80.645,3.3,27.96,Sunny,33,Thursday,1,Main Road,Medium,40,47,60,1,4,9.9,14:49
3650,B020,R014,S107,Mangalagiri,16.4303,80.5681,4.86,9.18,Rainy,33,Tuesday,1,Village Road,Medium,26,49,60,2,9,22.2,14:50
3651,B015,R009,S096,Mangalagiri,16.4303,80.5681,6.25,33.86,Sunny,35,Wednesday,0,Main Road,Medium,30,28,60,3,4,19.5,14:51
3652,B012,R008,S127,Guntur,16.3067,80.4365,6.79,30.73,Rainy,25,Tuesday,0,Main Road,Medium,37,23,60,2,9,22.0,14:52
3653,B018,R013,S056,Prathipadu,16.48,80.32,5.18,15.04,Sunny,26,Tuesday,0,Main Road,Low,31,8,60,2,0,12.0,14:53
3654,B008,R011,S037,Tadikonda,16.405,80.643,4.23,24.72,Sunny,25,Thursday,0,Main Road,Medium,45,38,60,4,4,13.6,14:54
3655,B009,R020,S177,Tenali,16.239,80.645,6.42,24.95,Cloudy,34,Wednesday,1,Main Road,Medium,44,56,60,2,5,15.8,14:55
3656,B014,R005,S106,Tulluru,16.52,80.58,7.05,11.96,Sunny,36,Monday,0,Village Road,Low,28,31,60,2,0,17.1,14:56
3657,B004,R015,S167,Namburu,16.36,80.52,5.0,17.37,Sunny,36,Wednesday,1,Highway,Medium,51,56,60,2,4,11.9,14:57
3658,B013,R019,S117,Mangalagiri,16.4303,80.5681,0.97,9.37,Sunny,25,Saturday,1,Main Road,Low,45,13,60,4,0,5.3,14:58
3659,B019,R017,S045,Namburu,16.36,80.52,5.54,7.04,Sunny,28,Saturday,0,Main Road,Medium,37,45,60,4,4,17.0,14:59
3660,B020,R006,S020,Vaddeswaram,16.49,80.61,4.33,10.47,Rainy,25,Friday,1,Main Road,Medium,45,40,60,2,9,16.8,14:00
3661,B012,R020,S119,Mangalagiri,16.4303,80.5681,4.24,10.84,Sunny,28,Wednesday,1,Village Road,Medium,34,54,60,1,4,12.5,14:01
3662,B019,R008,S166,Prathipadu,16.48,80.32,4.03,24.32,Cloudy,34,Saturday,0,Main Road,Medium,31,29,60,2,5,14.8,14:02
3663,B016,R015,S110,Prathipadu,16.48,80.32,4.9,21.09,Sunny,29,Friday,1,Village Road,High,22,29,60,4,8,25.4,14:03
3664,B009,R001,S167,Tenali,16.239,80.645,3.7,4.25,Sunny,39,Wednesday,0,Village Road,High,25,50,60,1,8,17.9,14:04
3665,B001,R016,S153,Tenali,16.239,80.645,1.28,10.8,Cloudy,22,Thursday,1,Village Road,Low,21,59,60,2,1,6.7,14:05
3666,B006,R018,S165,Tulluru,16.52,80.58,2.05,14.48,Sunny,22,Tuesday,0,Main Road,Low,33,14,60,1,0,4.7,14:06
3667,B016,R012,S144,Tadikonda,16.405,80.643,6.85,19.84,Sunny,35,Thursday,1,Village Road,High,27,16,60,1,8,24.2,14:07
3668,B007,R017,S068,Prathipadu,16.48,80.32,7.33,23.66,Sunny,22,Friday,0,Main Road,Medium,31,16,60,2,4,20.2,14:08
3669,B006,R015,S054,Prathipadu,16.48,80.32,6.32,23.6,Sunny,32,Friday,1,Village Road,Low,30,8,60,3,0,15.6,14:09
3670,B011,R005,S151,Namburu,16.36,80.52,1.91,24.49,Sunny,35,Thursday,1,Highway,Low,55,35,60,4,0,6.1,14:10
3671,B001,R003,S115,Mangalagiri,16.4303,80.5681,4.69,19.39,Sunny,40,Thursday,1,Main Road,High,43,30,60,1,8,15.5,14:11
3672,B010,R005,S056,Prathipadu,16.48,80.32,1.95,2.7,Cloudy,38,Tuesday,0,Village Road,High,23,20,60,4,9,18.1,14:12
3673,B006,R004,S038,Pedakakani,16.285,80.49,1.53,31.3,Cloudy,22,Tuesday,1,Main Road,High,30,21,60,4,9,16.1,14:13
3674,B004,R015,S199,Guntur,16.3067,80.4365,4.9,16.98,Sunny,34,Wednesday,1,Main Road,Low,32,50,60,3,0,12.2,14:14
3675,B012,R016,S040,Tulluru,16.52,80.58,0.99,18.97,Sunny,23,Saturday,0,Main Road,High,39,50,60,4,8,13.5,14:15
3676,B017,R019,S160,Mangalagiri,16.4303,80.5681,1.53,8.62,Cloudy,31,Thursday,0,Main Road,Low,30,43,60,3,1,7.1,14:16
3677,B002,R009,S078,Tulluru,16.52,80.58,1.62,18.6,Rainy,40,Monday,1,Village Road,Low,35,11,60,1,5,8.8,14:17
3678,B017,R011,S138,Mangalagiri,16.4303,80.5681,4.69,23.12,Sunny,22,Tuesday,0,Main Road,High,38,14,60,4,8,19.4,14:18
3679,B007,R009,S047,Namburu,16.36,80.52,2.18,22.32,Sunny,40,Thursday,0,Village Road,Medium,28,19,60,3,4,11.7,14:19
3680,B009,R007,S043,Tulluru,16.52,80.58,2.47,17.88,Sunny,35,Saturday,1,Village Road,High,24,45,60,1,8,15.2,14:20
3681,B012,R018,S097,Ponnur,16.065,80.551,7.59,32.01,Sunny,27,Saturday,0,Highway,High,45,19,60,4,8,22.1,14:21
3682,B013,R015,S081,Ponnur,16.065,80.551,6.98,33.9,Sunny,37,Tuesday,0,Main Road,Low,37,49,60,3,0,14.3,14:22
3683,B009,R008,S039,Pedakakani,16.285,80.49,7.15,9.25,Rainy,25,Saturday,1,Highway,High,53,41,60,2,13,23.1,14:23
3684,B002,R011,S099,Tadikonda,16.405,80.643,4.13,5.59,Cloudy,38,Wednesday,0,Main Road,Low,42,59,60,1,1,7.9,14:24
3685,B008,R006,S099,Namburu,16.36,80.52,3.62,28.71,Sunny,28,Saturday,0,Highway,Medium,51,59,60,1,4,9.3,14:25
3686,B002,R019,S039,Mangalagiri,16.4303,80.5681,7.62,30.23,Cloudy,26,Monday,0,Village Road,Low,35,18,60,2,1,16.1,14:26
3687,B007,R002,S106,Namburu,16.36,80.52,5.47,20.9,Sunny,26,Friday,1,Highway,High,55,17,60,3,8,17.0,14:27
3688,B011,R018,S099,Ponnur,16.065,80.551,5.23,25.45,Cloudy,37,Friday,0,Main Road,High,41,12,60,3,9,19.7,14:28
3689,B014,R012,S185,Prathipadu,16.48,80.32,4.49,10.38,Sunny,34,Saturday,0,Village Road,Medium,33,13,60,4,4,16.2,14:29
3690,B007,R003,S102,Vaddeswaram,16.49,80.61,6.45,11.19,Sunny,25,Wednesday,1,Village Road,Low,28,56,60,3,0,16.8,14:30
3691,B018,R017,S018,Prathipadu,16.48,80.32,2.32,4.5,Rainy,22,Wednesday,0,Main Road,High,44,59,60,2,13,18.2,14:31
3692,B002,R017,S083,Tenali,16.239,80.645,4.05,16.06,Sunny,32,Wednesday,1,Main Road,Medium,35,43,60,3,4,13.9,14:32
3693,B020,R018,S078,Vaddeswaram,16.49,80.61,3.0,20.39,Cloudy,30,Monday,1,Village Road,Medium,19,7,60,3,5,17.5,14:33
3694,B006,R001,S198,Tadikonda,16.405,80.643,1.15,21.54,Foggy,37,Thursday,1,Village Road,Low,27,17,60,1,4,7.6,14:34
3695,B015,R015,S016,Guntur,16.3067,80.4365,0.94,30.03,Sunny,33,Tuesday,1,Main Road,Low,40,42,60,4,0,5.4,14:35
3696,B005,R012,S057,Tadikonda,16.405,80.643,7.54,28.42,Sunny,29,Tuesday,1,Main Road,Medium,33,38,60,2,4,19.7,14:36
3697,B005,R004,S023,Vaddeswaram,16.49,80.61,6.26,18.93,Sunny,32,Wednesday,1,Main Road,Medium,30,24,60,1,4,17.5,14:37
3698,B018,R003,S001,Vaddeswaram,16.49,80.61,6.25,27.19,Cloudy,37,Monday,0,Village Road,Low,27,35,60,4,1,18.9,14:38
3699,B013,R001,S115,Namburu,16.36,80.52,7.57,26.59,Sunny,28,Thursday,0,Main Road,Low,37,8,60,3,0,15.3,14:39
3700,B014,R007,S168,Ponnur,16.065,80.551,2.84,30.57,Sunny,31,Tuesday,1,Highway,Low,50,9,60,3,0,6.4,15:40
3701,B018,R014,S110,Ponnur,16.065,80.551,5.12,12.66,Sunny,36,Thursday,1,Main Road,Low,32,29,60,4,0,13.6,15:41
3702,B014,R017,S091,Ponnur,16.065,80.551,2.29,32.25,Sunny,28,Monday,0,Main Road,Low,42,49,60,1,0,4.3,15:42
3703,B016,R008,S160,Vaddeswaram,16.49,80.61,3.54,31.38,Foggy,26,Wednesday,1,Main Road,Medium,32,34,60,2,8,16.6,15:43
3704,B008,R005,S199,Vaddeswaram,16.49,80.61,2.82,12.84,Rainy,30,Saturday,0,Village Road,Low,30,44,60,2,5,12.6,15:44
3705,B009,R019,S183,Prathipadu,16.48,80.32,5.68,20.4,Sunny,27,Friday,0,Village Road,High,32,46,60,2,8,20.6,15:45
3706,B013,R001,S092,Mangalagiri,16.4303,80.5681,7.47,9.63,Cloudy,34,Friday,0,Main Road,Medium,39,33,60,3,5,19.5,15:46
3707,B019,R004,S052,Ponnur,16.065,80.551,5.25,25.24,Sunny,30,Tuesday,0,Village Road,Low,31,14,60,4,0,14.2,15:47
3708,B002,R010,S188,Pedakakani,16.285,80.49,7.03,12.11,Sunny,31,Monday,1,Main Road,Medium,35,14,60,4,4,20.1,15:48
3709,B010,R008,S007,Ponnur,16.065,80.551,3.5,16.17,Sunny,22,Thursday,0,Highway,High,49,24,60,4,8,16.3,15:49
3710,B017,R007,S119,Namburu,16.36,80.52,6.38,12.92,Cloudy,31,Thursday,1,Village Road,High,29,29,60,4,9,26.2,15:50
3711,B006,R016,S131,Tulluru,16.52,80.58,7.36,12.92,Sunny,31,Saturday,0,Village Road,Medium,33,16,60,3,4,20.4,15:51
3712,B019,R020,S142,Vaddeswaram,16.49,80.61,6.23,21.37,Sunny,36,Thursday,1,Main Road,Medium,33,47,60,3,4,18.3,15:52
3713,B001,R010,S010,Vaddeswaram,16.49,80.61,5.89,9.54,Sunny,39,Thursday,1,Highway,High,54,58,60,1,8,15.5,15:53
3714,B012,R013,S158,Tenali,16.239,80.645,1.32,12.67,Sunny,28,Saturday,1,Highway,Low,57,25,60,4,0,5.4,15:54
3715,B010,R015,S197,Mangalagiri,16.4303,80.5681,1.6,25.35,Cloudy,37,Monday,0,Village Road,Medium,26,31,60,4,5,12.7,15:55
3716,B012,R008,S173,Tulluru,16.52,80.58,5.58,11.37,Foggy,39,Monday,0,Main Road,Low,30,56,60,4,4,19.2,15:56
3717,B006,R019,S005,Namburu,16.36,80.52,7.55,17.38,Sunny,31,Wednesday,1,Main Road,High,42,19,60,1,8,19.8,15:57
3718,B003,R001,S188,Vaddeswaram,16.49,80.61,6.68,8.12,Sunny,34,Saturday,1,Main Road,High,34,53,60,3,8,22.8,15:58
3719,B011,R017,S161,Prathipadu,16.48,80.32,5.42,11.75,Cloudy,38,Tuesday,0,Highway,Medium,46,14,60,1,5,13.1,15:59
3720,B006,R018,S156,Pedakakani,16.285,80.49,1.57,17.86,Foggy,27,Friday,0,Village Road,Low,21,21,60,1,4,9.5,15:00
3721,B018,R004,S196,Tulluru,16.52,80.58,6.99,24.67,Rainy,33,Wednesday,0,Main Road,High,41,29,60,4,13,27.2,15:01
3722,B010,R019,S051,Mangalagiri,16.4303,80.5681,4.82,11.5,Rainy,31,Thursday,1,Village Road,Low,25,19,60,3,5,19.6,15:02
3723,B003,R004,S197,Guntur,16.3067,80.4365,4.74,28.03,Rainy,32,Wednesday,1,Main Road,High,43,40,60,4,13,23.6,15:03
3724,B001,R003,S121,Mangalagiri,16.4303,80.5681,5.64,16.74,Rainy,39,Tuesday,1,Village Road,Medium,27,59,60,4,9,25.5,15:04
3725,B020,R016,S188,Mangalagiri,16.4303,80.5681,0.92,9.69,Sunny,26,Thursday,0,Village Road,Medium,25,5,60,4,4,10.2,15:05
3726,B012,R013,S081,Mangalagiri,16.4303,80.5681,6.85,30.7,Sunny,39,Friday,1,Village Road,High,30,17,60,3,8,24.7,15:06
3727,B010,R012,S120,Vaddeswaram,16.49,80.61,5.76,6.44,Cloudy,40,Wednesday,1,Main Road,Low,39,52,60,1,1,10.9,15:07
3728,B017,R003,S089,Namburu,16.36,80.52,5.96,23.3,Sunny,35,Monday,0,Highway,Medium,47,46,60,2,4,13.6,15:08
3729,B020,R016,S053,Guntur,16.3067,80.4365,7.08,19.16,Sunny,40,Thursday,1,Highway,Medium,52,38,60,3,4,15.2,15:09
3730,B016,R012,S059,Namburu,16.36,80.52,2.93,28.7,Rainy,30,Monday,1,Main Road,Low,41,11,60,1,5,10.3,15:10
3731,B009,R002,S106,Tulluru,16.52,80.58,1.43,15.99,Sunny,23,Tuesday,0,Village Road,Medium,21,7,60,3,4,11.1,15:11
3732,B017,R008,S055,Tulluru,16.52,80.58,5.23,23.85,Sunny,27,Tuesday,1,Highway,Medium,57,18,60,4,4,13.5,15:12
3733,B002,R014,S122,Namburu,16.36,80.52,2.19,19.64,Rainy,39,Saturday,1,Highway,High,58,15,60,1,13,16.3,15:13
3734,B006,R020,S140,Prathipadu,16.48,80.32,5.4,27.13,Foggy,28,Saturday,1,Main Road,Medium,43,48,60,1,8,16.5,15:14
3735,B012,R006,S141,Pedakakani,16.285,80.49,1.0,21.58,Sunny,32,Tuesday,0,Main Road,Low,38,7,60,4,0,5.6,15:15
3736,B002,R001,S197,Ponnur,16.065,80.551,7.01,17.08,Sunny,34,Wednesday,1,Main Road,Low,42,46,60,2,0,12.0,15:16
3737,B010,R005,S001,Namburu,16.36,80.52,1.78,3.47,Rainy,34,Saturday,1,Main Road,Medium,39,59,60,2,9,13.7,15:17
3738,B018,R004,S126,Tadikonda,16.405,80.643,6.81,19.68,Sunny,34,Tuesday,0,Highway,Medium,60,10,60,1,4,11.8,15:18
3739,B012,R020,S156,Prathipadu,16.48,80.32,2.71,23.6,Foggy,39,Monday,0,Main Road,Medium,37,31,60,4,8,16.4,15:19
3740,B018,R013,S017,Prathipadu,16.48,80.32,6.55,27.62,Foggy,22,Tuesday,0,Main Road,Low,37,20,60,1,4,15.6,15:20
3741,B017,R018,S019,Guntur,16.3067,80.4365,6.78,24.85,Cloudy,30,Thursday,0,Village Road,Low,30,53,60,3,1,17.6,15:21
3742,B010,R010,S073,Vaddeswaram,16.49,80.61,7.93,21.98,Sunny,25,Saturday,1,Highway,Medium,59,57,60,2,4,14.1,15:22
3743,B020,R012,S003,Pedakakani,16.285,80.49,2.14,8.82,Sunny,25,Saturday,1,Main Road,High,32,56,60,2,8,14.0,15:23
3744,B005,R013,S172,Prathipadu,16.48,80.32,3.62,29.16,Sunny,37,Saturday,0,Highway,Medium,51,60,60,4,4,12.3,15:24
3745,B017,R003,S102,Pedakakani,16.285,80.49,4.65,32.55,Sunny,37,Tuesday,0,Main Road,Low,37,43,60,3,0,10.5,15:25
3746,B008,R004,S021,Tenali,16.239,80.645,7.7,18.67,Sunny,39,Thursday,1,Highway,Low,49,27,60,4,0,13.4,15:26
3747,B017,R010,S032,Prathipadu,16.48,80.32,1.57,16.89,Cloudy,23,Monday,1,Main Road,High,35,56,60,2,9,13.7,15:27
3748,B001,R013,S111,Tulluru,16.52,80.58,2.71,8.05,Sunny,24,Wednesday,0,Village Road,High,23,49,60,3,8,18.1,15:28
3749,B012,R011,S177,Tadikonda,16.405,80.643,6.7,18.3,Cloudy,40,Monday,1,Highway,Medium,60,19,60,2,5,13.7,15:29
3750,B002,R017,S164,Tadikonda,16.405,80.643,2.81,14.13,Sunny,23,Friday,1,Village Road,Low,23,12,60,2,0,9.3,15:30
3751,B005,R009,S040,Namburu,16.36,80.52,2.24,8.96,Sunny,23,Saturday,1,Village Road,Medium,21,34,60,2,4,12.4,15:31
3752,B019,R006,S154,Guntur,16.3067,80.4365,4.98,14.46,Cloudy,22,Saturday,1,Village Road,Low,29,50,60,4,1,15.3,15:32
3753,B014,R003,S099,Prathipadu,16.48,80.32,1.83,4.41,Sunny,37,Monday,1,Village Road,High,32,49,60,2,8,13.4,15:33
3754,B004,R001,S137,Namburu,16.36,80.52,1.84,10.61,Sunny,28,Monday,0,Highway,Low,60,58,60,2,0,3.8,15:34
3755,B003,R011,S064,Tadikonda,16.405,80.643,5.39,30.51,Rainy,24,Saturday,0,Highway,Low,47,50,60,3,5,14.9,15:35
3756,B006,R017,S116,Vaddeswaram,16.49,80.61,6.72,9.11,Sunny,36,Monday,0,Main Road,Medium,31,52,60,4,4,21.0,15:36
3757,B015,R020,S110,Guntur,16.3067,80.4365,4.43,5.1,Sunny,31,Tuesday,1,Main Road,Medium,45,34,60,4,4,13.9,15:37
3758,B007,R017,S083,Guntur,16.3067,80.4365,3.49,28.75,Cloudy,31,Monday,0,Main Road,Medium,41,12,60,1,5,11.1,15:38
3759,B009,R009,S044,Namburu,16.36,80.52,5.64,15.69,Rainy,29,Tuesday,1,Main Road,Medium,38,21,60,3,9,20.9,15:39
3760,B004,R001,S134,Guntur,16.3067,80.4365,0.87,16.62,Rainy,36,Wednesday,1,Highway,Low,56,20,60,4,5,9.9,15:40
3761,B009,R016,S127,Mangalagiri,16.4303,80.5681,5.83,22.6,Sunny,37,Wednesday,0,Main Road,Medium,39,37,60,3,4,16.0,15:41
3762,B001,R004,S110,Vaddeswaram,16.49,80.61,2.42,8.12,Cloudy,26,Monday,1,Highway,Low,59,21,60,1,1,4.5,15:42
3763,B003,R013,S074,Ponnur,16.065,80.551,4.83,7.5,Rainy,25,Saturday,0,Main Road,High,32,36,60,3,13,25.1,15:43
3764,B001,R013,S178,Guntur,16.3067,80.4365,5.11,16.41,Rainy,35,Monday,0,Main Road,High,40,12,60,2,13,22.7,15:44
3765,B020,R007,S016,Namburu,16.36,80.52,1.96,27.71,Rainy,34,Saturday,1,Main Road,High,35,57,60,1,13,17.4,15:45
3766,B007,R011,S171,Namburu,16.36,80.52,2.19,18.19,Sunny,33,Monday,0,Village Road,Medium,29,17,60,3,4,11.5,15:46
3767,B012,R004,S108,Tenali,16.239,80.645,2.21,9.55,Cloudy,37,Friday,0,Highway,Low,58,47,60,3,1,6.3,15:47
3768,B017,R017,S141,Namburu,16.36,80.52,6.27,15.51,Foggy,30,Tuesday,1,Village Road,High,23,59,60,1,12,29.4,15:48
3769,B017,R009,S005,Mangalagiri,16.4303,80.5681,2.83,13.49,Rainy,28,Wednesday,1,Village Road,Medium,31,32,60,2,9,16.5,15:49
3770,B005,R011,S056,Tulluru,16.52,80.58,0.8,12.59,Cloudy,27,Friday,0,Main Road,High,38,30,60,3,9,13.3,15:50
3771,B019,R018,S187,Tulluru,16.52,80.58,5.46,30.53,Sunny,28,Saturday,0,Main Road,Medium,32,15,60,2,4,16.2,15:51
3772,B014,R002,S020,Guntur,16.3067,80.4365,4.02,28.8,Cloudy,39,Thursday,0,Main Road,Medium,43,42,60,1,5,11.6,15:52
3773,B012,R003,S132,Mangalagiri,16.4303,80.5681,7.83,28.54,Rainy,31,Monday,1,Village Road,Medium,26,46,60,1,9,28.1,15:53
3774,B010,R003,S100,Namburu,16.36,80.52,2.5,6.13,Sunny,29,Tuesday,0,Village Road,Medium,19,38,60,4,4,15.9,15:54
3775,B008,R011,S038,Pedakakani,16.285,80.49,3.73,29.18,Foggy,24,Thursday,0,Main Road,Medium,37,11,60,2,8,16.0,15:55
3776,B020,R001,S091,Mangalagiri,16.4303,80.5681,1.0,22.01,Sunny,38,Monday,1,Village Road,Low,25,34,60,1,0,3.4,15:56
3777,B019,R015,S104,Tulluru,16.52,80.58,1.81,31.12,Cloudy,38,Friday,1,Main Road,Low,40,51,60,4,1,7.7,15:57
3778,B007,R008,S057,Ponnur,16.065,80.551,4.44,22.75,Rainy,22,Monday,0,Highway,Low,57,51,60,4,5,13.7,15:58
3779,B008,R002,S031,Guntur,16.3067,80.4365,6.65,11.2,Cloudy,26,Saturday,0,Main Road,Low,42,42,60,3,1,13.5,15:59
3780,B018,R016,S188,Ponnur,16.065,80.551,1.78,12.1,Cloudy,31,Monday,1,Highway,Low,45,29,60,1,1,4.4,15:00
3781,B007,R015,S181,Pedakakani,16.285,80.49,1.12,2.24,Cloudy,33,Monday,1,Main Road,Low,37,20,60,4,1,6.8,15:01
3782,B015,R013,S100,Pedakakani,16.285,80.49,3.88,8.84,Cloudy,23,Monday,1,Village Road,Low,26,24,60,3,1,13.0,15:02
3783,B004,R018,S095,Tulluru,16.52,80.58,1.58,8.37,Sunny,31,Monday,0,Highway,Medium,47,24,60,3,4,9.0,15:03
3784,B020,R011,S097,Vaddeswaram,16.49,80.61,0.86,8.36,Sunny,40,Thursday,1,Village Road,Medium,31,28,60,3,4,8.7,15:04
3785,B006,R020,S007,Pedakakani,16.285,80.49,2.9,4.26,Cloudy,31,Monday,0,Main Road,Low,35,27,60,2,1,8.0,15:05
3786,B002,R019,S077,Guntur,16.3067,80.4365,0.97,5.4,Sunny,29,Wednesday,0,Main Road,Low,38,16,60,2,0,3.5,15:06
3787,B007,R010,S029,Guntur,16.3067,80.4365,5.65,22.08,Sunny,29,Thursday,0,Main Road,Low,39,18,60,4,0,12.7,15:07
3788,B015,R009,S148,Guntur,16.3067,80.4365,4.35,23.48,Sunny,37,Friday,1,Village Road,Low,28,18,60,4,0,13.3,15:08
3789,B004,R011,S070,Pedakakani,16.285,80.49,3.1,10.51,Cloudy,25,Wednesday,0,Village Road,Low,35,31,60,3,1,9.3,15:09
3790,B002,R014,S068,Guntur,16.3067,80.4365,2.49,32.03,Cloudy,25,Wednesday,1,Main Road,Medium,34,52,60,4,5,13.4,15:10
3791,B004,R011,S092,Tadikonda,16.405,80.643,2.59,17.5,Cloudy,22,Friday,0,Main Road,Medium,42,60,60,1,5,9.7,15:11
3792,B020,R013,S089,Prathipadu,16.48,80.32,2.76,2.96,Cloudy,29,Thursday,0,Main Road,Low,39,59,60,2,1,7.2,15:12
3793,B009,R010,S008,Ponnur,16.065,80.551,4.75,32.05,Sunny,27,Thursday,1,Main Road,Low,41,28,60,2,0,9.0,15:13
3794,B014,R019,S063,Ponnur,16.065,80.551,2.08,29.64,Sunny,34,Friday,0,Main Road,Low,33,24,60,2,0,5.8,15:14
3795,B013,R001,S102,Guntur,16.3067,80.4365,2.74,11.68,Sunny,33,Tuesday,1,Highway,Medium,48,45,60,3,4,10.4,15:15
3796,B012,R011,S127,Tulluru,16.52,80.58,7.37,13.29,Sunny,36,Tuesday,0,Main Road,Medium,43,21,60,1,4,15.3,15:16
3797,B003,R005,S176,Pedakakani,16.285,80.49,8.0,32.16,Cloudy,24,Saturday,0,Main Road,Low,36,40,60,2,1,16.3,15:17
3798,B002,R015,S190,Mangalagiri,16.4303,80.5681,4.32,10.05,Foggy,37,Friday,0,Highway,Medium,46,59,60,1,8,14.6,15:18
3799,B007,R003,S111,Tulluru,16.52,80.58,7.01,35.25,Cloudy,32,Monday,0,Main Road,Medium,30,19,60,2,5,21.0,15:19
3800,B002,R012,S079,Vaddeswaram,16.49,80.61,6.48,24.67,Rainy,28,Friday,0,Highway,Low,50,22,60,3,5,15.8,16:20
3801,B006,R012,S185,Prathipadu,16.48,80.32,4.51,12.97,Rainy,38,Monday,0,Village Road,Medium,25,57,60,4,9,23.8,16:21
3802,B006,R001,S029,Pedakakani,16.285,80.49,1.9,2.43,Rainy,26,Thursday,1,Village Road,Low,31,8,60,1,5,9.7,16:22
3803,B013,R003,S078,Mangalagiri,16.4303,80.5681,3.42,4.9,Cloudy,27,Thursday,1,Main Road,Low,40,13,60,4,1,10.1,16:23
3804,B003,R001,S129,Ponnur,16.065,80.551,6.29,6.38,Rainy,23,Monday,0,Main Road,Low,45,46,60,1,5,14.4,16:24
3805,B013,R009,S036,Prathipadu,16.48,80.32,5.53,19.83,Foggy,33,Tuesday,1,Village Road,High,28,26,60,3,12,26.9,16:25
3806,B013,R008,S054,Tenali,16.239,80.645,3.41,10.34,Sunny,37,Tuesday,1,Highway,Low,60,17,60,3,0,6.4,16:26
3807,B006,R001,S019,Ponnur,16.065,80.551,6.27,30.78,Sunny,26,Thursday,1,Main Road,Low,31,29,60,3,0,15.1,16:27
3808,B010,R004,S025,Guntur,16.3067,80.4365,5.62,16.73,Cloudy,26,Saturday,1,Main Road,Medium,34,37,60,3,5,17.9,16:28
3809,B002,R010,S122,Ponnur,16.065,80.551,2.63,29.64,Sunny,39,Saturday,0,Highway,Medium,60,17,60,3,4,9.6,16:29
3810,B005,R013,S061,Prathipadu,16.48,80.32,4.58,13.42,Rainy,38,Saturday,0,Main Road,Medium,32,33,60,1,9,18.6,16:30
3811,B020,R017,S123,Tulluru,16.52,80.58,0.82,14.79,Sunny,23,Tuesday,0,Main Road,High,41,50,60,1,8,10.2,16:31
3812,B010,R013,S054,Ponnur,16.065,80.551,1.23,19.68,Sunny,31,Thursday,1,Village Road,Medium,33,35,60,3,4,9.2,16:32
3813,B003,R017,S024,Ponnur,16.065,80.551,1.51,1.94,Sunny,33,Friday,1,Main Road,High,33,39,60,2,8,12.7,16:33
3814,B008,R005,S061,Vaddeswaram,16.49,80.61,4.59,16.12,Cloudy,33,Monday,0,Highway,Medium,51,20,60,2,5,12.4,16:34
3815,B007,R003,S121,Tulluru,16.52,80.58,5.98,23.24,Sunny,34,Friday,0,Main Road,Medium,35,8,60,1,4,15.3,16:35
3816,B003,R009,S047,Mangalagiri,16.4303,80.5681,4.18,29.67,Cloudy,29,Thursday,1,Village Road,Low,26,33,60,3,1,13.6,16:36
3817,B001,R003,S105,Ponnur,16.065,80.551,7.99,21.24,Rainy,32,Saturday,1,Village Road,High,21,58,60,2,13,37.8,16:37
3818,B012,R011,S163,Vaddeswaram,16.49,80.61,1.45,26.48,Sunny,24,Thursday,0,Main Road,Medium,44,55,60,4,4,10.0,16:38
3819,B006,R006,S173,Vaddeswaram,16.49,80.61,3.93,30.65,Sunny,26,Friday,1,Main Road,Medium,32,26,60,4,4,15.4,16:39
3820,B011,R009,S003,Tenali,16.239,80.645,3.57,27.35,Sunny,22,Friday,1,Village Road,High,20,51,60,1,8,19.7,16:40
3821,B020,R019,S010,Tenali,16.239,80.645,0.94,30.43,Cloudy,36,Friday,1,Main Road,Medium,38,26,60,1,5,7.5,16:41
3822,B017,R003,S086,Tulluru,16.52,80.58,4.8,19.79,Cloudy,36,Wednesday,0,Main Road,High,33,32,60,4,9,21.7,16:42
3823,B004,R014,S141,Namburu,16.36,80.52,1.15,18.41,Sunny,27,Monday,0,Highway,High,55,40,60,3,8,12.3,16:43
3824,B003,R012,S005,Pedakakani,16.285,80.49,6.62,8.6,Rainy,34,Friday,1,Highway,High,56,10,60,3,13,23.1,16:44
3825,B007,R009,S131,Mangalagiri,16.4303,80.5681,5.68,28.74,Rainy,23,Friday,1,Main Road,Medium,32,12,60,4,9,23.6,16:45
3826,B010,R001,S036,Ponnur,16.065,80.551,3.5,23.27,Sunny,28,Monday,0,Main Road,Medium,43,53,60,3,4,11.9,16:46
3827,B015,R001,S012,Ponnur,16.065,80.551,5.03,15.35,Sunny,25,Thursday,1,Village Road,Low,30,27,60,3,0,13.1,16:47
3828,B002,R007,S138,Mangalagiri,16.4303,80.5681,2.05,17.63,Rainy,25,Wednesday,1,Main Road,Medium,38,30,60,2,9,14.2,16:48
3829,B007,R015,S110,Guntur,16.3067,80.4365,1.84,18.74,Sunny,27,Monday,0,Main Road,Low,35,51,60,3,0,6.2,16:49
3830,B014,R013,S119,Tulluru,16.52,80.58,5.95,9.83,Rainy,33,Wednesday,0,Main Road,High,36,28,60,1,13,23.9,16:50
3831,B017,R017,S053,Tulluru,16.52,80.58,3.13,10.38,Sunny,22,Saturday,1,Main Road,Medium,37,40,60,1,4,10.1,16:51
3832,B005,R015,S185,Tadikonda,16.405,80.643,2.8,20.17,Sunny,24,Friday,0,Main Road,Medium,44,32,60,3,4,10.8,16:52
3833,B007,R019,S114,Tenali,16.239,80.645,6.24,19.66,Cloudy,40,Thursday,0,Main Road,Low,31,54,60,2,1,15.1,16:53
3834,B009,R010,S064,Vaddeswaram,16.49,80.61,7.0,16.48,Cloudy,24,Monday,0,Village Road,Low,19,44,60,2,1,25.1,16:54
3835,B002,R019,S048,Tulluru,16.52,80.58,7.25,37.15,Rainy,32,Saturday,1,Main Road,Medium,33,14,60,1,9,23.2,16:55
3836,B001,R015,S027,Namburu,16.36,80.52,6.95,35.27,Rainy,31,Friday,0,Highway,Low,51,7,60,2,5,15.2,16:56
3837,B020,R018,S182,Pedakakani,16.285,80.49,6.49,30.21,Sunny,34,Friday,1,Village Road,Low,18,40,60,3,0,24.6,16:57
3838,B018,R005,S044,Mangalagiri,16.4303,80.5681,4.77,25.81,Cloudy,28,Tuesday,1,Main Road,Low,38,21,60,3,1,11.5,16:58
3839,B010,R005,S100,Tadikonda,16.405,80.643,2.81,16.66,Foggy,33,Friday,1,Village Road,High,31,8,60,4,12,21.4,16:59
3840,B006,R009,S181,Prathipadu,16.48,80.32,3.28,5.78,Sunny,25,Friday,0,Main Road,Medium,34,11,60,1,4,10.8,16:00
3841,B014,R006,S024,Prathipadu,16.48,80.32,0.97,29.1,Cloudy,34,Friday,1,Highway,Low,57,35,60,2,1,4.0,16:01
3842,B009,R009,S055,Tadikonda,16.405,80.643,2.2,25.71,Sunny,27,Friday,1,Village Road,Low,30,52,60,2,0,6.4,16:02
3843,B016,R006,S197,Ponnur,16.065,80.551,5.85,14.41,Rainy,30,Thursday,0,Highway,High,56,56,60,1,13,20.3,16:03
3844,B015,R010,S074,Namburu,16.36,80.52,3.93,5.36,Sunny,33,Thursday,0,Main Road,Low,45,41,60,2,0,7.2,16:04
3845,B004,R009,S007,Tulluru,16.52,80.58,2.83,7.27,Sunny,36,Saturday,0,Highway,Medium,58,60,60,1,4,7.9,16:05
3846,B019,R010,S045,Tenali,16.239,80.645,6.75,7.05,Cloudy,36,Monday,0,Village Road,Low,22,51,60,2,1,21.4,16:06
3847,B011,R015,S195,Ponnur,16.065,80.551,5.61,14.53,Sunny,25,Thursday,1,Highway,Medium,60,8,60,2,4,11.6,16:07
3848,B014,R010,S105,Guntur,16.3067,80.4365,1.64,8.3,Rainy,34,Tuesday,1,Main Road,Low,35,10,60,3,5,10.8,16:08
3849,B020,R009,S153,Vaddeswaram,16.49,80.61,3.58,10.81,Sunny,36,Wednesday,1,Highway,High,47,34,60,4,8,16.6,16:09
3850,B008,R010,S180,Pedakakani,16.285,80.49,3.52,31.59,Foggy,38,Monday,1,Main Road,High,43,42,60,1,12,17.9,16:10
3851,B007,R005,S174,Ponnur,16.065,80.551,6.41,11.25,Cloudy,31,Saturday,1,Village Road,Medium,27,49,60,3,5,22.2,16:11
3852,B002,R011,S129,Tadikonda,16.405,80.643,0.92,18.09,Rainy,25,Friday,0,Highway,Low,57,32,60,1,5,7.0,16:12
3853,B012,R007,S159,Pedakakani,16.285,80.49,3.12,23.1,Sunny,36,Friday,0,Highway,Medium,54,7,60,4,4,11.5,16:13
3854,B002,R007,S083,Pedakakani,16.285,80.49,0.92,2.4,Foggy,30,Wednesday,0,Main Road,Low,38,18,60,3,4,8.5,16:14
3855,B019,R011,S001,Prathipadu,16.48,80.32,2.06,23.9,Sunny,28,Monday,0,Village Road,Medium,27,55,60,3,4,11.6,16:15
3856,B011,R011,S056,Mangalagiri,16.4303,80.5681,7.37,9.47,Sunny,34,Monday,0,Main Road,Medium,41,39,60,4,4,18.8,16:16
3857,B018,R007,S102,Mangalagiri,16.4303,80.5681,1.73,3.06,Cloudy,24,Wednesday,1,Highway,Low,60,57,60,2,1,4.7,16:17
3858,B004,R010,S105,Tulluru,16.52,80.58,3.23,12.58,Cloudy,39,Thursday,0,Highway,High,49,29,60,1,9,14.0,16:18
3859,B012,R002,S053,Mangalagiri,16.4303,80.5681,2.05,13.3,Rainy,33,Wednesday,1,Highway,Medium,52,34,60,3,9,14.4,16:19
3860,B010,R007,S066,Tenali,16.239,80.645,2.26,28.12,Foggy,34,Thursday,1,Highway,Medium,48,13,60,2,8,12.8,16:20
3861,B013,R001,S020,Tulluru,16.52,80.58,1.36,8.17,Rainy,31,Thursday,0,Highway,Low,51,49,60,1,5,7.6,16:21
3862,B001,R016,S076,Tadikonda,16.405,80.643,7.52,18.69,Sunny,38,Monday,0,Highway,Medium,53,59,60,1,4,13.5,16:22
3863,B001,R015,S170,Tenali,16.239,80.645,7.34,15.6,Sunny,33,Thursday,1,Main Road,High,37,39,60,1,8,20.9,16:23
3864,B003,R005,S051,Tadikonda,16.405,80.643,6.11,21.3,Foggy,32,Friday,1,Main Road,Medium,38,44,60,4,8,21.6,16:24
3865,B017,R011,S099,Guntur,16.3067,80.4365,1.1,23.23,Rainy,29,Thursday,1,Village Road,Low,24,30,60,3,5,10.8,16:25
3866,B010,R016,S006,Namburu,16.36,80.52,5.77,17.67,Cloudy,25,Saturday,0,Highway,Low,51,16,60,3,1,10.8,16:26
3867,B018,R017,S031,Mangalagiri,16.4303,80.5681,4.9,9.74,Sunny,33,Thursday,1,Main Road,Medium,36,52,60,2,4,14.2,16:27
3868,B001,R013,S072,Tulluru,16.52,80.58,1.19,17.85,Sunny,39,Monday,0,Village Road,Medium,27,20,60,4,4,10.6,16:28
3869,B013,R018,S133,Pedakakani,16.285,80.49,7.03,15.55,Rainy,31,Tuesday,0,Main Road,Low,34,42,60,1,5,18.4,16:29
3870,B020,R004,S154,Tenali,16.239,80.645,5.84,32.01,Cloudy,26,Friday,1,Main Road,Low,30,35,60,2,1,14.7,16:30
3871,B007,R004,S167,Vaddeswaram,16.49,80.61,6.49,30.63,Cloudy,39,Thursday,1,Main Road,Medium,38,28,60,1,5,16.2,16:31
3872,B015,R016,S032,Tulluru,16.52,80.58,5.16,17.53,Rainy,40,Saturday,1,Highway,Low,54,43,60,2,5,12.7,16:32
3873,B006,R019,S025,Mangalagiri,16.4303,80.5681,6.77,13.59,Cloudy,25,Friday,1,Village Road,Low,21,60,60,4,1,24.3,16:33
3874,B004,R016,S167,Ponnur,16.065,80.551,6.41,6.47,Sunny,26,Wednesday,0,Highway,Low,48,48,60,4,0,12.0,16:34
3875,B011,R020,S024,Vaddeswaram,16.49,80.61,7.8,26.97,Sunny,27,Friday,1,Main Road,Medium,35,12,60,3,4,20.4,16:35
3876,B013,R011,S032,Tadikonda,16.405,80.643,6.64,34.53,Rainy,38,Tuesday,1,Highway,High,60,6,60,2,13,21.6,16:36
3877,B004,R005,S002,Ponnur,16.065,80.551,6.3,25.98,Sunny,29,Wednesday,0,Main Road,Low,36,54,60,2,0,12.5,16:37
3878,B009,R012,S039,Tenali,16.239,80.645,5.28,31.0,Foggy,30,Monday,1,Village Road,High,20,28,60,2,12,29.8,16:38
3879,B012,R006,S044,Vaddeswaram,16.49,80.61,5.09,28.79,Cloudy,26,Friday,1,Main Road,Medium,37,35,60,3,5,16.3,16:39
3880,B011,R010,S187,Guntur,16.3067,80.4365,6.62,34.02,Sunny,38,Saturday,1,Highway,High,54,16,60,1,8,16.4,16:40
3881,B014,R007,S038,Tulluru,16.52,80.58,2.59,13.57,Sunny,28,Monday,0,Highway,High,57,45,60,1,8,11.7,16:41
3882,B013,R014,S033,Mangalagiri,16.4303,80.5681,6.52,12.19,Sunny,24,Wednesday,1,Main Road,Medium,41,45,60,1,4,14.5,16:42
3883,B013,R008,S133,Namburu,16.36,80.52,2.84,17.58,Sunny,35,Saturday,0,Main Road,Low,36,13,60,4,0,8.7,16:43
3884,B003,R018,S161,Prathipadu,16.48,80.32,3.2,18.28,Sunny,39,Thursday,1,Main Road,High,33,39,60,2,8,15.8,16:44
3885,B010,R003,S001,Pedakakani,16.285,80.49,4.01,17.87,Sunny,33,Friday,0,Highway,High,60,56,60,2,8,14.0,16:45
3886,B009,R011,S004,Vaddeswaram,16.49,80.61,4.23,21.9,Cloudy,22,Friday,1,Main Road,Low,41,8,60,4,1,11.2,16:46
3887,B014,R004,S025,Prathipadu,16.48,80.32,5.55,7.7,Sunny,32,Wednesday,1,Main Road,Low,31,16,60,3,0,13.7,16:47
3888,B004,R008,S008,Ponnur,16.065,80.551,6.62,28.44,Sunny,38,Saturday,0,Main Road,Low,44,43,60,1,0,10.0,16:48
3889,B007,R009,S084,Pedakakani,16.285,80.49,5.38,30.55,Rainy,23,Friday,1,Highway,Low,47,6,60,2,5,13.9,16:49
3890,B013,R001,S110,Namburu,16.36,80.52,3.56,17.59,Cloudy,23,Wednesday,0,Village Road,Medium,30,50,60,1,5,13.1,16:50
3891,B010,R009,S011,Prathipadu,16.48,80.32,4.69,10.03,Sunny,36,Friday,0,Main Road,Medium,33,22,60,1,4,13.5,16:51
3892,B012,R012,S041,Tenali,16.239,80.645,1.53,7.23,Sunny,26,Wednesday,0,Village Road,Low,25,9,60,1,0,4.7,16:52
3893,B013,R012,S139,Tenali,16.239,80.645,6.73,9.85,Cloudy,29,Wednesday,0,Village Road,Medium,35,35,60,2,5,18.5,16:53
3894,B011,R013,S131,Tenali,16.239,80.645,0.99,28.77,Foggy,30,Thursday,0,Main Road,High,40,43,60,3,12,16.5,16:54
3895,B009,R020,S066,Tenali,16.239,80.645,3.18,6.29,Sunny,28,Monday,1,Village Road,High,31,46,60,3,8,17.2,16:55
3896,B002,R016,S122,Vaddeswaram,16.49,80.61,5.09,26.68,Sunny,25,Wednesday,1,Main Road,Medium,38,57,60,2,4,14.0,16:56
3897,B014,R020,S018,Pedakakani,16.285,80.49,3.84,29.03,Cloudy,23,Friday,0,Village Road,High,35,55,60,4,9,19.6,16:57
3898,B009,R009,S066,Vaddeswaram,16.49,80.61,4.6,7.98,Sunny,32,Tuesday,0,Village Road,Low,33,27,60,3,0,11.4,16:58
3899,B013,R012,S194,Prathipadu,16.48,80.32,1.35,27.78,Sunny,38,Saturday,0,Main Road,Low,32,9,60,2,0,4.5,16:59
3900,B014,R010,S191,Prathipadu,16.48,80.32,2.04,28.38,Sunny,25,Wednesday,0,Main Road,Low,39,34,60,4,0,7.1,17:00
3901,B003,R009,S145,Namburu,16.36,80.52,7.58,20.47,Cloudy,29,Wednesday,1,Highway,Medium,50,39,60,2,5,16.1,17:01
3902,B019,R020,S185,Vaddeswaram,16.49,80.61,1.83,14.32,Cloudy,23,Tuesday,1,Highway,High,46,35,60,1,9,12.4,17:02
3903,B019,R008,S054,Namburu,16.36,80.52,6.69,16.26,Rainy,32,Friday,1,Main Road,High,30,12,60,3,13,29.4,17:03
3904,B005,R008,S151,Pedakakani,16.285,80.49,5.58,20.43,Sunny,36,Friday,0,Main Road,High,38,11,60,4,8,20.8,17:04
3905,B011,R018,S169,Vaddeswaram,16.49,80.61,3.96,29.62,Sunny,36,Monday,1,Village Road,Medium,19,14,60,3,4,19.5,17:05
3906,B009,R019,S101,Pedakakani,16.285,80.49,5.07,35.01,Sunny,34,Monday,1,Main Road,Medium,44,55,60,3,4,13.9,17:06
3907,B004,R013,S190,Guntur,16.3067,80.4365,6.84,13.12,Sunny,35,Tuesday,1,Highway,Low,60,48,60,2,0,8.8,17:07
3908,B006,R013,S139,Prathipadu,16.48,80.32,2.71,18.42,Cloudy,32,Saturday,1,Main Road,High,45,23,60,3,9,15.6,17:08
3909,B020,R003,S172,Prathipadu,16.48,80.32,7.8,26.05,Foggy,29,Tuesday,0,Village Road,High,34,22,60,1,12,26.8,17:09
3910,B001,R010,S080,Ponnur,16.065,80.551,2.96,23.69,Sunny,35,Tuesday,1,Highway,Medium,60,6,60,3,4,10.0,17:10
3911,B010,R004,S125,Ponnur,16.065,80.551,7.51,10.26,Cloudy,23,Monday,0,Main Road,Medium,33,19,60,4,5,22.7,17:11
3912,B013,R001,S096,Tenali,16.239,80.645,2.71,6.46,Rainy,38,Monday,1,Main Road,Low,38,31,60,4,5,13.3,17:12
3913,B009,R005,S016,Tulluru,16.52,80.58,1.18,27.59,Sunny,37,Wednesday,0,Village Road,Medium,33,6,60,2,4,8.1,17:13
3914,B015,R008,S072,Vaddeswaram,16.49,80.61,1.89,26.93,Foggy,32,Friday,1,Village Road,Medium,22,8,60,4,8,17.2,17:14
3915,B013,R012,S018,Mangalagiri,16.4303,80.5681,3.48,20.14,Cloudy,35,Thursday,0,Village Road,Medium,34,12,60,3,5,14.1,17:15
3916,B017,R008,S179,Tadikonda,16.405,80.643,1.47,5.15,Sunny,37,Tuesday,0,Main Road,Medium,34,9,60,4,4,10.6,17:16
3917,B007,R009,S142,Prathipadu,16.48,80.32,1.36,7.92,Cloudy,24,Tuesday,0,Main Road,Medium,38,58,60,4,5,11.1,17:17
3918,B008,R020,S174,Guntur,16.3067,80.4365,7.84,27.1,Sunny,29,Monday,1,Main Road,Low,42,40,60,3,0,14.2,17:18
3919,B003,R002,S112,Mangalagiri,16.4303,80.5681,7.41,7.51,Sunny,24,Friday,1,Village Road,High,23,52,60,1,8,28.3,17:19
3920,B007,R014,S099,Vaddeswaram,16.49,80.61,5.21,26.68,Cloudy,25,Wednesday,1,Village Road,Medium,34,6,60,3,5,17.2,17:20
3921,B003,R006,S087,Mangalagiri,16.4303,80.5681,7.72,32.15,Cloudy,24,Wednesday,0,Main Road,Low,41,53,60,4,1,16.3,17:21
3922,B007,R018,S117,Prathipadu,16.48,80.32,1.26,25.7,Sunny,28,Monday,0,Village Road,Low,27,48,60,2,0,4.8,17:22
3923,B008,R015,S191,Prathipadu,16.48,80.32,5.04,23.1,Sunny,36,Wednesday,1,Highway,High,52,52,60,4,8,17.8,17:23
3924,B001,R007,S127,Ponnur,16.065,80.551,1.79,16.15,Sunny,34,Wednesday,1,Main Road,High,39,49,60,3,8,13.8,17:24
3925,B012,R011,S075,Mangalagiri,16.4303,80.5681,7.02,36.26,Sunny,30,Tuesday,0,Highway,Medium,52,37,60,2,4,14.1,17:25
3926,B017,R014,S028,Pedakakani,16.285,80.49,7.23,29.8,Sunny,29,Tuesday,0,Village Road,Medium,20,46,60,3,4,28.7,17:26
3927,B007,R014,S121,Tenali,16.239,80.645,1.58,5.3,Sunny,23,Friday,0,Highway,Medium,58,52,60,2,4,7.6,17:27
3928,B002,R017,S124,Mangalagiri,16.4303,80.5681,1.35,4.87,Cloudy,40,Friday,0,Village Road,Low,22,19,60,2,1,6.7,17:28
3929,B001,R006,S005,Tenali,16.239,80.645,6.6,24.74,Cloudy,38,Tuesday,1,Highway,Medium,47,47,60,4,5,17.4,17:29
3930,B006,R018,S064,Vaddeswaram,16.49,80.61,2.27,11.8,Rainy,33,Friday,0,Main Road,High,38,28,60,4,13,20.6,17:30
3931,B009,R010,S108,Vaddeswaram,16.49,80.61,4.4,18.12,Cloudy,30,Wednesday,0,Main Road,Medium,45,17,60,2,5,12.9,17:31
3932,B001,R005,S148,Pedakakani,16.285,80.49,2.77,23.49,Cloudy,23,Thursday,1,Village Road,High,34,21,60,4,9,17.9,17:32
3933,B013,R007,S166,Tadikonda,16.405,80.643,5.0,6.11,Sunny,25,Wednesday,1,Village Road,Low,35,27,60,2,0,10.6,17:33
3934,B009,R011,S062,Vaddeswaram,16.49,80.61,6.42,31.47,Sunny,35,Thursday,0,Main Road,Medium,38,46,60,3,4,17.1,17:34
3935,B012,R019,S097,Tadikonda,16.405,80.643,3.28,16.63,Sunny,35,Monday,1,Village Road,Medium,26,24,60,4,4,15.6,17:35
3936,B016,R002,S099,Prathipadu,16.48,80.32,5.79,29.82,Sunny,25,Monday,1,Main Road,Medium,31,60,60,1,4,16.2,17:36
3937,B017,R011,S091,Guntur,16.3067,80.4365,7.24,34.69,Sunny,27,Tuesday,1,Village Road,Medium,28,6,60,3,4,22.5,17:37
3938,B018,R013,S185,Tulluru,16.52,80.58,0.93,22.98,Rainy,24,Friday,0,Main Road,Medium,36,36,60,3,9,13.6,17:38
3939,B002,R017,S149,Ponnur,16.065,80.551,4.57,8.47,Rainy,37,Tuesday,0,Main Road,Medium,44,19,60,1,9,16.2,17:39
3940,B001,R019,S181,Prathipadu,16.48,80.32,2.78,15.91,Sunny,36,Monday,1,Main Road,High,44,26,60,3,8,14.8,17:40
3941,B003,R016,S186,Pedakakani,16.285,80.49,2.2,31.42,Rainy,26,Saturday,1,Village Road,Medium,24,49,60,2,9,16.5,17:41
3942,B013,R004,S174,Ponnur,16.065,80.551,4.41,19.61,Sunny,23,Monday,1,Main Road,Low,37,52,60,2,0,9.2,17:42
3943,B016,R016,S132,Vaddeswaram,16.49,80.61,7.3,13.54,Sunny,39,Wednesday,1,Village Road,Low,24,14,60,3,0,21.2,17:43
3944,B016,R006,S103,Guntur,16.3067,80.4365,6.2,8.83,Sunny,29,Saturday,1,Main Road,Medium,34,7,60,2,4,16.9,17:44
3945,B017,R005,S119,Mangalagiri,16.4303,80.5681,6.64,19.83,Cloudy,24,Saturday,1,Village Road,Low,32,55,60,1,1,14.4,17:45
3946,B009,R007,S153,Mangalagiri,16.4303,80.5681,2.02,18.17,Sunny,30,Thursday,0,Village Road,Medium,34,28,60,2,4,9.6,17:46
3947,B015,R004,S080,Namburu,16.36,80.52,7.93,22.11,Sunny,36,Tuesday,1,Village Road,Low,28,21,60,3,0,20.0,17:47
3948,B005,R004,S085,Namburu,16.36,80.52,0.99,3.21,Sunny,33,Wednesday,0,Main Road,Low,33,58,60,1,0,2.8,17:48
3949,B003,R007,S102,Tenali,16.239,80.645,2.75,5.84,Sunny,30,Tuesday,0,Main Road,High,44,20,60,4,8,15.8,17:49
3950,B017,R010,S010,Pedakakani,16.285,80.49,1.72,16.89,Rainy,22,Wednesday,0,Main Road,Medium,42,9,60,3,9,14.5,17:50
3951,B013,R015,S147,Guntur,16.3067,80.4365,3.73,3.87,Sunny,28,Friday,0,Village Road,Medium,32,36,60,4,4,15.0,17:51
3952,B019,R016,S189,Vaddeswaram,16.49,80.61,7.05,28.17,Cloudy,39,Friday,0,Main Road,High,42,57,60,1,9,20.1,17:52
3953,B009,R001,S130,Guntur,16.3067,80.4365,1.31,1.71,Sunny,28,Monday,1,Main Road,High,37,55,60,2,8,12.1,17:53
3954,B006,R005,S165,Tadikonda,16.405,80.643,4.27,30.51,Sunny,32,Monday,1,Village Road,High,30,24,60,2,8,18.5,17:54
3955,B018,R019,S189,Prathipadu,16.48,80.32,4.96,12.82,Sunny,26,Tuesday,1,Main Road,Low,30,56,60,2,0,11.9,17:55
3956,B004,R008,S185,Tenali,16.239,80.645,6.93,15.46,Cloudy,36,Tuesday,1,Main Road,Medium,39,43,60,1,5,16.7,17:56
3957,B008,R015,S081,Tadikonda,16.405,80.643,5.17,17.75,Cloudy,25,Tuesday,0,Main Road,Medium,31,5,60,3,5,18.0,17:57
3958,B008,R006,S165,Namburu,16.36,80.52,3.57,8.89,Sunny,24,Tuesday,0,Highway,Low,55,34,60,1,0,4.9,17:58
3959,B019,R008,S144,Vaddeswaram,16.49,80.61,4.67,4.98,Sunny,33,Wednesday,1,Village Road,Medium,30,7,60,2,4,15.3,17:59
3960,B009,R019,S032,Namburu,16.36,80.52,1.07,22.3,Cloudy,29,Monday,1,Main Road,Medium,35,58,60,3,5,9.8,17:00
3961,B009,R004,S096,Mangalagiri,16.4303,80.5681,1.19,4.83,Sunny,25,Monday,0,Highway,Low,56,16,60,4,0,5.3,17:01
3962,B004,R007,S146,Tadikonda,16.405,80.643,1.24,2.01,Sunny,40,Saturday,0,Main Road,Low,35,50,60,2,0,4.1,17:02
3963,B020,R003,S101,Vaddeswaram,16.49,80.61,4.36,13.87,Sunny,24,Monday,0,Main Road,Low,39,43,60,3,0,9.7,17:03
3964,B018,R003,S076,Tulluru,16.52,80.58,3.17,17.55,Foggy,29,Saturday,1,Main Road,Medium,32,58,60,2,8,15.9,17:04
3965,B001,R004,S153,Mangalagiri,16.4303,80.5681,7.6,31.25,Sunny,25,Monday,1,Village Road,High,32,22,60,2,8,24.2,17:05
3966,B018,R017,S036,Tenali,16.239,80.645,1.36,10.13,Sunny,22,Thursday,1,Village Road,High,19,47,60,3,8,15.3,17:06
3967,B012,R005,S166,Pedakakani,16.285,80.49,5.24,10.89,Sunny,40,Tuesday,1,Main Road,Low,30,13,60,4,0,14.5,17:07
3968,B014,R015,S019,Pedakakani,16.285,80.49,3.53,15.89,Cloudy,26,Thursday,1,Village Road,Medium,28,56,60,1,5,13.6,17:08
3969,B006,R010,S198,Ponnur,16.065,80.551,3.31,20.61,Rainy,40,Thursday,0,Village Road,Low,18,34,60,2,5,18.0,17:09
3970,B005,R005,S140,Tenali,16.239,80.645,6.85,31.67,Rainy,33,Wednesday,0,Highway,Medium,58,22,60,1,9,17.1,17:10
3971,B011,R014,S192,Guntur,16.3067,80.4365,6.46,22.06,Cloudy,26,Tuesday,1,Highway,Low,47,56,60,1,1,10.2,17:11
3972,B015,R018,S017,Vaddeswaram,16.49,80.61,0.89,10.86,Cloudy,31,Thursday,0,Main Road,Medium,30,26,60,2,5,8.8,17:12
3973,B008,R008,S070,Prathipadu,16.48,80.32,1.85,5.57,Cloudy,33,Tuesday,0,Main Road,Medium,33,39,60,3,5,11.4,17:13
3974,B006,R002,S129,Ponnur,16.065,80.551,5.13,20.28,Sunny,32,Saturday,0,Village Road,Medium,31,7,60,1,4,14.9,17:14
3975,B020,R012,S021,Pedakakani,16.285,80.49,2.66,4.21,Sunny,40,Thursday,1,Main Road,Medium,30,49,60,3,4,12.3,17:15
3976,B019,R005,S194,Tenali,16.239,80.645,7.92,16.82,Cloudy,22,Friday,1,Village Road,Medium,26,22,60,3,5,26.3,17:16
3977,B019,R010,S070,Pedakakani,16.285,80.49,2.32,27.36,Rainy,26,Tuesday,0,Main Road,High,35,14,60,3,13,20.0,17:17
3978,B008,R001,S072,Tulluru,16.52,80.58,1.92,30.43,Rainy,32,Saturday,1,Main Road,High,44,6,60,4,13,19.6,17:18
3979,B018,R018,S044,Tulluru,16.52,80.58,5.5,16.9,Rainy,38,Saturday,0,Village Road,Low,35,5,60,2,5,16.4,17:19
3980,B013,R006,S063,Pedakakani,16.285,80.49,1.98,5.59,Cloudy,25,Monday,1,Village Road,High,21,29,60,3,9,17.7,17:20
3981,B007,R007,S082,Pedakakani,16.285,80.49,7.21,19.99,Sunny,40,Monday,0,Village Road,Low,25,27,60,3,0,20.3,17:21
3982,B009,R013,S187,Prathipadu,16.48,80.32,6.83,29.53,Cloudy,36,Tuesday,1,Village Road,Medium,29,44,60,1,5,20.1,17:22
3983,B004,R014,S094,Tadikonda,16.405,80.643,3.45,17.69,Cloudy,35,Saturday,1,Main Road,Medium,42,53,60,4,5,13.9,17:23
3984,B015,R004,S022,Pedakakani,16.285,80.49,3.66,10.97,Cloudy,23,Thursday,1,Village Road,Low,18,34,60,1,1,14.2,17:24
3985,B007,R014,S154,Tulluru,16.52,80.58,7.22,26.5,Sunny,27,Friday,1,Main Road,High,35,10,60,3,8,23.4,17:25
3986,B008,R014,S190,Pedakakani,16.285,80.49,4.0,22.93,Cloudy,23,Monday,0,Main Road,Low,45,35,60,2,1,8.3,17:26
3987,B018,R004,S110,Vaddeswaram,16.49,80.61,3.45,11.93,Sunny,33,Wednesday,0,Village Road,High,19,45,60,3,8,21.9,17:27
3988,B015,R013,S079,Prathipadu,16.48,80.32,4.79,30.38,Foggy,35,Monday,0,Highway,Low,54,59,60,3,4,12.3,17:28
3989,B020,R005,S023,Prathipadu,16.48,80.32,1.74,25.14,Sunny,36,Tuesday,1,Village Road,Medium,27,29,60,1,4,8.9,17:29
3990,B016,R006,S128,Pedakakani,16.285,80.49,8.0,9.68,Rainy,37,Tuesday,0,Village Road,High,25,31,60,1,13,33.2,17:30
3991,B004,R014,S066,Pedakakani,16.285,80.49,4.11,17.08,Rainy,22,Tuesday,0,Village Road,Low,26,30,60,4,5,18.5,17:31
3992,B006,R009,S177,Mangalagiri,16.4303,80.5681,7.0,24.46,Rainy,30,Friday,0,Village Road,Low,26,34,60,4,5,25.2,17:32
3993,B016,R017,S019,Prathipadu,16.48,80.32,2.97,18.73,Cloudy,39,Tuesday,0,Main Road,Low,43,38,60,3,1,8.1,17:33
3994,B011,R007,S064,Guntur,16.3067,80.4365,6.19,16.71,Foggy,23,Friday,1,Main Road,Medium,37,10,60,1,8,19.0,17:34
3995,B014,R019,S023,Tulluru,16.52,80.58,4.89,25.58,Cloudy,24,Monday,0,Main Road,Low,31,5,60,3,1,13.5,17:35
3996,B002,R010,S198,Vaddeswaram,16.49,80.61,3.57,20.23,Sunny,30,Monday,1,Village Road,Medium,34,9,60,3,4,13.3,17:36
3997,B003,R001,S075,Prathipadu,16.48,80.32,3.66,13.5,Sunny,38,Monday,0,Main Road,Medium,36,25,60,4,4,14.1,17:37
3998,B019,R008,S129,Namburu,16.36,80.52,5.9,13.49,Sunny,36,Monday,0,Village Road,Medium,34,39,60,3,4,17.4,17:38
3999,B011,R018,S192,Tulluru,16.52,80.58,3.24,11.68,Sunny,22,Wednesday,1,Main Road,High,44,56,60,3,8,15.4,17:39
4000,B017,R006,S076,Tenali,16.239,80.645,3.65,26.64,Rainy,33,Saturday,1,Main Road,Medium,40,32,60,4,9,18.5,08:40
4001,B008,R003,S118,Tenali,16.239,80.645,1.8,29.3,Rainy,29,Tuesday,0,Main Road,Medium,41,60,60,4,9,15.6,08:41
4002,B004,R011,S174,Vaddeswaram,16.49,80.61,4.91,23.94,Cloudy,23,Saturday,0,Village Road,Medium,30,22,60,1,5,15.8,08:42
4003,B007,R008,S095,Tenali,16.239,80.645,2.25,11.9,Rainy,36,Monday,0,Highway,Low,58,6,60,3,5,10.3,08:43
4004,B005,R017,S115,Pedakakani,16.285,80.49,5.41,18.15,Sunny,23,Tuesday,1,Main Road,Low,32,28,60,4,0,14.1,08:44
4005,B016,R001,S004,Prathipadu,16.48,80.32,5.66,7.16,Cloudy,40,Thursday,0,Main Road,Low,37,40,60,1,1,11.2,08:45
4006,B012,R016,S019,Tulluru,16.52,80.58,5.44,15.13,Rainy,35,Saturday,0,Main Road,High,38,60,60,3,13,24.6,08:46
4007,B008,R006,S055,Pedakakani,16.285,80.49,3.6,15.83,Sunny,24,Tuesday,0,Village Road,High,25,6,60,1,8,17.6,08:47
4008,B014,R020,S011,Tenali,16.239,80.645,4.43,17.67,Sunny,28,Wednesday,0,Village Road,High,31,18,60,1,8,17.6,08:48
4009,B005,R010,S142,Ponnur,16.065,80.551,4.45,22.76,Cloudy,32,Monday,0,Village Road,Medium,22,47,60,3,5,20.1,08:49
4010,B018,R012,S136,Prathipadu,16.48,80.32,6.66,32.97,Cloudy,36,Tuesday,0,Main Road,Medium,35,56,60,4,5,20.4,08:50
4011,B007,R016,S004,Ponnur,16.065,80.551,4.62,23.09,Sunny,29,Friday,1,Main Road,Low,43,55,60,4,0,10.4,08:51
4012,B015,R001,S073,Namburu,16.36,80.52,4.45,14.7,Rainy,30,Saturday,1,Main Road,Medium,38,54,60,3,9,19.0,08:52
4013,B008,R018,S012,Pedakakani,16.285,80.49,4.68,19.06,Sunny,33,Wednesday,1,Main Road,Low,41,58,60,3,0,9.8,08:53
4014,B015,R012,S183,Tulluru,16.52,80.58,7.12,22.75,Rainy,29,Friday,0,Main Road,High,37,47,60,1,13,25.5,08:54
4015,B006,R016,S011,Tulluru,16.52,80.58,6.29,34.94,Foggy,40,Friday,0,Main Road,Medium,42,43,60,3,8,20.0,08:55
4016,B017,R001,S188,Prathipadu,16.48,80.32,7.12,24.66,Cloudy,33,Tuesday,1,Village Road,High,34,19,60,2,9,23.6,08:56
4017,B018,R002,S089,Ponnur,16.065,80.551,4.42,12.15,Rainy,31,Wednesday,1,Main Road,High,42,55,60,4,13,23.3,08:57
4018,B019,R006,S025,Tadikonda,16.405,80.643,4.98,13.59,Sunny,38,Friday,0,Main Road,Low,35,11,60,3,0,11.5,08:58
4019,B003,R013,S083,Guntur,16.3067,80.4365,3.68,21.72,Sunny,37,Monday,1,Main Road,Low,42,11,60,3,0,8.3,08:59
4020,B009,R014,S056,Namburu,16.36,80.52,1.02,13.05,Sunny,23,Tuesday,1,Village Road,Low,21,53,60,2,0,4.9,08:00
4021,B014,R001,S057,Namburu,16.36,80.52,3.21,19.76,Sunny,26,Monday,0,Main Road,Medium,40,45,60,2,4,10.8,08:01
4022,B009,R004,S140,Tadikonda,16.405,80.643,7.14,21.61,Cloudy,33,Monday,1,Main Road,Medium,32,37,60,3,5,21.4,08:02
4023,B017,R005,S057,Tenali,16.239,80.645,6.49,34.02,Cloudy,37,Monday,0,Main Road,High,43,28,60,1,9,19.1,08:03
4024,B005,R016,S047,Tulluru,16.52,80.58,5.77,21.06,Cloudy,26,Wednesday,0,Main Road,Low,36,49,60,2,1,12.6,08:04
4025,B003,R017,S095,Namburu,16.36,80.52,1.76,18.96,Cloudy,24,Monday,1,Village Road,High,31,47,60,4,9,16.4,08:05
4026,B005,R015,S131,Namburu,16.36,80.52,1.64,11.12,Cloudy,34,Monday,0,Main Road,High,42,38,60,4,9,15.3,08:06
4027,B014,R002,S172,Tulluru,16.52,80.58,6.36,34.58,Sunny,38,Tuesday,1,Highway,Medium,50,47,60,2,4,13.6,08:07
4028,B018,R010,S041,Vaddeswaram,16.49,80.61,3.5,12.66,Rainy,22,Wednesday,1,Village Road,High,24,45,60,3,13,24.8,08:08
4029,B014,R018,S133,Ponnur,16.065,80.551,7.47,27.56,Sunny,24,Wednesday,1,Village Road,Medium,30,46,60,4,4,22.9,08:09
4030,B007,R007,S045,Tenali,16.239,80.645,7.89,37.77,Rainy,34,Saturday,1,Village Road,Low,20,58,60,4,5,32.7,08:10
4031,B005,R015,S060,Guntur,16.3067,80.4365,4.85,33.71,Sunny,33,Friday,0,Main Road,Medium,39,41,60,3,4,14.5,08:11
4032,B003,R006,S004,Tadikonda,16.405,80.643,5.87,27.22,Sunny,32,Tuesday,1,Highway,High,60,6,60,4,8,17.9,08:12
4033,B005,R005,S091,Guntur,16.3067,80.4365,7.92,20.72,Sunny,34,Tuesday,1,Highway,Medium,46,23,60,1,4,15.3,08:13
4034,B016,R002,S049,Tenali,16.239,80.645,3.85,31.55,Rainy,36,Monday,1,Main Road,Low,34,8,60,4,5,15.8,08:14
4035,B011,R015,S143,Mangalagiri,16.4303,80.5681,6.39,16.99,Rainy,30,Saturday,0,Village Road,High,33,34,60,2,13,26.6,08:15
4036,B016,R018,S021,Mangalagiri,16.4303,80.5681,3.32,31.31,Cloudy,38,Friday,1,Village Road,Medium,35,56,60,1,5,11.7,08:16
4037,B020,R007,S120,Pedakakani,16.285,80.49,5.05,8.64,Sunny,38,Wednesday,0,Village Road,Medium,35,37,60,2,4,14.7,08:17
4038,B001,R002,S005,Namburu,16.36,80.52,3.28,15.35,Sunny,30,Thursday,0,Highway,High,56,55,60,1,8,12.5,08:18
4039,B007,R015,S002,Tulluru,16.52,80.58,7.25,22.73,Sunny,39,Thursday,0,Village Road,High,28,24,60,1,8,24.5,08:19
4040,B015,R014,S036,Prathipadu,16.48,80.32,6.49,20.29,Sunny,29,Monday,1,Village Road,Low,22,35,60,2,0,19.7,08:20
4041,B020,R005,S104,Guntur,16.3067,80.4365,6.18,32.68,Cloudy,34,Friday,0,Village Road,High,18,19,60,2,9,31.6,08:21
4042,B008,R001,S038,Prathipadu,16.48,80.32,1.82,4.87,Rainy,40,Friday,1,Highway,Medium,48,13,60,4,9,15.3,08:22
4043,B007,R012,S130,Vaddeswaram,16.49,80.61,5.03,25.66,Sunny,27,Saturday,1,Highway,Medium,45,20,60,1,4,11.7,08:23
4044,B020,R004,S156,Namburu,16.36,80.52,7.41,33.26,Sunny,38,Thursday,0,Village Road,Medium,34,51,60,3,4,20.1,08:24
4045,B020,R006,S181,Tenali,16.239,80.645,2.22,6.12,Cloudy,36,Wednesday,1,Main Road,Medium,45,10,60,2,5,10.0,08:25
4046,B010,R016,S083,Tenali,16.239,80.645,7.44,16.01,Rainy,33,Tuesday,0,Village Road,Low,29,23,60,3,5,23.4,08:26
4047,B009,R004,S004,Mangalagiri,16.4303,80.5681,1.05,26.54,Sunny,37,Monday,1,Village Road,Medium,33,57,60,1,4,6.9,08:27
4048,B010,R011,S128,Vaddeswaram,16.49,80.61,6.13,26.78,Sunny,31,Tuesday,1,Main Road,High,45,60,60,3,8,19.2,08:28
4049,B007,R015,S038,Pedakakani,16.285,80.49,2.0,13.89,Cloudy,30,Wednesday,1,Main Road,High,44,41,60,3,9,14.7,08:29
4050,B014,R020,S042,Namburu,16.36,80.52,3.52,21.27,Sunny,23,Monday,0,Village Road,High,23,54,60,2,8,19.2,08:30
4051,B008,R017,S181,Tadikonda,16.405,80.643,6.16,7.69,Rainy,37,Monday,1,Village Road,Medium,27,47,60,3,9,25.7,08:31
4052,B008,R016,S098,Ponnur,16.065,80.551,4.79,16.55,Rainy,26,Wednesday,1,Highway,Medium,51,9,60,4,9,18.6,08:32
4053,B001,R011,S010,Guntur,16.3067,80.4365,7.34,16.18,Sunny,32,Monday,1,Main Road,Low,33,42,60,3,0,16.3,08:33
4054,B013,R003,S005,Ponnur,16.065,80.551,7.53,20.12,Sunny,33,Monday,0,Main Road,Medium,31,54,60,1,4,19.6,08:34
4055,B001,R018,S158,Tulluru,16.52,80.58,3.97,20.65,Sunny,39,Friday,1,Highway,Low,48,35,60,3,0,8.0,08:35
4056,B014,R010,S055,Tulluru,16.52,80.58,3.41,29.17,Foggy,29,Saturday,0,Main Road,Low,32,38,60,1,4,11.4,08:36
4057,B018,R005,S197,Vaddeswaram,16.49,80.61,5.07,12.63,Rainy,39,Saturday,1,Main Road,Low,30,51,60,4,5,19.1,08:37
4058,B016,R018,S105,Pedakakani,16.285,80.49,5.36,25.93,Sunny,25,Thursday,1,Main Road,Low,44,60,60,3,0,10.3,08:38
4059,B010,R013,S046,Vaddeswaram,16.49,80.61,6.07,24.67,Sunny,22,Thursday,1,Main Road,High,30,36,60,4,8,24.1,08:39
4060,B017,R006,S153,Tadikonda,16.405,80.643,5.06,14.22,Rainy,34,Tuesday,0,Main Road,Low,43,16,60,2,5,14.1,08:40
4061,B011,R017,S022,Prathipadu,16.48,80.32,1.34,4.56,Sunny,36,Thursday,0,Main Road,High,31,42,60,4,8,14.6,08:41
4062,B005,R011,S036,Tadikonda,16.405,80.643,7.85,23.79,Sunny,35,Monday,0,Main Road,Low,43,9,60,2,0,13.0,08:42
4063,B003,R005,S043,Mangalagiri,16.4303,80.5681,7.4,21.8,Rainy,24,Tuesday,1,Main Road,Medium,35,45,60,1,9,22.7,08:43
4064,B011,R006,S013,Tenali,16.239,80.645,7.64,10.49,Sunny,33,Saturday,0,Village Road,Low,22,7,60,3,0,23.8,08:44
4065,B003,R003,S083,Tulluru,16.52,80.58,1.64,16.77,Sunny,22,Saturday,1,Village Road,Medium,32,11,60,1,4,8.1,08:45
4066,B002,R017,S047,Tadikonda,16.405,80.643,1.62,6.62,Rainy,34,Thursday,0,Village Road,Medium,20,17,60,3,9,16.9,08:46
4067,B016,R004,S154,Tulluru,16.52,80.58,0.86,19.35,Cloudy,24,Monday,1,Highway,Low,60,28,60,2,1,3.9,08:47
4068,B003,R002,S145,Mangalagiri,16.4303,80.5681,4.41,34.4,Sunny,33,Friday,0,Main Road,Medium,42,55,60,4,4,14.3,08:48
4069,B010,R016,S158,Ponnur,16.065,80.551,6.68,20.71,Foggy,23,Wednesday,0,Main Road,High,40,53,60,2,12,24.0,08:49
4070,B018,R007,S092,Tenali,16.239,80.645,0.9,24.11,Rainy,35,Tuesday,1,Main Road,High,45,58,60,4,13,18.2,08:50
4071,B016,R001,S114,Ponnur,16.065,80.551,4.78,7.79,Sunny,36,Wednesday,1,Village Road,Low,34,32,60,1,0,9.4,08:51
4072,B002,R008,S006,Prathipadu,16.48,80.32,6.93,28.22,Sunny,37,Tuesday,1,Village Road,Low,19,19,60,2,0,23.9,08:52
4073,B018,R013,S030,Vaddeswaram,16.49,80.61,5.28,34.04,Sunny,35,Friday,0,Main Road,Medium,32,8,60,4,4,17.9,08:53
4074,B010,R010,S061,Vaddeswaram,16.49,80.61,3.07,25.46,Cloudy,40,Wednesday,1,Main Road,Low,44,31,60,3,1,8.2,08:54
4075,B008,R018,S060,Tulluru,16.52,80.58,6.35,24.26,Cloudy,28,Wednesday,1,Highway,Low,57,10,60,1,1,8.7,08:55
4076,B004,R013,S006,Pedakakani,16.285,80.49,4.12,33.93,Sunny,23,Monday,0,Village Road,Medium,32,11,60,4,4,15.7,08:56
4077,B019,R008,S015,Mangalagiri,16.4303,80.5681,6.57,22.8,Rainy,40,Monday,1,Main Road,Medium,44,35,60,2,9,20.0,08:57
4078,B001,R019,S198,Tadikonda,16.405,80.643,5.16,5.32,Sunny,30,Thursday,1,Village Road,Medium,19,47,60,3,4,23.3,08:58
4079,B006,R017,S134,Prathipadu,16.48,80.32,4.88,32.97,Rainy,36,Tuesday,1,Highway,High,45,45,60,3,13,22.5,08:59
4080,B014,R004,S127,Vaddeswaram,16.49,80.61,7.16,24.61,Sunny,36,Tuesday,0,Main Road,Low,30,36,60,1,0,15.3,08:00
4081,B019,R006,S085,Tulluru,16.52,80.58,3.17,9.9,Rainy,25,Friday,1,Main Road,High,31,23,60,1,13,20.1,08:01
4082,B009,R016,S031,Namburu,16.36,80.52,2.03,4.5,Foggy,33,Thursday,1,Highway,Medium,56,8,60,3,8,13.2,08:02
4083,B014,R018,S038,Tenali,16.239,80.645,0.88,8.58,Rainy,23,Monday,0,Village Road,Medium,18,7,60,2,9,13.9,08:03
4084,B016,R019,S094,Tadikonda,16.405,80.643,3.71,29.39,Cloudy,37,Wednesday,1,Village Road,Low,22,11,60,4,1,15.1,08:04
4085,B011,R017,S115,Vaddeswaram,16.49,80.61,0.91,1.72,Sunny,40,Wednesday,0,Main Road,High,34,59,60,4,8,13.6,08:05
4086,B017,R007,S021,Tenali,16.239,80.645,0.86,28.59,Sunny,29,Wednesday,1,Highway,Medium,56,9,60,4,4,8.9,08:06
4087,B017,R017,S062,Tulluru,16.52,80.58,5.98,20.5,Cloudy,36,Thursday,0,Highway,Medium,51,31,60,1,5,13.0,08:07
4088,B019,R007,S157,Mangalagiri,16.4303,80.5681,7.65,17.89,Sunny,25,Saturday,1,Main Road,Low,32,39,60,3,0,17.3,08:08
4089,B007,R009,S016,Tadikonda,16.405,80.643,6.45,35.15,Cloudy,27,Friday,1,Village Road,Low,19,49,60,3,1,24.4,08:09
4090,B011,R016,S149,Pedakakani,16.285,80.49,4.09,7.34,Sunny,22,Tuesday,0,Main Road,Low,31,39,60,2,0,9.9,08:10
4091,B011,R010,S060,Prathipadu,16.48,80.32,0.87,29.72,Cloudy,36,Monday,0,Village Road,Low,19,12,60,4,1,7.7,08:11
4092,B010,R018,S127,Tadikonda,16.405,80.643,1.76,18.92,Sunny,37,Saturday,1,Village Road,Medium,22,7,60,2,4,10.8,08:12
4093,B004,R018,S036,Mangalagiri,16.4303,80.5681,2.68,8.6,Rainy,34,Wednesday,0,Main Road,High,43,16,60,4,13,20.7,08:13
4094,B012,R018,S065,Namburu,16.36,80.52,2.67,15.36,Sunny,23,Wednesday,0,Highway,High,45,45,60,4,8,15.6,08:14
4095,B016,R003,S041,Tulluru,16.52,80.58,2.72,30.96,Sunny,24,Saturday,0,Highway,Low,46,24,60,4,0,7.5,08:15
4096,B004,R008,S017,Tulluru,16.52,80.58,1.34,11.89,Rainy,24,Tuesday,1,Main Road,High,43,38,60,2,13,16.9,08:16
4097,B016,R003,S198,Tenali,16.239,80.645,1.95,15.49,Sunny,24,Tuesday,1,Village Road,Medium,34,6,60,1,4,8.4,08:17
4098,B010,R016,S049,Tenali,16.239,80.645,5.15,19.99,Sunny,27,Wednesday,1,Highway,Low,58,33,60,3,0,8.3,08:18
4099,B013,R002,S067,Mangalagiri,16.4303,80.5681,4.87,33.04,Sunny,24,Saturday,0,Village Road,Medium,26,39,60,4,4,19.2,08:19
4100,B010,R006,S166,Mangalagiri,16.4303,80.5681,3.57,21.15,Rainy,39,Tuesday,1,Main Road,High,45,18,60,3,13,20.8,09:20
4101,B016,R004,S043,Tadikonda,16.405,80.643,2.01,22.46,Foggy,23,Monday,1,Main Road,High,30,19,60,3,12,19.0,09:21
4102,B015,R013,S178,Mangalagiri,16.4303,80.5681,6.5,11.94,Cloudy,37,Wednesday,0,Main Road,Low,31,13,60,4,1,17.6,09:22
4103,B004,R019,S195,Tulluru,16.52,80.58,4.26,33.66,Sunny,31,Friday,0,Main Road,Medium,33,22,60,3,4,14.7,09:23
4104,B001,R014,S028,Prathipadu,16.48,80.32,4.56,29.79,Sunny,35,Friday,0,Village Road,Medium,34,39,60,1,4,13.0,09:24
4105,B018,R012,S010,Ponnur,16.065,80.551,2.57,28.06,Sunny,39,Tuesday,0,Main Road,High,30,30,60,1,8,14.1,09:25
4106,B004,R016,S089,Mangalagiri,16.4303,80.5681,2.83,11.4,Sunny,27,Wednesday,0,Main Road,Medium,31,49,60,1,4,10.5,09:26
4107,B003,R005,S121,Guntur,16.3067,80.4365,2.91,22.87,Cloudy,37,Monday,0,Highway,Low,56,58,60,3,1,7.1,09:27
4108,B017,R004,S188,Pedakakani,16.285,80.49,2.52,20.11,Rainy,24,Saturday,1,Main Road,Medium,34,22,60,2,9,15.4,09:28
4109,B007,R006,S058,Guntur,16.3067,80.4365,6.23,17.83,Cloudy,37,Thursday,0,Highway,Medium,60,51,60,3,5,14.2,09:29
4110,B006,R014,S074,Tenali,16.239,80.645,2.77,7.14,Sunny,37,Tuesday,0,Main Road,High,34,46,60,2,8,14.9,09:30
4111,B005,R015,S085,Tenali,16.239,80.645,1.12,27.7,Sunny,34,Monday,1,Main Road,Medium,35,46,60,2,4,7.9,09:31
4112,B017,R003,S184,Pedakakani,16.285,80.49,6.7,13.27,Rainy,40,Saturday,0,Main Road,Medium,38,23,60,1,9,20.6,09:32
4113,B005,R001,S195,Tadikonda,16.405,80.643,3.36,21.43,Sunny,29,Friday,1,Main Road,Low,43,54,60,2,0,6.7,09:33
4114,B009,R012,S088,Ponnur,16.065,80.551,5.2,17.43,Sunny,30,Saturday,1,Main Road,Medium,30,23,60,1,4,15.4,09:34
4115,B009,R018,S055,Ponnur,16.065,80.551,4.32,17.17,Rainy,28,Thursday,1,Village Road,Low,25,28,60,2,5,17.4,09:35
4116,B004,R013,S085,Namburu,16.36,80.52,3.25,10.21,Foggy,28,Monday,0,Main Road,Medium,45,60,60,1,8,13.3,09:36
4117,B003,R012,S160,Prathipadu,16.48,80.32,7.35,32.53,Sunny,24,Saturday,0,Main Road,Low,42,19,60,4,0,14.5,09:37
4118,B002,R008,S187,Tenali,16.239,80.645,3.22,6.89,Cloudy,30,Monday,0,Main Road,Low,35,19,60,1,1,7.5,09:38
4119,B005,R014,S199,Namburu,16.36,80.52,1.75,4.24,Sunny,23,Thursday,1,Highway,High,49,45,60,2,8,12.1,09:39
4120,B018,R018,S105,Vaddeswaram,16.49,80.61,0.81,15.23,Foggy,29,Friday,1,Main Road,Medium,43,25,60,3,8,12.1,09:40
4121,B019,R007,S135,Prathipadu,16.48,80.32,4.93,33.78,Sunny,28,Wednesday,0,Main Road,Low,35,57,60,3,0,11.5,09:41
4122,B007,R005,S015,Tulluru,16.52,80.58,1.73,23.3,Rainy,24,Tuesday,0,Main Road,Medium,41,59,60,4,9,15.5,09:42
4123,B004,R018,S097,Prathipadu,16.48,80.32,2.51,23.24,Rainy,34,Wednesday,0,Village Road,Low,23,9,60,1,5,12.5,09:43
4124,B012,R020,S121,Pedakakani,16.285,80.49,7.46,31.37,Sunny,39,Tuesday,1,Highway,Medium,57,42,60,4,4,15.9,09:44
4125,B017,R017,S198,Guntur,16.3067,80.4365,4.08,10.05,Sunny,39,Wednesday,0,Highway,Low,45,41,60,1,0,6.4,09:45
4126,B004,R006,S160,Mangalagiri,16.4303,80.5681,1.65,28.22,Sunny,22,Wednesday,1,Main Road,Low,44,15,60,2,0,4.2,09:46
4127,B005,R018,S160,Vaddeswaram,16.49,80.61,1.7,2.7,Cloudy,28,Saturday,0,Village Road,Low,31,9,60,4,1,8.3,09:47
4128,B020,R016,S132,Tadikonda,16.405,80.643,7.76,30.47,Sunny,31,Friday,1,Village Road,Low,21,48,60,1,0,23.2,09:48
4129,B008,R004,S009,Guntur,16.3067,80.4365,5.65,34.19,Sunny,23,Friday,1,Main Road,High,31,26,60,4,8,22.9,09:49
4130,B003,R009,S124,Tenali,16.239,80.645,7.39,18.9,Sunny,27,Saturday,1,Highway,Medium,53,5,60,4,4,16.4,09:50
4131,B019,R009,S080,Namburu,16.36,80.52,6.7,35.98,Foggy,30,Friday,0,Village Road,Medium,25,10,60,1,8,25.1,09:51
4132,B013,R008,S189,Namburu,16.36,80.52,0.87,30.56,Sunny,22,Thursday,0,Village Road,Low,31,34,60,4,0,5.7,09:52
4133,B002,R004,S055,Tadikonda,16.405,80.643,4.73,20.65,Cloudy,38,Friday,0,Highway,Medium,55,5,60,4,5,14.2,09:53
4134,B017,R014,S035,Tadikonda,16.405,80.643,7.92,14.18,Cloudy,28,Wednesday,0,Main Road,High,34,47,60,3,9,26.0,09:54
4135,B007,R001,S093,Tadikonda,16.405,80.643,3.81,6.09,Cloudy,34,Thursday,1,Main Road,Low,34,53,60,2,1,9.7,09:55
4136,B010,R006,S032,Namburu,16.36,80.52,5.35,9.89,Sunny,22,Friday,1,Main Road,High,42,20,60,2,8,17.6,09:56
4137,B005,R013,S171,Tulluru,16.52,80.58,5.88,18.94,Sunny,39,Thursday,1,Main Road,Medium,30,52,60,1,4,16.8,09:57
4138,B016,R013,S165,Vaddeswaram,16.49,80.61,5.58,35.38,Sunny,39,Wednesday,1,Main Road,Medium,44,29,60,3,4,14.6,09:58
4139,B016,R015,S179,Prathipadu,16.48,80.32,3.45,23.78,Sunny,31,Thursday,1,Main Road,Medium,35,50,60,2,4,11.9,09:59
4140,B002,R002,S028,Vaddeswaram,16.49,80.61,3.53,12.36,Cloudy,28,Thursday,1,Highway,High,54,37,60,2,9,14.9,09:00
4141,B014,R012,S059,Tenali,16.239,80.645,4.29,24.55,Rainy,32,Tuesday,0,Main Road,Low,32,46,60,3,5,16.0,09:01
4142,B002,R005,S185,Namburu,16.36,80.52,3.52,18.37,Sunny,23,Tuesday,0,Main Road,Medium,45,22,60,1,4,9.7,09:02
4143,B007,R006,S064,Tenali,16.239,80.645,6.0,25.1,Sunny,38,Friday,1,Main Road,Low,44,8,60,3,0,11.2,09:03
4144,B002,R013,S052,Tulluru,16.52,80.58,7.49,20.37,Sunny,24,Friday,1,Main Road,Low,40,23,60,1,0,12.2,09:04
4145,B020,R002,S171,Ponnur,16.065,80.551,4.04,25.95,Foggy,35,Wednesday,0,Village Road,Low,30,30,60,2,4,14.1,09:05
4146,B010,R004,S094,Pedakakani,16.285,80.49,7.38,32.62,Sunny,26,Tuesday,1,Highway,Medium,57,33,60,1,4,12.8,09:06
4147,B011,R016,S103,Vaddeswaram,16.49,80.61,4.89,15.12,Sunny,29,Saturday,0,Main Road,High,30,37,60,2,8,19.8,09:07
4148,B001,R007,S127,Mangalagiri,16.4303,80.5681,7.78,27.36,Foggy,35,Monday,0,Highway,Medium,55,45,60,2,8,18.5,09:08
4149,B003,R014,S156,Guntur,16.3067,80.4365,4.18,31.19,Cloudy,36,Thursday,0,Main Road,Medium,44,33,60,2,5,12.7,09:09
4150,B019,R007,S071,Tulluru,16.52,80.58,1.12,11.18,Cloudy,30,Friday,0,Highway,Medium,57,46,60,3,5,9.2,09:10
4151,B005,R011,S087,Prathipadu,16.48,80.32,3.96,24.92,Sunny,32,Thursday,1,Highway,High,46,54,60,2,8,15.2,09:11
4152,B014,R008,S069,Mangalagiri,16.4303,80.5681,4.55,33.13,Sunny,22,Friday,0,Main Road,Low,41,50,60,2,0,8.7,09:12
4153,B010,R011,S045,Prathipadu,16.48,80.32,1.69,29.56,Sunny,39,Monday,1,Village Road,High,24,47,60,2,8,14.2,09:13
4154,B014,R004,S085,Tenali,16.239,80.645,2.72,13.95,Sunny,27,Saturday,1,Highway,Medium,57,40,60,3,4,9.9,09:14
4155,B019,R004,S113,Mangalagiri,16.4303,80.5681,4.16,23.71,Sunny,22,Thursday,0,Main Road,Low,41,47,60,3,0,9.1,09:15
4156,B005,R009,S141,Vaddeswaram,16.49,80.61,3.97,5.83,Cloudy,40,Saturday,1,Village Road,Low,29,9,60,2,1,11.2,09:16
4157,B001,R006,S029,Ponnur,16.065,80.551,5.18,29.66,Rainy,40,Saturday,1,Main Road,Low,45,44,60,1,5,12.9,09:17
4158,B013,R011,S102,Namburu,16.36,80.52,0.85,10.16,Cloudy,24,Tuesday,1,Village Road,Medium,32,32,60,1,5,7.6,09:18
4159,B017,R001,S045,Prathipadu,16.48,80.32,1.81,12.96,Rainy,34,Monday,1,Highway,Medium,58,16,60,2,9,12.9,09:19
4160,B017,R003,S156,Tadikonda,16.405,80.643,3.57,18.17,Sunny,30,Friday,0,Village Road,Low,27,46,60,4,0,11.9,09:20
4161,B015,R005,S157,Ponnur,16.065,80.551,5.74,34.57,Cloudy,24,Thursday,0,Main Road,High,37,22,60,2,9,20.3,09:21
4162,B003,R019,S051,Mangalagiri,16.4303,80.5681,7.84,18.24,Cloudy,34,Saturday,0,Highway,Medium,48,29,60,3,5,17.8,09:22
4163,B005,R004,S151,Tenali,16.239,80.645,3.85,17.83,Cloudy,29,Friday,1,Highway,Low,52,15,60,3,1,8.4,09:23
4164,B016,R019,S178,Tadikonda,16.405,80.643,3.04,8.6,Sunny,36,Saturday,0,Highway,Low,51,21,60,3,0,6.6,09:24
4165,B010,R008,S194,Tulluru,16.52,80.58,0.92,20.75,Sunny,27,Friday,1,Village Road,Low,23,27,60,3,0,5.4,09:25
4166,B009,R017,S116,Mangalagiri,16.4303,80.5681,7.43,15.54,Sunny,35,Wednesday,0,Village Road,Low,34,33,60,1,0,14.1,09:26
4167,B020,R018,S051,Tenali,16.239,80.645,6.8,9.84,Sunny,26,Friday,0,Highway,Medium,45,57,60,4,4,17.1,09:27
4168,B015,R008,S044,Ponnur,16.065,80.551,6.87,34.8,Sunny,38,Monday,1,Highway,Low,48,28,60,1,0,9.6,09:28
4169,B002,R011,S109,Guntur,16.3067,80.4365,7.53,24.23,Sunny,33,Wednesday,0,Main Road,High,32,22,60,3,8,25.1,09:29
4170,B008,R020,S145,Guntur,16.3067,80.4365,1.39,3.45,Sunny,32,Wednesday,0,Highway,Low,49,48,60,3,0,4.7,09:30
4171,B004,R017,S095,Mangalagiri,16.4303,80.5681,4.69,22.41,Sunny,40,Tuesday,0,Main Road,Low,33,8,60,2,0,10.5,09:31
4172,B013,R004,S105,Guntur,16.3067,80.4365,7.32,15.32,Cloudy,35,Monday,0,Village Road,Medium,23,39,60,4,5,28.1,09:32
4173,B015,R018,S179,Pedakakani,16.285,80.49,6.9,11.61,Rainy,35,Thursday,1,Main Road,High,32,27,60,2,13,27.9,09:33
4174,B011,R003,S119,Namburu,16.36,80.52,1.99,3.27,Cloudy,34,Thursday,0,Village Road,Low,33,46,60,4,1,8.6,09:34
4175,B020,R008,S031,Namburu,16.36,80.52,6.82,30.78,Rainy,27,Monday,1,Highway,Low,60,9,60,3,5,14.8,09:35
4176,B004,R007,S176,Guntur,16.3067,80.4365,2.11,23.93,Rainy,24,Monday,0,Highway,Low,48,17,60,4,5,11.6,09:36
4177,B009,R011,S173,Pedakakani,16.285,80.49,7.05,9.62,Sunny,40,Tuesday,1,Village Road,High,32,43,60,1,8,22.2,09:37
4178,B018,R004,S159,Pedakakani,16.285,80.49,5.53,15.2,Sunny,35,Thursday,0,Main Road,Low,37,57,60,4,0,13.0,09:38
4179,B016,R002,S133,Tenali,16.239,80.645,7.04,14.03,Rainy,24,Wednesday,0,Village Road,Low,24,49,60,3,5,25.6,09:39
4180,B014,R003,S075,Vaddeswaram,16.49,80.61,7.12,23.35,Sunny,31,Thursday,1,Village Road,Low,33,54,60,2,0,14.9,09:40
4181,B018,R020,S181,Pedakakani,16.285,80.49,1.28,27.99,Foggy,36,Wednesday,0,Village Road,High,25,35,60,4,12,19.1,09:41
4182,B013,R012,S052,Pedakakani,16.285,80.49,5.09,6.97,Sunny,37,Friday,1,Main Road,High,38,22,60,1,8,17.0,09:42
4183,B019,R006,S114,Namburu,16.36,80.52,5.46,30.03,Rainy,27,Wednesday,1,Main Road,Medium,40,26,60,3,9,20.2,09:43
4184,B005,R006,S191,Tadikonda,16.405,80.643,1.01,26.62,Foggy,40,Wednesday,0,Village Road,Low,26,44,60,1,4,7.3,09:44
4185,B010,R005,S173,Namburu,16.36,80.52,1.14,26.29,Cloudy,40,Monday,0,Highway,Medium,55,41,60,1,5,7.2,09:45
4186,B005,R010,S145,Ponnur,16.065,80.551,5.29,32.51,Rainy,33,Monday,0,Highway,Medium,59,5,60,2,9,16.4,09:46
4187,B010,R015,S165,Tulluru,16.52,80.58,7.19,25.88,Sunny,39,Thursday,1,Village Road,Low,23,31,60,2,0,20.8,09:47
4188,B004,R016,S142,Tadikonda,16.405,80.643,3.97,10.24,Rainy,27,Monday,0,Main Road,Low,38,35,60,2,5,13.3,09:48
4189,B008,R010,S094,Tulluru,16.52,80.58,5.48,33.97,Sunny,36,Thursday,0,Village Road,Low,34,48,60,4,0,13.7,09:49
4190,B011,R018,S098,Pedakakani,16.285,80.49,1.43,27.55,Cloudy,37,Wednesday,1,Main Road,Low,36,31,60,2,1,5.4,09:50
4191,B003,R007,S108,Ponnur,16.065,80.551,1.98,18.07,Sunny,38,Tuesday,0,Main Road,High,33,20,60,4,8,15.6,09:51
4192,B010,R002,S121,Tadikonda,16.405,80.643,0.83,16.35,Cloudy,26,Wednesday,0,Main Road,Low,39,53,60,4,1,6.3,09:52
4193,B011,R006,S126,Mangalagiri,16.4303,80.5681,7.49,35.06,Sunny,36,Saturday,0,Main Road,Medium,33,9,60,1,4,18.6,09:53
4194,B003,R008,S048,Pedakakani,16.285,80.49,5.86,19.83,Sunny,23,Wednesday,0,Village Road,Medium,28,56,60,4,4,20.6,09:54
4195,B019,R020,S021,Prathipadu,16.48,80.32,3.59,22.87,Cloudy,25,Monday,0,Village Road,High,24,6,60,4,9,22.0,09:55
4196,B019,R015,S151,Namburu,16.36,80.52,6.55,29.79,Sunny,35,Friday,1,Main Road,Medium,42,38,60,1,4,14.4,09:56
4197,B012,R019,S127,Mangalagiri,16.4303,80.5681,1.48,9.61,Cloudy,23,Monday,1,Main Road,Medium,42,18,60,4,5,11.1,09:57
4198,B020,R015,S167,Tadikonda,16.405,80.643,1.33,23.13,Rainy,22,Friday,1,Village Road,Low,32,53,60,1,5,8.5,09:58
4199,B005,R014,S125,Tadikonda,16.405,80.643,2.26,9.84,Sunny,38,Thursday,0,Main Road,Medium,43,57,60,3,4,10.2,09:59
4200,B014,R004,S033,Namburu,16.36,80.52,2.96,13.42,Sunny,34,Friday,1,Main Road,High,30,20,60,1,8,14.9,10:00
4201,B016,R018,S026,Namburu,16.36,80.52,4.08,7.12,Sunny,26,Saturday,1,Highway,Medium,53,43,60,2,4,10.6,10:01
4202,B003,R003,S187,Vaddeswaram,16.49,80.61,3.82,16.44,Sunny,26,Saturday,1,Main Road,High,45,9,60,3,8,16.1,10:02
4203,B007,R020,S146,Guntur,16.3067,80.4365,5.92,20.3,Cloudy,39,Saturday,0,Main Road,Low,34,36,60,3,1,14.4,10:03
4204,B014,R015,S114,Prathipadu,16.48,80.32,3.84,29.22,Foggy,28,Monday,0,Village Road,Low,23,21,60,4,4,18.0,10:04
4205,B003,R013,S037,Tadikonda,16.405,80.643,5.66,25.88,Sunny,37,Thursday,1,Village Road,Low,33,21,60,4,0,14.3,10:05
4206,B001,R013,S103,Namburu,16.36,80.52,5.41,16.93,Sunny,34,Monday,0,Main Road,High,43,44,60,1,8,16.5,10:06
4207,B003,R009,S134,Namburu,16.36,80.52,2.26,24.08,Sunny,22,Thursday,0,Highway,High,54,8,60,1,8,11.5,10:07
4208,B008,R016,S083,Prathipadu,16.48,80.32,5.42,30.55,Sunny,22,Wednesday,1,Main Road,Medium,30,18,60,2,4,16.8,10:08
4209,B010,R002,S097,Tadikonda,16.405,80.643,4.27,12.49,Cloudy,38,Tuesday,1,Village Road,Low,23,57,60,2,1,14.1,10:09
4210,B016,R003,S012,Pedakakani,16.285,80.49,4.28,25.2,Sunny,32,Thursday,1,Main Road,Medium,41,7,60,1,4,11.3,10:10
4211,B018,R016,S180,Guntur,16.3067,80.4365,4.58,19.44,Sunny,30,Monday,1,Main Road,Low,33,53,60,1,0,9.3,10:11
4212,B019,R006,S025,Pedakakani,16.285,80.49,4.34,16.78,Sunny,31,Friday,0,Village Road,Low,28,41,60,2,0,11.3,10:12
4213,B014,R002,S013,Prathipadu,16.48,80.32,6.32,18.34,Sunny,27,Saturday,0,Main Road,Low,31,14,60,1,0,13.2,10:13
4214,B009,R004,S119,Prathipadu,16.48,80.32,7.11,25.67,Sunny,39,Saturday,0,Main Road,Medium,43,59,60,2,4,15.9,10:14
4215,B020,R005,S169,Ponnur,16.065,80.551,7.72,27.21,Sunny,25,Saturday,0,Main Road,Medium,42,59,60,4,4,19.0,10:15
4216,B014,R016,S004,Tulluru,16.52,80.58,4.25,33.84,Sunny,30,Wednesday,1,Main Road,Low,44,35,60,4,0,9.8,10:16
4217,B005,R017,S195,Mangalagiri,16.4303,80.5681,7.25,8.8,Sunny,29,Wednesday,1,Main Road,Low,32,45,60,4,0,17.6,10:17
4218,B005,R011,S168,Namburu,16.36,80.52,5.02,32.74,Cloudy,40,Wednesday,0,Highway,Medium,50,26,60,1,5,12.0,10:18
4219,B014,R018,S084,Tenali,16.239,80.645,7.01,19.44,Foggy,34,Thursday,0,Main Road,Medium,33,58,60,1,8,21.7,10:19
4220,B003,R012,S009,Tulluru,16.52,80.58,1.29,26.31,Cloudy,26,Thursday,0,Highway,Medium,49,60,60,1,5,7.6,10:20
4221,B003,R002,S080,Pedakakani,16.285,80.49,7.88,28.61,Sunny,33,Tuesday,1,Main Road,Medium,34,31,60,3,4,20.9,10:21
4222,B017,R012,S076,Ponnur,16.065,80.551,7.48,28.28,Sunny,34,Wednesday,0,Village Road,Low,26,60,60,1,0,18.3,10:22
4223,B014,R014,S130,Tenali,16.239,80.645,2.01,4.34,Cloudy,23,Tuesday,1,Main Road,Low,33,28,60,2,1,6.7,10:23
4224,B002,R002,S089,Ponnur,16.065,80.551,6.72,34.76,Sunny,35,Tuesday,1,Village Road,High,28,23,60,4,8,26.4,10:24
4225,B006,R020,S176,Tenali,16.239,80.645,1.43,4.23,Rainy,29,Friday,1,Village Road,Low,35,51,60,4,5,11.5,10:25
4226,B019,R005,S032,Prathipadu,16.48,80.32,6.51,6.76,Sunny,26,Monday,1,Highway,Medium,57,44,60,3,4,13.9,10:26
4227,B011,R013,S036,Vaddeswaram,16.49,80.61,4.16,24.69,Sunny,28,Friday,1,Village Road,Medium,33,36,60,3,4,14.6,10:27
4228,B019,R011,S031,Prathipadu,16.48,80.32,6.81,20.51,Cloudy,39,Monday,1,Main Road,Medium,32,43,60,1,5,18.8,10:28
4229,B005,R011,S188,Tulluru,16.52,80.58,0.93,7.39,Rainy,25,Monday,0,Village Road,Low,30,11,60,4,5,10.9,10:29
4230,B016,R014,S171,Pedakakani,16.285,80.49,2.52,2.54,Sunny,35,Friday,1,Village Road,High,19,51,60,4,8,20.0,10:30
4231,B016,R005,S145,Guntur,16.3067,80.4365,4.46,33.97,Rainy,35,Thursday,0,Main Road,Medium,32,16,60,1,9,18.4,10:31
4232,B010,R019,S024,Ponnur,16.065,80.551,3.26,22.21,Sunny,36,Monday,0,Village Road,Low,21,8,60,2,0,11.3,10:32
4233,B019,R009,S063,Tenali,16.239,80.645,3.21,19.23,Foggy,37,Wednesday,1,Main Road,Medium,45,28,60,3,8,15.3,10:33
4234,B007,R013,S150,Guntur,16.3067,80.4365,4.86,30.64,Sunny,29,Wednesday,0,Main Road,Medium,40,9,60,4,4,15.3,10:34
4235,B007,R008,S007,Pedakakani,16.285,80.49,5.48,16.09,Rainy,33,Wednesday,0,Highway,Low,58,53,60,3,5,13.7,10:35
4236,B011,R014,S196,Prathipadu,16.48,80.32,4.48,16.04,Sunny,29,Friday,0,Main Road,High,33,7,60,2,8,18.1,10:36
4237,B007,R014,S126,Guntur,16.3067,80.4365,7.0,9.18,Sunny,29,Monday,1,Main Road,Medium,34,55,60,3,4,19.4,10:37
4238,B014,R020,S061,Ponnur,16.065,80.551,1.75,24.73,Cloudy,35,Monday,1,Village Road,Medium,28,7,60,2,5,10.8,10:38
4239,B018,R017,S198,Namburu,16.36,80.52,2.47,3.18,Rainy,35,Tuesday,1,Highway,Low,56,43,60,4,5,11.6,10:39
4240,B016,R002,S156,Ponnur,16.065,80.551,7.05,18.41,Sunny,34,Wednesday,0,Highway,Medium,52,13,60,4,4,16.1,10:40
4241,B010,R009,S034,Pedakakani,16.285,80.49,1.01,6.96,Rainy,28,Friday,0,Main Road,Low,32,24,60,1,5,7.9,10:41
4242,B005,R012,S095,Pedakakani,16.285,80.49,4.23,12.38,Sunny,40,Tuesday,0,Village Road,Low,22,36,60,2,0,13.5,10:42
4243,B006,R020,S172,Mangalagiri,16.4303,80.5681,2.98,5.33,Cloudy,37,Friday,0,Village Road,Low,33,13,60,4,1,10.4,10:43
4244,B014,R002,S069,Vaddeswaram,16.49,80.61,1.63,6.6,Sunny,22,Saturday,0,Village Road,Medium,34,52,60,4,4,10.9,10:44
4245,B003,R018,S068,Tulluru,16.52,80.58,6.09,7.35,Sunny,36,Wednesday,1,Main Road,Medium,43,55,60,3,4,15.5,10:45
4246,B010,R019,S048,Guntur,16.3067,80.4365,5.42,34.65,Sunny,29,Tuesday,1,Highway,Medium,55,15,60,4,4,13.9,10:46
4247,B020,R019,S083,Ponnur,16.065,80.551,4.43,31.37,Sunny,27,Saturday,0,Main Road,Low,31,14,60,3,0,11.6,10:47
4248,B010,R018,S066,Pedakakani,16.285,80.49,6.38,11.11,Sunny,29,Wednesday,0,Highway,Medium,60,23,60,4,4,14.4,10:48
4249,B012,R018,S129,Pedakakani,16.285,80.49,1.09,11.37,Sunny,32,Friday,0,Village Road,Medium,30,51,60,3,4,9.2,10:49
4250,B018,R011,S055,Vaddeswaram,16.49,80.61,4.2,24.72,Cloudy,25,Monday,0,Main Road,Low,37,19,60,3,1,10.8,10:50
4251,B014,R005,S092,Guntur,16.3067,80.4365,7.28,10.42,Sunny,24,Friday,1,Village Road,High,20,18,60,4,8,33.8,10:51
4252,B001,R002,S114,Mangalagiri,16.4303,80.5681,7.88,12.18,Rainy,31,Friday,1,Main Road,Low,37,9,60,1,5,18.8,10:52
4253,B018,R013,S105,Guntur,16.3067,80.4365,6.44,32.61,Rainy,35,Wednesday,0,Main Road,High,31,25,60,1,13,26.5,10:53
4254,B013,R009,S199,Tenali,16.239,80.645,7.11,14.36,Cloudy,35,Friday,1,Main Road,Low,34,22,60,2,1,15.5,10:54
4255,B007,R005,S095,Tulluru,16.52,80.58,0.91,9.93,Sunny,36,Friday,0,Main Road,Medium,41,31,60,4,4,9.3,10:55
4256,B002,R020,S157,Tadikonda,16.405,80.643,1.99,20.17,Sunny,34,Thursday,0,Main Road,Low,45,33,60,2,0,4.7,10:56
4257,B016,R012,S133,Tadikonda,16.405,80.643,1.3,24.48,Cloudy,38,Tuesday,0,Main Road,Low,45,14,60,1,1,3.7,10:57
4258,B007,R009,S014,Namburu,16.36,80.52,7.15,22.0,Cloudy,33,Tuesday,1,Highway,High,54,35,60,4,9,20.9,10:58
4259,B005,R018,S011,Prathipadu,16.48,80.32,7.2,31.74,Rainy,28,Thursday,1,Main Road,Medium,36,12,60,4,9,25.0,10:59
4260,B006,R007,S164,Tulluru,16.52,80.58,6.75,9.4,Sunny,30,Friday,1,Village Road,Low,29,7,60,2,0,16.0,10:00
4261,B003,R009,S138,Vaddeswaram,16.49,80.61,3.51,22.24,Sunny,37,Thursday,1,Main Road,Medium,43,45,60,3,4,11.9,10:01
4262,B019,R007,S043,Ponnur,16.065,80.551,4.66,16.03,Sunny,22,Thursday,1,Main Road,Medium,33,23,60,1,4,13.5,10:02
4263,B020,R003,S161,Ponnur,16.065,80.551,7.65,18.3,Sunny,27,Wednesday,1,Village Road,Low,29,13,60,2,0,17.8,10:03
4264,B014,R002,S170,Pedakakani,16.285,80.49,4.72,25.39,Sunny,27,Thursday,1,Highway,Medium,45,8,60,4,4,14.3,10:04
4265,B007,R002,S051,Tenali,16.239,80.645,6.84,17.0,Rainy,26,Friday,1,Village Road,High,21,38,60,4,13,36.5,10:05
4266,B013,R005,S189,Prathipadu,16.48,80.32,0.96,16.08,Cloudy,39,Saturday,0,Main Road,Medium,37,33,60,2,5,8.6,10:06
4267,B020,R012,S019,Pedakakani,16.285,80.49,7.83,9.78,Cloudy,29,Monday,0,Highway,High,46,54,60,4,9,23.2,10:07
4268,B007,R018,S097,Ponnur,16.065,80.551,6.41,19.81,Rainy,31,Thursday,0,Highway,Low,58,8,60,4,5,15.6,10:08
4269,B011,R017,S157,Namburu,16.36,80.52,4.09,22.13,Sunny,39,Friday,0,Main Road,Medium,35,19,60,3,4,14.0,10:09
4270,B014,R005,S061,Tulluru,16.52,80.58,2.92,5.94,Sunny,29,Tuesday,0,Highway,High,49,12,60,3,8,14.6,10:10
4271,B019,R009,S031,Prathipadu,16.48,80.32,4.06,31.69,Cloudy,33,Monday,0,Main Road,Medium,31,8,60,1,5,13.9,10:11
4272,B012,R016,S166,Namburu,16.36,80.52,5.37,11.31,Sunny,23,Friday,0,Main Road,Medium,34,42,60,1,4,14.5,10:12
4273,B016,R003,S165,Tadikonda,16.405,80.643,6.54,6.61,Sunny,35,Wednesday,0,Village Road,High,25,51,60,2,8,25.7,10:13
4274,B006,R007,S049,Tulluru,16.52,80.58,5.34,15.93,Cloudy,25,Saturday,1,Main Road,High,33,6,60,1,9,19.7,10:14
4275,B006,R004,S090,Tenali,16.239,80.645,2.53,22.8,Sunny,28,Monday,0,Highway,High,50,56,60,1,8,12.0,10:15
4276,B008,R005,S057,Ponnur,16.065,80.551,4.16,18.82,Sunny,30,Wednesday,1,Highway,High,59,13,60,2,8,14.2,10:16
4277,B009,R006,S122,Tadikonda,16.405,80.643,5.7,21.21,Sunny,35,Wednesday,1,Village Road,High,33,26,60,1,8,19.4,10:17
4278,B002,R005,S017,Namburu,16.36,80.52,1.29,8.92,Sunny,31,Tuesday,0,Village Road,Low,22,6,60,3,0,6.5,10:18
4279,B017,R006,S002,Prathipadu,16.48,80.32,7.86,30.29,Sunny,22,Saturday,1,Main Road,Low,38,53,60,3,0,15.4,10:19
4280,B008,R015,S001,Mangalagiri,16.4303,80.5681,1.7,4.6,Rainy,26,Tuesday,1,Main Road,Medium,38,43,60,3,9,14.7,10:20
4281,B001,R020,S142,Vaddeswaram,16.49,80.61,6.22,31.41,Foggy,40,Wednesday,0,Village Road,Medium,23,60,60,4,8,28.2,10:21
4282,B006,R004,S096,Ponnur,16.065,80.551,1.23,6.99,Cloudy,33,Wednesday,0,Village Road,Medium,33,21,60,1,5,8.2,10:22
4283,B010,R003,S027,Vaddeswaram,16.49,80.61,4.2,10.32,Sunny,27,Monday,0,Main Road,Medium,30,29,60,1,4,13.4,10:23
4284,B016,R009,S108,Mangalagiri,16.4303,80.5681,1.15,24.77,Rainy,37,Thursday,0,Highway,Medium,45,17,60,4,9,14.5,10:24
4285,B018,R008,S094,Ponnur,16.065,80.551,6.55,28.2,Cloudy,33,Thursday,1,Main Road,High,33,41,60,3,9,23.9,10:25
4286,B009,R008,S040,Guntur,16.3067,80.4365,1.4,14.68,Sunny,26,Saturday,1,Main Road,Low,39,54,60,4,0,6.2,10:26
4287,B001,R019,S158,Prathipadu,16.48,80.32,7.57,10.59,Cloudy,28,Saturday,0,Main Road,High,33,29,60,4,9,26.8,10:27
4288,B012,R005,S018,Tenali,16.239,80.645,1.93,26.32,Sunny,36,Tuesday,0,Main Road,Medium,34,8,60,1,4,8.4,10:28
4289,B011,R018,S150,Mangalagiri,16.4303,80.5681,5.8,11.28,Sunny,34,Thursday,0,Main Road,Medium,37,44,60,2,4,15.4,10:29
4290,B018,R009,S010,Guntur,16.3067,80.4365,6.84,9.91,Rainy,36,Tuesday,1,Highway,Medium,57,19,60,3,9,19.2,10:30
4291,B015,R011,S176,Mangalagiri,16.4303,80.5681,2.79,21.35,Rainy,39,Friday,1,Main Road,High,44,8,60,4,13,20.8,10:31
4292,B012,R016,S117,Mangalagiri,16.4303,80.5681,7.61,26.46,Foggy,27,Monday,0,Village Road,Low,22,51,60,3,4,27.8,10:32
4293,B018,R006,S009,Pedakakani,16.285,80.49,4.95,13.15,Cloudy,25,Friday,1,Main Road,Low,31,36,60,2,1,12.6,10:33
4294,B008,R001,S158,Prathipadu,16.48,80.32,7.45,36.85,Rainy,25,Tuesday,1,Main Road,Medium,35,51,60,3,9,24.8,10:34
4295,B016,R005,S067,Guntur,16.3067,80.4365,2.09,31.27,Rainy,30,Thursday,0,Village Road,Medium,30,57,60,2,9,15.2,10:35
4296,B012,R005,S112,Tulluru,16.52,80.58,3.43,17.04,Sunny,33,Saturday,1,Main Road,Medium,45,26,60,2,4,10.6,10:36
4297,B014,R011,S176,Namburu,16.36,80.52,1.68,6.56,Sunny,32,Wednesday,0,Village Road,High,34,8,60,3,8,14.0,10:37
4298,B012,R020,S184,Ponnur,16.065,80.551,4.62,9.36,Rainy,28,Tuesday,1,Highway,Medium,53,44,60,4,9,18.2,10:38
4299,B004,R016,S017,Tadikonda,16.405,80.643,4.79,34.41,Sunny,23,Thursday,0,Main Road,Low,39,36,60,1,0,8.4,10:39
4300,B009,R007,S071,Vaddeswaram,16.49,80.61,6.63,30.92,Cloudy,32,Thursday,0,Village Road,Medium,34,13,60,3,5,19.7,11:40
4301,B020,R003,S146,Vaddeswaram,16.49,80.61,7.05,23.63,Rainy,28,Monday,1,Main Road,Medium,38,19,60,3,9,23.1,11:41
4302,B008,R010,S070,Tadikonda,16.405,80.643,4.88,14.74,Foggy,22,Saturday,1,Main Road,Medium,40,59,60,2,8,17.3,11:42
4303,B011,R017,S016,Tulluru,16.52,80.58,7.76,14.06,Sunny,32,Friday,0,Village Road,Medium,25,44,60,2,4,24.6,11:43
4304,B012,R011,S106,Tulluru,16.52,80.58,7.67,23.76,Cloudy,37,Wednesday,1,Village Road,Low,27,24,60,1,1,19.0,11:44
4305,B017,R016,S016,Tadikonda,16.405,80.643,1.18,13.63,Sunny,31,Tuesday,0,Village Road,Low,24,22,60,3,0,5.9,11:45
4306,B016,R020,S147,Vaddeswaram,16.49,80.61,7.31,15.41,Sunny,29,Friday,0,Village Road,Medium,27,21,60,4,4,24.2,11:46
4307,B019,R004,S189,Namburu,16.36,80.52,2.23,15.84,Rainy,37,Friday,1,Village Road,High,18,6,60,1,13,21.4,11:47
4308,B014,R006,S047,Pedakakani,16.285,80.49,0.95,2.52,Cloudy,32,Wednesday,1,Main Road,Low,36,38,60,2,1,4.6,11:48
4309,B020,R003,S143,Ponnur,16.065,80.551,1.72,3.94,Cloudy,34,Thursday,0,Highway,Low,45,35,60,4,1,7.3,11:49
4310,B018,R011,S190,Guntur,16.3067,80.4365,7.89,22.77,Sunny,38,Saturday,1,Main Road,Medium,32,27,60,4,4,22.8,11:50
4311,B010,R019,S047,Tenali,16.239,80.645,2.24,28.41,Sunny,28,Monday,0,Village Road,Low,29,54,60,4,0,8.6,11:51
4312,B006,R013,S117,Guntur,16.3067,80.4365,3.72,5.87,Cloudy,31,Saturday,1,Main Road,Low,38,59,60,4,1,10.9,11:52
4313,B006,R016,S026,Tenali,16.239,80.645,6.04,23.84,Rainy,32,Tuesday,0,Village Road,Low,28,33,60,1,5,18.9,11:53
4314,B004,R013,S144,Tenali,16.239,80.645,2.24,25.1,Sunny,24,Tuesday,0,Main Road,Medium,34,26,60,4,4,12.0,11:54
4315,B011,R015,S165,Vaddeswaram,16.49,80.61,6.4,11.0,Sunny,39,Tuesday,1,Highway,Medium,60,24,60,2,4,12.4,11:55
4316,B001,R002,S085,Tadikonda,16.405,80.643,4.21,27.98,Foggy,36,Friday,1,Highway,Low,48,43,60,3,4,12.3,11:56
4317,B010,R014,S090,Vaddeswaram,16.49,80.61,1.97,23.3,Sunny,32,Monday,1,Main Road,Medium,40,28,60,4,4,11.0,11:57
4318,B002,R010,S035,Tenali,16.239,80.645,4.67,16.82,Sunny,22,Saturday,1,Highway,Low,45,15,60,2,0,8.2,11:58
4319,B002,R003,S052,Tadikonda,16.405,80.643,1.93,30.07,Cloudy,34,Thursday,0,Village Road,High,26,23,60,3,9,16.5,11:59
4320,B011,R005,S017,Pedakakani,16.285,80.49,6.89,22.73,Cloudy,40,Tuesday,0,Highway,High,52,29,60,4,9,20.9,11:00
4321,B001,R019,S126,Tulluru,16.52,80.58,1.51,5.29,Rainy,35,Saturday,1,Main Road,Low,39,38,60,2,5,9.3,11:01
4322,B015,R019,S148,Tenali,16.239,80.645,7.21,30.1,Cloudy,37,Friday,0,Main Road,Low,33,21,60,2,1,16.1,11:02
4323,B002,R004,S120,Vaddeswaram,16.49,80.61,2.71,14.77,Sunny,37,Wednesday,1,Main Road,Medium,30,33,60,3,4,12.4,11:03
4324,B020,R014,S144,Pedakakani,16.285,80.49,1.68,15.41,Sunny,22,Monday,0,Highway,Medium,47,6,60,1,4,7.1,11:04
4325,B010,R010,S010,Guntur,16.3067,80.4365,6.05,26.18,Sunny,39,Friday,1,Main Road,Medium,33,5,60,3,4,18.0,11:05
4326,B018,R005,S151,Tenali,16.239,80.645,0.99,26.88,Sunny,35,Monday,1,Village Road,Medium,24,31,60,3,4,9.5,11:06
4327,B010,R007,S155,Tadikonda,16.405,80.643,3.0,7.16,Rainy,37,Thursday,0,Highway,Low,60,45,60,2,5,10.0,11:07
4328,B011,R015,S091,Pedakakani,16.285,80.49,6.32,20.52,Cloudy,32,Tuesday,0,Highway,High,52,28,60,3,9,19.3,11:08
4329,B009,R008,S033,Guntur,16.3067,80.4365,2.16,19.4,Rainy,40,Thursday,0,Main Road,Low,38,49,60,3,5,11.4,11:09
4330,B008,R005,S163,Guntur,16.3067,80.4365,6.36,13.41,Rainy,26,Friday,1,Highway,Medium,49,55,60,1,9,17.8,11:10
4331,B017,R010,S028,Guntur,16.3067,80.4365,5.37,9.54,Rainy,22,Thursday,1,Main Road,Medium,30,35,60,1,9,20.7,11:11
4332,B010,R005,S030,Namburu,16.36,80.52,3.63,23.57,Sunny,36,Friday,1,Main Road,Medium,37,50,60,4,4,13.9,11:12
4333,B006,R007,S142,Namburu,16.36,80.52,5.87,12.57,Sunny,23,Saturday,1,Highway,Medium,50,43,60,3,4,14.0,11:13
4334,B011,R007,S127,Mangalagiri,16.4303,80.5681,1.55,15.79,Cloudy,22,Monday,1,Main Road,Low,31,12,60,4,1,8.0,11:14
4335,B020,R005,S126,Guntur,16.3067,80.4365,6.37,23.21,Sunny,37,Saturday,0,Highway,Low,51,20,60,4,0,11.5,11:15
4336,B015,R003,S109,Vaddeswaram,16.49,80.61,5.52,22.98,Sunny,38,Friday,1,Main Road,High,37,14,60,3,8,20.0,11:16
4337,B012,R016,S193,Tulluru,16.52,80.58,1.08,3.58,Sunny,30,Wednesday,1,Main Road,Low,30,60,60,1,0,3.2,11:17
4338,B016,R020,S047,Guntur,16.3067,80.4365,4.28,12.31,Rainy,29,Tuesday,1,Village Road,Low,21,17,60,1,5,18.2,11:18
4339,B015,R006,S099,Tenali,16.239,80.645,2.23,23.02,Sunny,35,Friday,0,Village Road,Medium,22,12,60,1,4,11.1,11:19
4340,B007,R019,S068,Vaddeswaram,16.49,80.61,7.57,20.63,Cloudy,39,Thursday,1,Village Road,Low,21,16,60,4,1,26.6,11:20
4341,B014,R008,S079,Tadikonda,16.405,80.643,6.55,10.83,Cloudy,30,Wednesday,0,Main Road,Medium,31,5,60,2,5,19.7,11:21
4342,B003,R020,S058,Ponnur,16.065,80.551,3.23,29.21,Cloudy,36,Thursday,0,Highway,High,45,40,60,1,9,14.3,11:22
4343,B015,R004,S006,Prathipadu,16.48,80.32,6.12,36.11,Sunny,36,Monday,1,Village Road,Medium,30,37,60,3,4,19.2,11:23
4344,B014,R010,S040,Guntur,16.3067,80.4365,2.04,11.14,Sunny,23,Tuesday,0,Main Road,Low,40,33,60,3,0,6.1,11:24
4345,B010,R009,S119,Prathipadu,16.48,80.32,6.24,16.71,Sunny,36,Saturday,1,Main Road,Low,43,52,60,2,0,10.7,11:25
4346,B009,R012,S160,Tadikonda,16.405,80.643,4.01,31.05,Sunny,37,Thursday,1,Main Road,Medium,43,35,60,1,4,10.6,11:26
4347,B020,R004,S023,Ponnur,16.065,80.551,6.48,34.2,Sunny,33,Saturday,1,Highway,Medium,56,32,60,1,4,11.9,11:27
4348,B009,R014,S124,Pedakakani,16.285,80.49,5.61,9.34,Sunny,37,Friday,0,Village Road,Low,32,17,60,1,0,11.5,11:28
4349,B013,R007,S174,Vaddeswaram,16.49,80.61,5.3,19.21,Cloudy,25,Wednesday,0,Main Road,Low,31,19,60,2,1,13.3,11:29
4350,B001,R003,S019,Pedakakani,16.285,80.49,4.57,29.97,Rainy,40,Monday,1,Village Road,Low,32,36,60,2,5,15.6,11:30
4351,B014,R004,S030,Namburu,16.36,80.52,5.67,19.31,Foggy,32,Wednesday,1,Main Road,Medium,40,42,60,4,8,20.5,11:31
4352,B006,R009,S006,Namburu,16.36,80.52,4.54,6.79,Rainy,37,Thursday,1,Village Road,Low,18,35,60,1,5,21.1,11:32
4353,B004,R002,S113,Vaddeswaram,16.49,80.61,2.89,8.94,Sunny,31,Thursday,1,Main Road,Medium,42,6,60,2,4,10.1,11:33
4354,B009,R010,S024,Tenali,16.239,80.645,2.17,13.19,Sunny,27,Thursday,1,Highway,Low,60,35,60,1,0,3.2,11:34
4355,B006,R012,S019,Tulluru,16.52,80.58,6.23,7.94,Cloudy,26,Monday,1,Main Road,Medium,35,58,60,3,5,18.7,11:35
4356,B005,R017,S005,Pedakakani,16.285,80.49,0.88,15.12,Sunny,39,Thursday,0,Main Road,Medium,45,17,60,1,4,6.2,11:36
4357,B004,R012,S050,Ponnur,16.065,80.551,4.68,6.9,Cloudy,32,Saturday,0,Highway,Low,48,60,60,1,1,7.8,11:37
4358,B003,R020,S099,Namburu,16.36,80.52,3.74,4.86,Sunny,26,Friday,1,Village Road,Medium,28,56,60,3,4,15.0,11:38
4359,B008,R006,S170,Mangalagiri,16.4303,80.5681,2.83,21.44,Sunny,24,Friday,0,Village Road,Medium,32,41,60,2,4,11.3,11:39
4360,B020,R012,S022,Pedakakani,16.285,80.49,5.16,10.85,Cloudy,36,Friday,1,Main Road,Low,36,20,60,1,1,10.6,11:40
4361,B019,R013,S178,Mangalagiri,16.4303,80.5681,3.54,26.56,Sunny,36,Saturday,0,Main Road,Medium,44,34,60,4,4,12.8,11:41
4362,B014,R012,S037,Tulluru,16.52,80.58,4.55,5.53,Sunny,25,Thursday,0,Village Road,High,35,49,60,4,8,19.8,11:42
4363,B005,R013,S078,Ponnur,16.065,80.551,0.97,2.51,Cloudy,25,Saturday,0,Main Road,High,38,15,60,3,9,13.5,11:43
4364,B018,R008,S089,Tadikonda,16.405,80.643,2.52,19.86,Cloudy,26,Thursday,0,Village Road,High,35,51,60,1,9,14.3,11:44
4365,B005,R012,S002,Namburu,16.36,80.52,7.79,8.28,Sunny,24,Saturday,1,Main Road,Medium,44,51,60,4,4,18.6,11:45
4366,B014,R002,S097,Tulluru,16.52,80.58,5.25,26.46,Sunny,40,Friday,0,Highway,Medium,57,51,60,3,4,12.5,11:46
4367,B003,R019,S188,Tadikonda,16.405,80.643,5.79,13.0,Cloudy,37,Tuesday,0,Main Road,Medium,43,9,60,1,5,14.1,11:47
4368,B004,R020,S153,Mangalagiri,16.4303,80.5681,2.02,5.43,Sunny,29,Friday,0,Village Road,Low,32,47,60,3,0,6.8,11:48
4369,B005,R013,S200,Namburu,16.36,80.52,4.68,12.01,Cloudy,35,Tuesday,1,Main Road,Low,30,14,60,2,1,12.4,11:49
4370,B014,R007,S054,Tulluru,16.52,80.58,5.05,31.1,Sunny,38,Saturday,0,Village Road,Medium,25,16,60,4,4,20.1,11:50
4371,B001,R020,S200,Tadikonda,16.405,80.643,6.73,26.0,Rainy,28,Monday,1,Main Road,Low,30,9,60,4,5,22.5,11:51
4372,B011,R009,S171,Namburu,16.36,80.52,1.95,19.61,Sunny,40,Thursday,1,Main Road,Low,42,57,60,3,0,5.8,11:52
4373,B001,R013,S117,Mangalagiri,16.4303,80.5681,6.36,26.8,Sunny,24,Tuesday,0,Main Road,Medium,35,13,60,3,4,17.9,11:53
4374,B020,R001,S180,Tenali,16.239,80.645,1.55,10.82,Sunny,24,Wednesday,0,Main Road,Low,30,19,60,2,0,5.1,11:54
4375,B006,R017,S019,Tulluru,16.52,80.58,6.65,19.36,Cloudy,38,Wednesday,0,Village Road,Low,22,45,60,1,1,20.1,11:55
4376,B007,R010,S105,Prathipadu,16.48,80.32,6.31,17.93,Rainy,39,Saturday,0,Main Road,High,37,29,60,1,13,24.2,11:56
4377,B016,R006,S055,Guntur,16.3067,80.4365,1.61,28.93,Sunny,31,Monday,1,Main Road,High,32,39,60,4,8,15.0,11:57
4378,B013,R018,S153,Vaddeswaram,16.49,80.61,4.27,30.56,Cloudy,37,Saturday,0,Village Road,High,22,33,60,4,9,24.6,11:58
4379,B004,R013,S155,Tenali,16.239,80.645,4.67,34.52,Cloudy,38,Tuesday,0,Village Road,Medium,21,51,60,2,5,20.3,11:59
4380,B015,R008,S092,Namburu,16.36,80.52,1.76,20.81,Sunny,27,Thursday,1,Main Road,Low,37,25,60,1,0,3.9,11:00
4381,B001,R001,S069,Prathipadu,16.48,80.32,2.55,31.87,Sunny,35,Saturday,0,Main Road,Low,30,57,60,1,0,6.1,11:01
4382,B013,R009,S108,Pedakakani,16.285,80.49,0.82,19.55,Cloudy,26,Thursday,0,Highway,Medium,45,31,60,2,5,8.1,11:02
4383,B009,R003,S095,Namburu,16.36,80.52,4.93,32.6,Rainy,37,Saturday,0,Main Road,High,30,20,60,3,13,25.9,11:03
4384,B020,R016,S194,Tulluru,16.52,80.58,7.95,12.43,Cloudy,31,Thursday,1,Main Road,Low,38,10,60,3,1,16.6,11:04
4385,B006,R018,S170,Tulluru,16.52,80.58,2.32,24.64,Sunny,39,Friday,1,Main Road,Medium,41,47,60,2,4,9.4,11:05
4386,B005,R017,S142,Vaddeswaram,16.49,80.61,5.8,33.2,Rainy,26,Friday,0,Village Road,Low,21,48,60,3,5,24.6,11:06
4387,B012,R005,S011,Vaddeswaram,16.49,80.61,2.19,22.05,Cloudy,22,Saturday,0,Highway,Medium,51,54,60,2,5,9.6,11:07
4388,B011,R008,S067,Tulluru,16.52,80.58,5.63,22.85,Cloudy,34,Thursday,0,Village Road,Medium,23,42,60,2,5,21.7,11:08
4389,B015,R017,S137,Tulluru,16.52,80.58,1.31,3.33,Sunny,39,Saturday,0,Village Road,Low,31,32,60,1,0,3.5,11:09
4390,B017,R010,S078,Tadikonda,16.405,80.643,6.24,10.44,Rainy,31,Thursday,0,Main Road,High,45,10,60,2,13,23.3,11:10
4391,B015,R001,S076,Namburu,16.36,80.52,7.45,21.2,Foggy,30,Saturday,1,Main Road,Low,39,46,60,1,4,16.5,11:11
4392,B003,R008,S039,Mangalagiri,16.4303,80.5681,2.66,28.31,Cloudy,25,Saturday,0,Main Road,Medium,42,49,60,2,5,10.8,11:12
4393,B005,R014,S016,Prathipadu,16.48,80.32,7.39,19.19,Foggy,36,Thursday,1,Village Road,Low,21,9,60,4,4,29.1,11:13
4394,B010,R012,S027,Prathipadu,16.48,80.32,2.87,32.81,Cloudy,26,Friday,0,Village Road,Low,31,35,60,3,1,9.6,11:14
4395,B006,R009,S135,Tadikonda,16.405,80.643,6.88,35.09,Rainy,29,Tuesday,1,Main Road,Medium,32,55,60,4,9,25.9,11:15
4396,B008,R009,S094,Tulluru,16.52,80.58,6.22,35.45,Sunny,39,Tuesday,0,Main Road,Low,41,40,60,2,0,11.1,11:16
4397,B020,R006,S080,Vaddeswaram,16.49,80.61,5.06,16.56,Sunny,36,Thursday,0,Highway,Medium,60,35,60,2,4,11.1,11:17
4398,B014,R005,S027,Tadikonda,16.405,80.643,2.17,11.88,Sunny,28,Saturday,1,Main Road,Low,41,57,60,4,0,7.2,11:18
4399,B011,R016,S100,Guntur,16.3067,80.4365,4.15,32.67,Sunny,40,Friday,1,Main Road,Medium,38,25,60,3,4,13.6,11:19
4400,B001,R003,S080,Mangalagiri,16.4303,80.5681,5.97,17.89,Sunny,30,Thursday,0,Highway,High,54,28,60,4,8,18.6,12:20
4401,B003,R009,S010,Tulluru,16.52,80.58,4.94,32.75,Cloudy,36,Thursday,1,Main Road,Low,45,10,60,4,1,11.6,12:21
4402,B020,R008,S045,Vaddeswaram,16.49,80.61,6.72,16.49,Foggy,26,Thursday,1,Main Road,High,42,42,60,2,12,23.6,12:22
4403,B005,R014,S024,Namburu,16.36,80.52,2.1,17.4,Rainy,34,Friday,0,Highway,Low,46,34,60,2,5,9.7,12:23
4404,B017,R001,S091,Ponnur,16.065,80.551,5.43,10.41,Cloudy,32,Wednesday,1,Main Road,Medium,38,8,60,1,5,14.6,12:24
4405,B001,R012,S189,Guntur,16.3067,80.4365,6.58,6.72,Cloudy,35,Saturday,0,Village Road,Low,25,19,60,2,1,18.8,12:25
4406,B018,R018,S046,Prathipadu,16.48,80.32,1.86,18.17,Sunny,35,Tuesday,0,Village Road,Low,31,6,60,2,0,5.6,12:26
4407,B018,R017,S185,Tulluru,16.52,80.58,7.68,16.67,Rainy,24,Thursday,0,Main Road,Medium,35,5,60,3,9,25.2,12:27
4408,B016,R018,S155,Ponnur,16.065,80.551,4.29,7.68,Sunny,30,Tuesday,1,Main Road,Medium,34,39,60,2,4,13.6,12:28
4409,B002,R011,S140,Vaddeswaram,16.49,80.61,3.32,26.76,Cloudy,22,Saturday,1,Main Road,Low,34,18,60,3,1,9.9,12:29
4410,B011,R007,S180,Mangalagiri,16.4303,80.5681,3.49,30.41,Rainy,30,Monday,1,Main Road,Low,44,46,60,4,5,13.8,12:30
4411,B016,R003,S010,Tenali,16.239,80.645,6.74,22.09,Sunny,39,Tuesday,0,Highway,Medium,54,58,60,1,4,12.5,12:31
4412,B007,R013,S114,Vaddeswaram,16.49,80.61,2.26,19.32,Sunny,39,Tuesday,1,Highway,Medium,53,37,60,2,4,8.6,12:32
4413,B017,R005,S193,Vaddeswaram,16.49,80.61,5.64,17.94,Cloudy,29,Saturday,0,Village Road,Medium,19,60,60,2,5,24.8,12:33
4414,B012,R013,S098,Mangalagiri,16.4303,80.5681,4.05,24.04,Foggy,29,Friday,0,Main Road,Medium,42,37,60,2,8,15.8,12:34
4415,B019,R017,S081,Tadikonda,16.405,80.643,4.39,18.96,Rainy,23,Thursday,1,Highway,Low,45,7,60,2,5,12.9,12:35
4416,B003,R012,S077,Tadikonda,16.405,80.643,7.06,30.59,Sunny,34,Monday,0,Main Road,Low,31,9,60,1,0,14.7,12:36
4417,B019,R009,S187,Ponnur,16.065,80.551,4.66,24.25,Sunny,25,Saturday,1,Village Road,Medium,23,57,60,1,4,17.2,12:37
4418,B001,R006,S167,Tulluru,16.52,80.58,1.65,11.58,Cloudy,28,Monday,1,Village Road,High,21,45,60,2,9,15.7,12:38
4419,B008,R011,S188,Tadikonda,16.405,80.643,1.92,29.65,Foggy,37,Tuesday,0,Highway,Low,45,54,60,3,4,9.6,12:39
4420,B018,R010,S093,Tulluru,16.52,80.58,1.85,28.28,Sunny,35,Tuesday,0,Main Road,Medium,40,48,60,3,4,9.8,12:40
4421,B009,R001,S154,Ponnur,16.065,80.551,2.43,2.45,Cloudy,38,Wednesday,0,Village Road,Low,29,11,60,3,1,9.0,12:41
4422,B016,R004,S139,Namburu,16.36,80.52,7.49,24.84,Cloudy,31,Wednesday,1,Village Road,Low,22,9,60,4,1,25.4,12:42
4423,B015,R009,S162,Namburu,16.36,80.52,0.98,14.3,Cloudy,22,Monday,0,Highway,Medium,59,45,60,4,5,10.0,12:43
4424,B019,R013,S007,Vaddeswaram,16.49,80.61,7.36,24.94,Sunny,36,Monday,0,Village Road,High,31,22,60,3,8,25.2,12:44
4425,B006,R006,S176,Guntur,16.3067,80.4365,3.38,8.02,Cloudy,31,Thursday,0,Main Road,Low,45,39,60,4,1,9.5,12:45
4426,B013,R002,S152,Guntur,16.3067,80.4365,4.09,5.89,Rainy,34,Saturday,0,Highway,Low,47,6,60,2,5,12.2,12:46
4427,B014,R014,S127,Namburu,16.36,80.52,6.4,34.91,Sunny,36,Wednesday,0,Main Road,Low,44,37,60,1,0,9.7,12:47
4428,B005,R014,S062,Tulluru,16.52,80.58,2.26,22.33,Rainy,28,Thursday,0,Village Road,Medium,30,40,60,3,9,16.5,12:48
4429,B015,R005,S141,Tulluru,16.52,80.58,7.25,34.07,Sunny,37,Friday,0,Highway,Medium,52,47,60,2,4,14.4,12:49
4430,B006,R013,S196,Vaddeswaram,16.49,80.61,6.96,18.36,Cloudy,37,Monday,1,Village Road,High,27,31,60,1,9,25.5,12:50
4431,B009,R014,S014,Mangalagiri,16.4303,80.5681,7.13,19.34,Sunny,30,Saturday,0,Main Road,Medium,45,14,60,1,4,14.5,12:51
4432,B020,R015,S154,Tulluru,16.52,80.58,6.34,10.75,Cloudy,38,Monday,0,Main Road,Low,43,18,60,2,1,11.8,12:52
4433,B003,R020,S111,Ponnur,16.065,80.551,7.34,23.49,Sunny,33,Tuesday,1,Main Road,High,43,57,60,3,8,21.2,12:53
4434,B020,R015,S173,Prathipadu,16.48,80.32,4.26,22.88,Sunny,32,Monday,1,Village Road,Medium,23,19,60,2,4,17.1,12:54
4435,B016,R004,S090,Guntur,16.3067,80.4365,6.28,32.5,Sunny,24,Monday,0,Main Road,Low,36,36,60,4,0,14.5,12:55
4436,B009,R012,S095,Guntur,16.3067,80.4365,5.21,12.31,Rainy,36,Saturday,1,Main Road,Low,39,32,60,4,5,17.0,12:56
4437,B017,R006,S126,Tenali,16.239,80.645,1.41,30.34,Foggy,36,Wednesday,1,Main Road,Medium,30,58,60,3,8,13.8,12:57
4438,B020,R011,S124,Namburu,16.36,80.52,1.4,19.13,Sunny,34,Tuesday,0,Main Road,Low,44,35,60,3,0,4.9,12:58
4439,B014,R011,S014,Mangalagiri,16.4303,80.5681,1.65,15.56,Sunny,38,Monday,1,Village Road,High,28,8,60,1,8,12.5,12:59
4440,B019,R009,S085,Tenali,16.239,80.645,2.36,7.25,Foggy,29,Saturday,1,Village Road,Low,20,25,60,4,4,15.1,12:00
4441,B019,R005,S170,Pedakakani,16.285,80.49,2.76,28.73,Sunny,23,Monday,1,Main Road,Low,34,38,60,4,0,8.9,12:01
4442,B018,R014,S171,Tadikonda,16.405,80.643,5.19,30.1,Cloudy,32,Monday,1,Village Road,Low,33,31,60,4,1,14.4,12:02
4443,B001,R008,S083,Guntur,16.3067,80.4365,3.22,31.26,Sunny,33,Wednesday,0,Highway,Low,47,56,60,3,0,7.1,12:03
4444,B016,R006,S164,Vaddeswaram,16.49,80.61,5.51,16.17,Foggy,25,Tuesday,1,Main Road,High,43,6,60,4,12,23.7,12:04
4445,B016,R017,S036,Guntur,16.3067,80.4365,1.05,1.78,Foggy,29,Thursday,0,Main Road,Medium,36,5,60,2,8,11.8,12:05
4446,B020,R004,S111,Tulluru,16.52,80.58,6.77,8.71,Sunny,32,Monday,1,Main Road,Low,44,39,60,1,0,10.2,12:06
4447,B011,R017,S116,Guntur,16.3067,80.4365,3.15,13.06,Sunny,24,Thursday,0,Highway,High,60,16,60,2,8,13.2,12:07
4448,B002,R011,S048,Guntur,16.3067,80.4365,0.9,27.49,Sunny,40,Friday,1,Highway,Medium,56,14,60,1,4,6.0,12:08
4449,B003,R006,S174,Tenali,16.239,80.645,5.45,13.18,Rainy,31,Tuesday,0,Highway,Low,56,14,60,2,5,12.8,12:09
4450,B014,R019,S004,Pedakakani,16.285,80.49,2.37,21.24,Sunny,30,Saturday,1,Main Road,Low,37,46,60,4,0,7.8,12:10
4451,B018,R016,S108,Ponnur,16.065,80.551,1.53,26.69,Sunny,34,Thursday,1,Main Road,High,30,26,60,1,8,12.1,12:11
4452,B015,R002,S200,Tenali,16.239,80.645,6.05,16.57,Cloudy,24,Saturday,0,Village Road,Medium,24,37,60,2,5,22.1,12:12
4453,B011,R002,S057,Guntur,16.3067,80.4365,3.62,18.04,Sunny,29,Saturday,1,Highway,High,57,11,60,1,8,12.8,12:13
4454,B012,R008,S004,Mangalagiri,16.4303,80.5681,5.7,19.23,Sunny,29,Wednesday,0,Main Road,High,39,56,60,2,8,18.8,12:14
4455,B015,R005,S163,Prathipadu,16.48,80.32,6.82,12.42,Rainy,38,Thursday,0,Village Road,Low,32,13,60,2,5,19.8,12:15
4456,B020,R009,S003,Tadikonda,16.405,80.643,3.18,28.59,Rainy,40,Friday,1,Main Road,Low,30,27,60,2,5,13.4,12:16
4457,B015,R003,S054,Prathipadu,16.48,80.32,7.26,17.91,Rainy,23,Tuesday,0,Main Road,High,42,42,60,1,13,24.4,12:17
4458,B005,R003,S198,Tadikonda,16.405,80.643,5.98,9.2,Cloudy,29,Tuesday,0,Village Road,Medium,23,8,60,2,5,22.6,12:18
4459,B019,R011,S129,Guntur,16.3067,80.4365,0.81,1.68,Sunny,37,Saturday,0,Main Road,Low,40,6,60,1,0,2.2,12:19
4460,B003,R017,S111,Tadikonda,16.405,80.643,1.16,26.31,Sunny,22,Thursday,0,Highway,Low,59,19,60,2,0,3.2,12:20
4461,B020,R014,S034,Mangalagiri,16.4303,80.5681,2.46,28.0,Sunny,37,Thursday,0,Main Road,Low,39,5,60,3,0,6.8,12:21
4462,B020,R015,S099,Guntur,16.3067,80.4365,7.5,26.54,Sunny,37,Wednesday,0,Village Road,Low,25,19,60,2,0,20.0,12:22
4463,B010,R008,S018,Tulluru,16.52,80.58,7.8,18.67,Rainy,31,Monday,0,Highway,Low,49,20,60,1,5,15.6,12:23
4464,B004,R017,S151,Tulluru,16.52,80.58,7.76,18.8,Sunny,30,Tuesday,1,Main Road,Medium,39,5,60,4,4,19.9,12:24
4465,B005,R002,S013,Vaddeswaram,16.49,80.61,4.41,9.9,Sunny,31,Saturday,0,Main Road,Medium,43,30,60,1,4,11.2,12:25
4466,B007,R005,S031,Ponnur,16.065,80.551,3.33,29.02,Rainy,38,Thursday,0,Village Road,Low,29,20,60,1,5,12.9,12:26
4467,B003,R014,S148,Tulluru,16.52,80.58,6.49,26.51,Sunny,39,Saturday,0,Main Road,Low,38,32,60,2,0,12.2,12:27
4468,B014,R006,S110,Vaddeswaram,16.49,80.61,5.73,34.86,Sunny,32,Wednesday,1,Highway,High,55,12,60,3,8,17.3,12:28
4469,B009,R018,S076,Pedakakani,16.285,80.49,3.23,13.56,Sunny,36,Friday,0,Main Road,Low,34,34,60,4,0,9.7,12:29
4470,B010,R016,S188,Guntur,16.3067,80.4365,1.51,8.22,Sunny,22,Thursday,1,Village Road,Low,30,24,60,3,0,6.0,12:30
4471,B015,R003,S028,Guntur,16.3067,80.4365,1.02,20.09,Cloudy,22,Thursday,1,Main Road,Medium,35,37,60,1,5,7.7,12:31
4472,B002,R018,S138,Guntur,16.3067,80.4365,7.62,27.82,Cloudy,25,Wednesday,1,Village Road,Medium,22,39,60,1,5,26.8,12:32
4473,B020,R014,S016,Tulluru,16.52,80.58,5.84,11.25,Sunny,35,Friday,0,Main Road,High,38,20,60,2,8,19.2,12:33
4474,B014,R015,S133,Vaddeswaram,16.49,80.61,6.14,24.87,Cloudy,26,Tuesday,1,Highway,High,48,35,60,4,9,20.7,12:34
4475,B017,R012,S086,Pedakakani,16.285,80.49,5.01,25.56,Sunny,40,Saturday,1,Main Road,Medium,43,12,60,4,4,15.0,12:35
4476,B007,R007,S123,Mangalagiri,16.4303,80.5681,5.95,32.88,Sunny,39,Thursday,1,Village Road,Medium,27,33,60,4,4,21.2,12:36
4477,B020,R008,S103,Tadikonda,16.405,80.643,6.81,29.21,Sunny,31,Monday,1,Village Road,Low,23,49,60,3,0,20.8,12:37
4478,B006,R009,S023,Prathipadu,16.48,80.32,4.27,23.14,Rainy,29,Tuesday,1,Highway,Medium,50,26,60,4,9,18.1,12:38
4479,B003,R012,S134,Tulluru,16.52,80.58,5.68,7.87,Sunny,26,Wednesday,1,Village Road,Medium,25,54,60,2,4,19.6,12:39
4480,B020,R019,S033,Pedakakani,16.285,80.49,3.0,19.26,Sunny,23,Wednesday,0,Village Road,Low,25,8,60,4,0,11.2,12:40
4481,B010,R019,S073,Tenali,16.239,80.645,6.21,24.84,Rainy,26,Friday,0,Main Road,Medium,41,27,60,2,9,20.1,12:41
4482,B013,R010,S037,Tadikonda,16.405,80.643,4.27,26.09,Cloudy,29,Thursday,0,Main Road,Low,30,36,60,4,1,13.5,12:42
4483,B019,R005,S196,Guntur,16.3067,80.4365,2.11,10.59,Foggy,24,Saturday,0,Main Road,High,39,34,60,4,12,19.2,12:43
4484,B004,R016,S044,Guntur,16.3067,80.4365,6.99,18.79,Sunny,23,Friday,1,Highway,Medium,50,6,60,4,4,16.4,12:44
4485,B004,R016,S134,Tadikonda,16.405,80.643,7.94,18.48,Rainy,35,Saturday,0,Main Road,Low,38,27,60,4,5,21.5,12:45
4486,B011,R001,S073,Prathipadu,16.48,80.32,2.53,19.19,Sunny,32,Thursday,1,Main Road,High,41,5,60,4,8,15.7,12:46
4487,B020,R006,S144,Prathipadu,16.48,80.32,3.58,28.13,Cloudy,24,Friday,1,Village Road,Medium,25,9,60,3,5,16.6,12:47
4488,B003,R005,S176,Mangalagiri,16.4303,80.5681,3.33,12.0,Sunny,37,Saturday,0,Village Road,High,25,32,60,1,8,17.0,12:48
4489,B002,R007,S058,Ponnur,16.065,80.551,2.81,20.17,Sunny,37,Friday,0,Main Road,Medium,36,30,60,2,4,10.7,12:49
4490,B001,R020,S054,Mangalagiri,16.4303,80.5681,5.24,17.2,Sunny,22,Saturday,1,Village Road,Low,23,35,60,3,0,16.7,12:50
4491,B005,R018,S107,Namburu,16.36,80.52,3.56,25.79,Sunny,28,Wednesday,1,Main Road,Low,39,22,60,3,0,8.5,12:51
4492,B011,R018,S167,Guntur,16.3067,80.4365,3.01,11.92,Sunny,27,Saturday,0,Village Road,High,32,54,60,2,8,15.6,12:52
4493,B016,R016,S159,Pedakakani,16.285,80.49,2.28,18.34,Rainy,38,Friday,0,Main Road,Low,37,23,60,1,5,9.7,12:53
4494,B001,R015,S104,Tenali,16.239,80.645,3.66,6.89,Cloudy,25,Wednesday,0,Main Road,Low,31,47,60,3,1,11.1,12:54
4495,B018,R005,S028,Ponnur,16.065,80.551,5.09,19.53,Foggy,23,Friday,0,Main Road,Medium,33,8,60,2,8,19.3,12:55
4496,B019,R017,S155,Guntur,16.3067,80.4365,5.13,8.64,Sunny,30,Thursday,0,Main Road,Low,38,44,60,1,0,9.1,12:56
4497,B001,R020,S110,Vaddeswaram,16.49,80.61,7.31,25.37,Sunny,23,Tuesday,0,Village Road,Medium,26,38,60,1,4,21.9,12:57
4498,B011,R016,S035,Tadikonda,16.405,80.643,5.34,10.31,Sunny,36,Saturday,0,Village Road,Low,35,26,60,3,0,12.2,12:58
4499,B002,R014,S158,Tulluru,16.52,80.58,7.64,33.24,Cloudy,34,Wednesday,1,Highway,Medium,55,36,60,2,5,15.3,12:59
4500,B020,R016,S034,Prathipadu,16.48,80.32,2.17,2.47,Rainy,22,Monday,1,Main Road,Medium,45,50,60,2,9,13.9,13:00
4501,B013,R015,S164,Prathipadu,16.48,80.32,4.86,34.73,Sunny,22,Thursday,0,Main Road,Low,43,41,60,2,0,8.8,13:01
4502,B007,R018,S139,Namburu,16.36,80.52,4.57,28.92,Cloudy,22,Monday,1,Village Road,High,24,59,60,3,9,23.4,13:02
4503,B018,R010,S048,Tenali,16.239,80.645,5.79,12.09,Sunny,32,Wednesday,1,Highway,Medium,45,9,60,3,4,14.7,13:03
4504,B004,R017,S191,Ponnur,16.065,80.551,2.97,29.47,Sunny,28,Tuesday,1,Village Road,High,34,35,60,1,8,14.2,13:04
4505,B014,R019,S049,Tulluru,16.52,80.58,5.81,28.44,Sunny,35,Monday,1,Main Road,Medium,42,53,60,3,4,15.3,13:05
4506,B017,R010,S061,Tadikonda,16.405,80.643,1.3,29.22,Rainy,27,Wednesday,1,Main Road,High,38,55,60,1,13,16.1,13:06
4507,B018,R013,S195,Pedakakani,16.285,80.49,5.47,14.92,Sunny,40,Wednesday,0,Main Road,Low,37,42,60,2,0,10.9,13:07
4508,B002,R002,S181,Tenali,16.239,80.645,3.93,20.09,Sunny,36,Tuesday,1,Village Road,Medium,19,43,60,1,4,17.4,13:08
4509,B017,R005,S039,Guntur,16.3067,80.4365,0.96,23.87,Rainy,30,Tuesday,0,Highway,Low,50,16,60,3,5,9.2,13:09
4510,B001,R018,S092,Pedakakani,16.285,80.49,2.3,27.69,Sunny,33,Monday,0,Main Road,Medium,40,47,60,4,4,11.4,13:10
4511,B007,R019,S093,Prathipadu,16.48,80.32,6.27,35.1,Rainy,32,Thursday,0,Highway,High,56,34,60,3,13,22.7,13:11
4512,B016,R007,S100,Tadikonda,16.405,80.643,3.93,18.51,Rainy,29,Monday,0,Village Road,Medium,25,27,60,2,9,20.4,13:12
4513,B009,R018,S127,Tadikonda,16.405,80.643,2.84,19.11,Sunny,39,Friday,0,Main Road,High,36,27,60,3,8,15.7,13:13
4514,B017,R015,S131,Tadikonda,16.405,80.643,4.9,6.73,Sunny,26,Wednesday,1,Main Road,High,39,17,60,3,8,18.5,13:14
4515,B012,R010,S011,Mangalagiri,16.4303,80.5681,7.03,7.97,Rainy,33,Saturday,0,Village Road,Low,23,17,60,2,5,25.3,13:15
4516,B002,R014,S009,Ponnur,16.065,80.551,2.8,26.66,Sunny,29,Tuesday,1,Village Road,High,31,9,60,3,8,16.4,13:16
4517,B010,R013,S083,Tulluru,16.52,80.58,0.95,22.25,Foggy,30,Friday,0,Main Road,Medium,40,41,60,1,8,10.4,13:17
4518,B003,R020,S021,Tenali,16.239,80.645,7.53,9.54,Sunny,36,Thursday,1,Highway,Low,50,41,60,1,0,10.0,13:18
4519,B003,R015,S127,Pedakakani,16.285,80.49,0.88,30.66,Sunny,32,Friday,0,Highway,Low,54,34,60,1,0,2.0,13:19
4520,B009,R016,S005,Ponnur,16.065,80.551,6.9,30.47,Rainy,36,Saturday,0,Village Road,Low,24,31,60,3,5,25.3,13:20
4521,B003,R004,S041,Prathipadu,16.48,80.32,7.25,11.09,Rainy,32,Friday,0,Highway,Low,56,13,60,2,5,14.8,13:21
4522,B003,R013,S156,Mangalagiri,16.4303,80.5681,3.91,8.59,Sunny,35,Monday,0,Main Road,Low,30,36,60,3,0,10.8,13:22
4523,B015,R010,S062,Guntur,16.3067,80.4365,4.55,11.29,Sunny,40,Tuesday,0,Main Road,Low,39,59,60,2,0,9.0,13:23
4524,B019,R011,S034,Tulluru,16.52,80.58,3.07,11.5,Sunny,37,Friday,1,Highway,Medium,57,37,60,1,4,8.2,13:24
4525,B001,R005,S013,Prathipadu,16.48,80.32,6.85,33.69,Cloudy,35,Friday,0,Highway,Low,50,56,60,2,1,11.2,13:25
4526,B015,R011,S039,Tadikonda,16.405,80.643,6.48,23.15,Cloudy,29,Tuesday,1,Highway,Low,51,29,60,3,1,11.6,13:26
4527,B005,R012,S082,Mangalagiri,16.4303,80.5681,1.66,14.05,Sunny,24,Tuesday,0,Village Road,Low,21,41,60,1,0,5.7,13:27
4528,B016,R001,S122,Tulluru,16.52,80.58,6.44,26.41,Cloudy,22,Tuesday,1,Main Road,Medium,39,26,60,4,5,18.9,13:28
4529,B019,R004,S150,Prathipadu,16.48,80.32,1.78,28.68,Rainy,33,Thursday,1,Highway,Low,56,57,60,4,5,10.9,13:29
4530,B016,R017,S191,Tulluru,16.52,80.58,2.61,10.54,Sunny,26,Friday,0,Village Road,Medium,18,24,60,3,4,15.7,13:30
4531,B002,R001,S113,Guntur,16.3067,80.4365,1.33,27.52,Cloudy,30,Friday,0,Main Road,Low,43,5,60,4,1,6.9,13:31
4532,B011,R006,S030,Prathipadu,16.48,80.32,7.38,10.83,Rainy,35,Tuesday,1,Highway,Low,46,44,60,4,5,18.6,13:32
4533,B017,R017,S148,Tadikonda,16.405,80.643,7.3,8.16,Sunny,25,Wednesday,1,Main Road,Medium,39,44,60,4,4,19.2,13:33
4534,B011,R017,S006,Tenali,16.239,80.645,7.59,28.01,Rainy,37,Saturday,1,Main Road,Medium,45,14,60,2,9,21.1,13:34
4535,B006,R008,S046,Tadikonda,16.405,80.643,6.15,30.09,Sunny,29,Tuesday,0,Highway,Low,45,53,60,3,0,11.2,13:35
4536,B007,R001,S124,Ponnur,16.065,80.551,4.31,10.68,Sunny,24,Saturday,1,Highway,Medium,46,31,60,3,4,12.6,13:36
4537,B004,R008,S146,Prathipadu,16.48,80.32,1.59,9.67,Sunny,28,Thursday,0,Highway,Low,45,56,60,2,0,4.1,13:37
4538,B016,R014,S176,Pedakakani,16.285,80.49,2.25,4.38,Rainy,27,Tuesday,1,Main Road,High,31,27,60,4,13,21.4,13:38
4539,B017,R015,S149,Vaddeswaram,16.49,80.61,5.9,31.78,Sunny,30,Tuesday,1,Highway,Medium,52,18,60,2,4,12.8,13:39
4540,B006,R006,S156,Ponnur,16.065,80.551,3.38,5.56,Cloudy,40,Monday,0,Highway,High,56,15,60,2,9,14.6,13:40
4541,B016,R015,S166,Vaddeswaram,16.49,80.61,4.17,25.1,Rainy,25,Thursday,1,Village Road,Low,20,30,60,2,5,19.5,13:41
4542,B009,R010,S028,Namburu,16.36,80.52,1.68,4.09,Cloudy,33,Thursday,1,Main Road,Medium,42,33,60,3,5,10.4,13:42
4543,B017,R001,S025,Ponnur,16.065,80.551,2.12,30.31,Sunny,27,Friday,1,Main Road,Low,40,27,60,1,0,4.2,13:43
4544,B004,R010,S161,Vaddeswaram,16.49,80.61,7.48,17.22,Sunny,40,Monday,0,Main Road,Low,40,11,60,4,0,15.2,13:44
4545,B009,R007,S018,Guntur,16.3067,80.4365,3.04,32.2,Sunny,27,Friday,0,Main Road,Low,34,20,60,3,0,8.4,13:45
4546,B013,R008,S050,Vaddeswaram,16.49,80.61,1.9,19.5,Cloudy,36,Monday,0,Village Road,Medium,21,43,60,2,5,12.4,13:46
4547,B012,R018,S066,Pedakakani,16.285,80.49,6.84,11.52,Foggy,26,Wednesday,0,Highway,Medium,51,10,60,1,8,17.0,13:47
4548,B007,R006,S160,Vaddeswaram,16.49,80.61,1.93,5.53,Sunny,37,Wednesday,1,Village Road,Low,23,6,60,1,0,6.0,13:48
4549,B010,R008,S103,Tenali,16.239,80.645,6.05,31.92,Rainy,26,Saturday,1,Main Road,Low,44,46,60,3,5,16.2,13:49
4550,B014,R010,S042,Ponnur,16.065,80.551,1.63,23.37,Sunny,38,Wednesday,1,Main Road,High,44,40,60,4,8,14.2,13:50
4551,B020,R005,S116,Pedakakani,16.285,80.49,4.31,32.17,Cloudy,31,Tuesday,0,Highway,Medium,49,58,60,4,5,14.3,13:51
4552,B016,R002,S077,Guntur,16.3067,80.4365,1.1,16.46,Sunny,22,Wednesday,1,Main Road,Low,42,39,60,1,0,2.6,13:52
4553,B016,R008,S145,Namburu,16.36,80.52,1.78,23.55,Sunny,37,Monday,0,Main Road,Medium,31,31,60,1,4,8.4,13:53
4554,B004,R019,S102,Tenali,16.239,80.645,4.5,6.46,Rainy,37,Thursday,1,Village Road,Low,28,60,60,4,5,18.6,13:54
4555,B010,R009,S171,Ponnur,16.065,80.551,3.72,20.16,Foggy,26,Wednesday,1,Highway,High,57,8,60,3,12,18.9,13:55
4556,B004,R006,S107,Ponnur,16.065,80.551,2.4,15.09,Cloudy,32,Tuesday,1,Village Road,High,29,31,60,3,9,17.0,13:56
4557,B018,R007,S047,Prathipadu,16.48,80.32,3.27,8.43,Sunny,24,Monday,0,Village Road,High,21,29,60,4,8,21.3,13:57
4558,B014,R019,S126,Vaddeswaram,16.49,80.61,6.9,18.63,Foggy,37,Monday,0,Village Road,Low,18,23,60,3,4,30.0,13:58
4559,B012,R020,S048,Pedakakani,16.285,80.49,7.4,14.49,Sunny,38,Friday,1,Main Road,Low,35,5,60,2,0,14.7,13:59
4560,B004,R017,S048,Guntur,16.3067,80.4365,3.64,17.92,Sunny,25,Monday,1,Main Road,High,32,5,60,4,8,18.8,13:00
4561,B003,R013,S033,Vaddeswaram,16.49,80.61,3.77,14.18,Sunny,37,Wednesday,1,Main Road,Medium,38,45,60,2,4,12.0,13:01
4562,B014,R018,S157,Tenali,16.239,80.645,3.82,7.21,Cloudy,33,Tuesday,1,Main Road,Medium,31,54,60,2,5,14.4,13:02
4563,B012,R020,S111,Ponnur,16.065,80.551,2.46,27.66,Sunny,29,Friday,0,Village Road,Low,24,47,60,3,0,9.1,13:03
4564,B011,R011,S083,Vaddeswaram,16.49,80.61,5.0,7.12,Cloudy,35,Monday,0,Main Road,Medium,44,55,60,1,5,12.8,13:04
4565,B006,R009,S036,Tulluru,16.52,80.58,5.45,32.79,Cloudy,32,Friday,1,Main Road,Low,39,30,60,3,1,12.4,13:05
4566,B007,R017,S070,Pedakakani,16.285,80.49,6.5,16.66,Rainy,40,Friday,1,Main Road,Low,36,6,60,3,5,18.8,13:06
4567,B020,R005,S128,Vaddeswaram,16.49,80.61,7.8,21.87,Sunny,36,Saturday,0,Village Road,High,32,24,60,1,8,23.6,13:07
4568,B014,R004,S131,Guntur,16.3067,80.4365,1.18,16.1,Foggy,38,Wednesday,1,Village Road,Medium,26,52,60,2,8,12.7,13:08
4569,B004,R017,S013,Pedakakani,16.285,80.49,3.61,30.59,Cloudy,38,Tuesday,1,Highway,Medium,56,21,60,1,5,9.9,13:09
4570,B019,R010,S109,Vaddeswaram,16.49,80.61,6.07,33.53,Sunny,29,Tuesday,0,Village Road,Medium,20,40,60,3,4,25.2,13:10
4571,B015,R001,S097,Mangalagiri,16.4303,80.5681,3.95,16.55,Sunny,23,Saturday,1,Village Road,Medium,22,19,60,4,4,18.8,13:11
4572,B011,R003,S067,Tenali,16.239,80.645,2.44,25.45,Rainy,28,Thursday,1,Main Road,Medium,37,32,60,4,9,17.0,13:12
4573,B013,R016,S032,Tadikonda,16.405,80.643,5.97,11.37,Rainy,27,Wednesday,1,Main Road,Medium,41,5,60,2,9,19.7,13:13
4574,B009,R014,S013,Ponnur,16.065,80.551,7.8,15.22,Sunny,22,Saturday,1,Village Road,Medium,34,42,60,3,4,20.8,13:14
4575,B011,R011,S148,Namburu,16.36,80.52,4.52,27.27,Rainy,29,Tuesday,1,Village Road,Low,31,39,60,2,5,15.7,13:15
4576,B014,R009,S100,Vaddeswaram,16.49,80.61,4.74,4.89,Sunny,33,Tuesday,0,Main Road,Low,39,50,60,4,0,11.3,13:16
4577,B008,R010,S169,Namburu,16.36,80.52,1.76,21.89,Sunny,25,Tuesday,0,Village Road,Medium,31,23,60,2,4,9.4,13:17
4578,B016,R012,S059,Tenali,16.239,80.645,4.12,9.73,Rainy,24,Thursday,0,Main Road,High,30,17,60,3,13,24.2,13:18
4579,B020,R017,S072,Tulluru,16.52,80.58,4.29,16.19,Sunny,38,Monday,0,Main Road,High,37,34,60,2,8,17.0,13:19
4580,B007,R006,S079,Tadikonda,16.405,80.643,2.06,11.81,Sunny,35,Saturday,0,Village Road,Low,21,45,60,3,0,8.9,13:20
4581,B020,R013,S014,Prathipadu,16.48,80.32,3.18,11.33,Sunny,23,Saturday,1,Village Road,Low,34,40,60,2,0,7.6,13:21
4582,B002,R015,S090,Tulluru,16.52,80.58,3.69,30.24,Rainy,24,Monday,0,Village Road,Medium,18,24,60,2,9,23.3,13:22
4583,B006,R009,S001,Vaddeswaram,16.49,80.61,5.89,22.6,Sunny,25,Thursday,0,Village Road,Low,31,48,60,2,0,13.4,13:23
4584,B001,R001,S159,Tadikonda,16.405,80.643,2.31,4.25,Sunny,31,Monday,1,Main Road,Low,40,20,60,3,0,6.5,13:24
4585,B002,R014,S179,Namburu,16.36,80.52,5.0,20.86,Rainy,29,Wednesday,0,Main Road,Medium,32,28,60,4,9,22.4,13:25
4586,B017,R006,S059,Mangalagiri,16.4303,80.5681,4.13,11.12,Sunny,29,Monday,1,Village Road,Low,29,36,60,1,0,9.5,13:26
4587,B010,R010,S034,Mangalagiri,16.4303,80.5681,1.27,15.3,Cloudy,29,Tuesday,1,Main Road,Low,43,57,60,1,1,3.8,13:27
4588,B010,R013,S135,Tadikonda,16.405,80.643,1.81,21.95,Sunny,37,Friday,0,Main Road,High,42,36,60,4,8,14.6,13:28
4589,B020,R015,S139,Mangalagiri,16.4303,80.5681,4.16,10.42,Rainy,22,Friday,1,Main Road,Low,32,37,60,4,5,16.8,13:29
4590,B020,R019,S170,Ponnur,16.065,80.551,5.23,32.05,Sunny,32,Thursday,0,Highway,Medium,58,6,60,3,4,12.4,13:30
4591,B014,R017,S162,Tadikonda,16.405,80.643,1.24,17.45,Sunny,24,Tuesday,0,Highway,High,55,20,60,3,8,12.4,13:31
4592,B009,R020,S051,Mangalagiri,16.4303,80.5681,4.94,11.4,Cloudy,37,Saturday,0,Main Road,Low,36,7,60,2,1,11.2,13:32
4593,B008,R001,S019,Ponnur,16.065,80.551,7.41,32.54,Foggy,35,Wednesday,0,Highway,High,57,52,60,1,12,20.8,13:33
4594,B009,R008,S129,Ponnur,16.065,80.551,1.63,17.48,Sunny,40,Monday,0,Highway,Medium,59,24,60,1,4,6.7,13:34
4595,B001,R003,S172,Vaddeswaram,16.49,80.61,3.51,27.89,Sunny,35,Thursday,1,Highway,Low,48,47,60,3,0,7.4,13:35
4596,B008,R009,S057,Mangalagiri,16.4303,80.5681,6.14,33.43,Rainy,24,Wednesday,0,Main Road,Low,41,58,60,1,5,15.0,13:36
4597,B007,R012,S181,Tadikonda,16.405,80.643,5.15,31.99,Sunny,34,Tuesday,1,Main Road,Medium,38,50,60,2,4,14.1,13:37
4598,B019,R004,S108,Namburu,16.36,80.52,6.06,31.17,Cloudy,32,Tuesday,1,Village Road,Low,23,48,60,2,1,18.8,13:38
4599,B010,R017,S193,Namburu,16.36,80.52,4.22,8.28,Sunny,23,Monday,0,Village Road,Low,35,47,60,4,0,11.2,13:39
4600,B015,R014,S094,Pedakakani,16.285,80.49,5.91,32.97,Cloudy,24,Thursday,0,Village Road,Medium,31,35,60,4,5,20.4,14:40
4601,B014,R010,S067,Namburu,16.36,80.52,4.96,34.55,Sunny,25,Wednesday,0,Village Road,Low,23,5,60,3,0,15.9,14:41
4602,B005,R017,S058,Guntur,16.3067,80.4365,7.48,12.95,Sunny,31,Tuesday,1,Highway,High,56,22,60,2,8,18.0,14:42
4603,B018,R002,S192,Ponnur,16.065,80.551,5.07,30.35,Sunny,31,Friday,1,Main Road,Medium,36,6,60,3,4,15.5,14:43
4604,B008,R002,S004,Prathipadu,16.48,80.32,6.92,8.92,Sunny,26,Friday,0,Village Road,Medium,31,55,60,2,4,19.4,14:44
4605,B020,R017,S037,Ponnur,16.065,80.551,3.19,25.84,Sunny,39,Monday,0,Main Road,High,38,50,60,2,8,15.0,14:45
4606,B017,R019,S124,Namburu,16.36,80.52,7.94,8.24,Foggy,37,Friday,0,Village Road,Low,18,19,60,4,4,34.5,14:46
4607,B019,R014,S175,Prathipadu,16.48,80.32,1.77,21.86,Sunny,38,Friday,0,Village Road,High,27,49,60,4,8,15.9,14:47
4608,B012,R016,S033,Vaddeswaram,16.49,80.61,6.85,21.85,Cloudy,26,Saturday,0,Main Road,High,44,51,60,2,9,20.3,14:48
4609,B011,R017,S031,Mangalagiri,16.4303,80.5681,5.76,19.49,Sunny,22,Monday,0,Main Road,Low,31,52,60,4,0,15.1,14:49
4610,B017,R002,S181,Pedakakani,16.285,80.49,2.09,31.64,Sunny,23,Tuesday,0,Main Road,Medium,41,56,60,3,4,10.1,14:50
4611,B017,R008,S039,Tenali,16.239,80.645,7.62,30.85,Cloudy,26,Wednesday,0,Highway,High,60,43,60,4,9,20.6,14:51
4612,B002,R003,S117,Mangalagiri,16.4303,80.5681,1.94,30.19,Cloudy,33,Wednesday,0,Village Road,Low,25,30,60,4,1,9.7,14:52
4613,B005,R007,S080,Tulluru,16.52,80.58,7.38,25.8,Sunny,39,Tuesday,0,Village Road,High,19,51,60,3,8,34.3,14:53
4614,B001,R005,S182,Prathipadu,16.48,80.32,5.81,20.32,Sunny,28,Saturday,1,Highway,Medium,53,40,60,2,4,12.6,14:54
4615,B020,R005,S032,Ponnur,16.065,80.551,3.64,10.65,Cloudy,29,Saturday,1,Main Road,Medium,32,7,60,1,5,12.8,14:55
4616,B016,R009,S062,Mangalagiri,16.4303,80.5681,0.88,28.81,Sunny,30,Monday,0,Main Road,Low,45,53,60,3,0,4.2,14:56
4617,B009,R011,S156,Pedakakani,16.285,80.49,7.82,19.03,Sunny,39,Tuesday,0,Village Road,Low,29,41,60,4,0,20.2,14:57
4618,B018,R012,S078,Ponnur,16.065,80.551,6.27,13.65,Cloudy,22,Saturday,0,Highway,Medium,47,8,60,1,5,14.0,14:58
4619,B006,R001,S197,Tenali,16.239,80.645,3.12,20.82,Sunny,32,Thursday,0,Highway,Medium,56,5,60,4,4,11.3,14:59
4620,B020,R014,S119,Prathipadu,16.48,80.32,5.17,30.74,Cloudy,23,Thursday,0,Village Road,High,18,7,60,2,9,28.2,14:00
4621,B006,R008,S091,Prathipadu,16.48,80.32,5.86,24.79,Sunny,31,Tuesday,0,Village Road,Low,20,49,60,2,0,19.6,14:01
4622,B013,R016,S181,Namburu,16.36,80.52,6.69,27.74,Sunny,31,Monday,0,Village Road,Low,24,10,60,2,0,18.7,14:02
4623,B020,R016,S037,Prathipadu,16.48,80.32,5.0,16.48,Foggy,30,Saturday,1,Main Road,Low,38,18,60,2,4,13.9,14:03
4624,B004,R012,S162,Tulluru,16.52,80.58,6.53,24.0,Sunny,22,Saturday,1,Main Road,Medium,42,9,60,3,4,16.3,14:04
4625,B003,R012,S165,Guntur,16.3067,80.4365,2.24,28.03,Cloudy,28,Saturday,0,Village Road,Medium,29,8,60,3,5,12.6,14:05
4626,B011,R006,S184,Tulluru,16.52,80.58,2.76,22.28,Sunny,39,Monday,0,Highway,Medium,52,51,60,1,4,8.2,14:06
4627,B009,R013,S182,Prathipadu,16.48,80.32,4.02,17.72,Sunny,34,Saturday,1,Main Road,Medium,33,43,60,2,4,13.3,14:07
4628,B014,R013,S146,Tadikonda,16.405,80.643,5.25,22.13,Sunny,28,Monday,0,Village Road,Medium,34,25,60,2,4,15.3,14:08
4629,B017,R007,S040,Ponnur,16.065,80.551,5.25,14.46,Sunny,32,Wednesday,0,Main Road,Medium,35,57,60,1,4,14.0,14:09
4630,B008,R014,S158,Tadikonda,16.405,80.643,2.11,15.28,Rainy,22,Friday,1,Main Road,Medium,45,32,60,1,9,12.8,14:10
4631,B002,R010,S171,Guntur,16.3067,80.4365,1.33,12.0,Cloudy,22,Saturday,0,Highway,Low,49,24,60,3,1,5.6,14:11
4632,B017,R013,S077,Mangalagiri,16.4303,80.5681,1.62,29.14,Rainy,22,Wednesday,1,Village Road,Medium,33,57,60,2,9,13.9,14:12
4633,B007,R012,S179,Guntur,16.3067,80.4365,7.61,20.32,Sunny,40,Saturday,1,Main Road,Medium,31,20,60,4,4,22.7,14:13
4634,B007,R004,S130,Guntur,16.3067,80.4365,3.59,12.62,Cloudy,37,Monday,1,Village Road,Low,22,53,60,3,1,13.8,14:14
4635,B006,R006,S071,Guntur,16.3067,80.4365,6.23,32.17,Rainy,22,Saturday,1,Main Road,Medium,34,45,60,2,9,22.0,14:15
4636,B005,R011,S166,Guntur,16.3067,80.4365,4.62,12.57,Sunny,26,Friday,1,Village Road,Low,24,22,60,2,0,13.6,14:16
4637,B007,R019,S047,Ponnur,16.065,80.551,7.63,13.95,Sunny,25,Friday,0,Village Road,Low,21,31,60,1,0,22.8,14:17
4638,B005,R020,S149,Pedakakani,16.285,80.49,7.56,34.74,Rainy,38,Thursday,1,Main Road,Medium,42,49,60,1,9,20.8,14:18
4639,B010,R013,S052,Tenali,16.239,80.645,7.83,31.87,Sunny,32,Monday,1,Village Road,Low,34,35,60,1,0,14.8,14:19
4640,B002,R019,S081,Tenali,16.239,80.645,7.0,20.78,Sunny,29,Tuesday,0,Village Road,Low,25,46,60,3,0,19.8,14:20
4641,B008,R007,S188,Ponnur,16.065,80.551,7.08,18.88,Rainy,38,Friday,0,Main Road,Medium,36,15,60,3,9,23.8,14:21
4642,B010,R018,S094,Pedakakani,16.285,80.49,4.21,20.52,Sunny,35,Thursday,1,Village Road,High,23,37,60,3,8,22.0,14:22
4643,B014,R002,S102,Tulluru,16.52,80.58,1.86,24.86,Sunny,29,Saturday,1,Highway,Low,56,5,60,2,0,4.0,14:23
4644,B018,R014,S020,Pedakakani,16.285,80.49,1.55,9.74,Sunny,31,Wednesday,0,Main Road,Low,43,43,60,2,0,4.2,14:24
4645,B004,R004,S148,Ponnur,16.065,80.551,6.36,8.29,Sunny,22,Wednesday,0,Highway,Medium,50,47,60,1,4,12.6,14:25
4646,B002,R013,S180,Ponnur,16.065,80.551,3.0,12.52,Foggy,29,Wednesday,1,Village Road,Medium,31,11,60,1,8,14.8,14:26
4647,B010,R016,S107,Tulluru,16.52,80.58,2.9,11.08,Sunny,39,Tuesday,1,Main Road,Low,42,39,60,2,0,6.1,14:27
4648,B005,R014,S133,Ponnur,16.065,80.551,1.15,2.45,Sunny,31,Saturday,1,Main Road,Medium,34,35,60,1,4,7.0,14:28
4649,B011,R012,S093,Namburu,16.36,80.52,1.14,18.51,Sunny,36,Friday,1,Village Road,Medium,23,51,60,4,4,11.0,14:29
4650,B011,R006,S035,Tenali,16.239,80.645,4.0,6.76,Rainy,29,Friday,1,Highway,Medium,51,15,60,2,9,15.7,14:30
4651,B016,R012,S026,Tulluru,16.52,80.58,3.25,26.4,Sunny,28,Monday,1,Main Road,High,36,38,60,2,8,15.4,14:31
4652,B018,R011,S077,Prathipadu,16.48,80.32,7.82,33.44,Sunny,23,Thursday,1,Highway,Medium,45,27,60,4,4,18.4,14:32
4653,B018,R011,S013,Tenali,16.239,80.645,2.13,8.68,Rainy,34,Friday,1,Main Road,Medium,32,34,60,2,9,15.0,14:33
4654,B016,R011,S004,Tadikonda,16.405,80.643,4.12,4.28,Cloudy,25,Saturday,1,Village Road,Low,26,5,60,2,1,12.5,14:34
4655,B016,R006,S143,Pedakakani,16.285,80.49,4.46,17.83,Rainy,37,Saturday,0,Main Road,Low,38,28,60,2,5,14.0,14:35
4656,B020,R011,S073,Namburu,16.36,80.52,1.89,14.29,Rainy,37,Monday,1,Main Road,Low,43,49,60,1,5,8.6,14:36
4657,B004,R011,S027,Namburu,16.36,80.52,3.84,12.32,Cloudy,35,Monday,0,Village Road,Low,34,40,60,4,1,11.8,14:37
4658,B014,R016,S009,Guntur,16.3067,80.4365,2.44,12.74,Sunny,36,Saturday,1,Main Road,High,41,6,60,1,8,12.6,14:38
4659,B003,R012,S040,Tenali,16.239,80.645,0.94,20.59,Cloudy,37,Wednesday,0,Village Road,Medium,25,52,60,3,5,10.3,14:39
4660,B004,R018,S015,Mangalagiri,16.4303,80.5681,7.69,25.96,Rainy,39,Thursday,1,Village Road,Low,24,54,60,1,5,25.2,14:40
4661,B015,R009,S088,Tenali,16.239,80.645,6.02,6.55,Foggy,38,Thursday,0,Main Road,High,33,57,60,4,12,26.9,14:41
4662,B001,R006,S193,Vaddeswaram,16.49,80.61,3.56,29.47,Cloudy,39,Tuesday,1,Main Road,Low,34,17,60,2,1,9.3,14:42
4663,B008,R001,S045,Prathipadu,16.48,80.32,0.96,6.64,Rainy,33,Monday,1,Main Road,Medium,34,34,60,1,9,11.7,14:43
4664,B010,R004,S140,Mangalagiri,16.4303,80.5681,3.75,8.29,Rainy,33,Saturday,0,Main Road,Medium,40,33,60,3,9,17.6,14:44
4665,B008,R012,S075,Mangalagiri,16.4303,80.5681,7.8,32.97,Sunny,36,Thursday,1,Village Road,Medium,34,39,60,4,4,21.8,14:45
4666,B017,R013,S125,Ponnur,16.065,80.551,3.75,3.81,Rainy,28,Thursday,0,Main Road,High,39,48,60,3,13,21.8,14:46
4667,B016,R006,S173,Tadikonda,16.405,80.643,4.25,12.04,Sunny,27,Wednesday,1,Highway,Low,60,12,60,1,0,5.2,14:47
4668,B001,R004,S015,Ponnur,16.065,80.551,4.71,22.27,Sunny,27,Thursday,0,Main Road,Medium,30,60,60,1,4,14.4,14:48
4669,B010,R001,S055,Tulluru,16.52,80.58,4.03,11.02,Cloudy,23,Thursday,0,Main Road,High,33,33,60,2,9,18.3,14:49
4670,B012,R018,S196,Namburu,16.36,80.52,6.64,24.49,Sunny,38,Saturday,0,Village Road,Low,23,47,60,1,0,18.3,14:50
4671,B010,R006,S039,Guntur,16.3067,80.4365,5.32,29.99,Rainy,32,Thursday,1,Highway,Medium,53,42,60,4,9,19.0,14:51
4672,B006,R003,S056,Vaddeswaram,16.49,80.61,2.78,8.93,Rainy,23,Monday,0,Main Road,Low,34,40,60,2,5,11.9,14:52
4673,B007,R014,S026,Prathipadu,16.48,80.32,4.16,9.35,Sunny,31,Thursday,1,Village Road,Low,30,29,60,3,0,11.3,14:53
4674,B010,R010,S181,Tadikonda,16.405,80.643,3.24,32.31,Rainy,34,Friday,0,Main Road,High,37,24,60,3,13,21.3,14:54
4675,B004,R016,S118,Vaddeswaram,16.49,80.61,7.63,22.29,Sunny,24,Monday,1,Main Road,High,42,43,60,1,8,19.9,14:55
4676,B003,R010,S196,Prathipadu,16.48,80.32,7.47,9.02,Sunny,23,Thursday,1,Main Road,Low,42,12,60,3,0,13.7,14:56
4677,B004,R017,S060,Ponnur,16.065,80.551,3.01,12.94,Sunny,30,Friday,1,Village Road,Medium,28,49,60,4,4,14.4,14:57
4678,B017,R011,S157,Tulluru,16.52,80.58,5.97,22.37,Sunny,24,Saturday,0,Main Road,Low,33,37,60,3,0,13.9,14:58
4679,B008,R018,S061,Tulluru,16.52,80.58,3.92,28.97,Sunny,30,Thursday,1,Main Road,Medium,33,14,60,1,4,12.1,14:59
4680,B001,R008,S084,Prathipadu,16.48,80.32,3.19,22.61,Sunny,23,Saturday,0,Main Road,Low,42,46,60,3,0,7.6,14:00
4681,B001,R008,S078,Namburu,16.36,80.52,5.82,31.46,Sunny,36,Monday,0,Main Road,Low,32,37,60,4,0,14.9,14:01
4682,B002,R015,S067,Tadikonda,16.405,80.643,5.64,29.36,Sunny,36,Thursday,0,Main Road,Low,45,10,60,3,0,10.5,14:02
4683,B002,R015,S017,Tulluru,16.52,80.58,4.91,5.32,Rainy,40,Friday,0,Main Road,Low,36,28,60,4,5,17.2,14:03
4684,B018,R015,S082,Namburu,16.36,80.52,2.62,28.33,Sunny,34,Thursday,0,Main Road,Low,44,49,60,2,0,5.6,14:04
4685,B005,R014,S020,Mangalagiri,16.4303,80.5681,3.57,3.64,Sunny,33,Wednesday,0,Village Road,High,32,44,60,1,8,15.7,14:05
4686,B002,R008,S049,Vaddeswaram,16.49,80.61,0.84,18.54,Cloudy,31,Saturday,1,Village Road,Low,20,18,60,1,1,4.5,14:06
4687,B012,R016,S199,Tulluru,16.52,80.58,1.84,14.84,Cloudy,40,Monday,0,Highway,High,60,29,60,1,9,11.8,14:07
4688,B018,R005,S067,Namburu,16.36,80.52,5.17,34.69,Rainy,38,Monday,1,Main Road,Low,37,56,60,4,5,17.4,14:08
4689,B018,R010,S055,Tadikonda,16.405,80.643,1.47,11.29,Sunny,30,Saturday,0,Main Road,Medium,36,10,60,1,4,7.5,14:09
4690,B015,R002,S166,Mangalagiri,16.4303,80.5681,4.58,28.09,Sunny,32,Wednesday,0,Village Road,Medium,35,18,60,3,4,14.9,14:10
4691,B006,R002,S120,Tadikonda,16.405,80.643,2.18,29.53,Cloudy,38,Saturday,0,Highway,Low,55,57,60,2,1,5.4,14:11
4692,B006,R008,S196,Guntur,16.3067,80.4365,6.16,26.8,Cloudy,28,Thursday,0,Main Road,Low,38,28,60,4,1,14.7,14:12
4693,B012,R014,S123,Mangalagiri,16.4303,80.5681,4.49,6.38,Sunny,40,Wednesday,0,Village Road,High,24,27,60,2,8,21.2,14:13
4694,B018,R002,S031,Ponnur,16.065,80.551,1.49,9.8,Sunny,38,Thursday,0,Village Road,Low,31,50,60,4,0,6.9,14:14
4695,B019,R019,S043,Pedakakani,16.285,80.49,2.16,3.22,Foggy,34,Tuesday,0,Highway,Medium,45,53,60,2,8,12.9,14:15
4696,B015,R017,S183,Prathipadu,16.48,80.32,5.07,18.36,Rainy,38,Wednesday,0,Highway,High,48,33,60,2,13,21.3,14:16
4697,B011,R001,S027,Tulluru,16.52,80.58,3.31,9.22,Rainy,27,Tuesday,0,Village Road,Medium,29,41,60,2,9,17.8,14:17
4698,B017,R005,S036,Guntur,16.3067,80.4365,6.61,25.05,Cloudy,24,Tuesday,0,Village Road,Low,23,53,60,3,1,21.2,14:18
4699,B011,R013,S025,Pedakakani,16.285,80.49,4.87,32.65,Rainy,30,Monday,0,Highway,Low,46,40,60,2,5,13.4,14:19
4700,B010,R009,S126,Mangalagiri,16.4303,80.5681,3.63,15.7,Rainy,22,Thursday,1,Main Road,Medium,34,43,60,4,9,19.4,15:20
4701,B002,R015,S102,Pedakakani,16.285,80.49,4.97,16.94,Sunny,40,Wednesday,0,Highway,Low,54,49,60,1,0,6.5,15:21
4702,B008,R011,S077,Prathipadu,16.48,80.32,3.31,31.09,Rainy,25,Saturday,1,Main Road,Low,30,33,60,4,5,15.6,15:22
4703,B019,R017,S175,Vaddeswaram,16.49,80.61,2.79,12.21,Rainy,24,Friday,1,Village Road,Medium,18,20,60,3,9,21.3,15:23
4704,B005,R015,S067,Tadikonda,16.405,80.643,0.86,16.95,Sunny,38,Saturday,0,Main Road,Medium,36,29,60,1,4,6.4,15:24
4705,B005,R003,S148,Tadikonda,16.405,80.643,3.25,23.23,Cloudy,36,Wednesday,1,Main Road,Low,35,28,60,2,1,8.6,15:25
4706,B020,R015,S183,Prathipadu,16.48,80.32,5.11,9.83,Cloudy,35,Friday,0,Main Road,Medium,41,19,60,1,5,13.5,15:26
4707,B014,R011,S166,Vaddeswaram,16.49,80.61,5.46,21.8,Sunny,22,Monday,0,Main Road,Medium,30,9,60,2,4,16.9,15:27
4708,B006,R001,S132,Tulluru,16.52,80.58,7.3,23.98,Sunny,34,Wednesday,0,Highway,Low,55,56,60,2,0,10.0,15:28
4709,B003,R013,S151,Guntur,16.3067,80.4365,2.09,24.61,Sunny,23,Saturday,1,Main Road,High,42,14,60,1,8,12.0,15:29
4710,B001,R017,S093,Namburu,16.36,80.52,6.23,23.92,Cloudy,27,Tuesday,1,Main Road,Medium,41,10,60,3,5,17.1,15:30
4711,B020,R020,S197,Tulluru,16.52,80.58,6.43,31.32,Sunny,35,Thursday,0,Main Road,Low,34,38,60,2,0,13.3,15:31
4712,B017,R018,S126,Tadikonda,16.405,80.643,4.41,28.96,Sunny,38,Saturday,0,Village Road,Medium,32,25,60,2,4,14.3,15:32
4713,B016,R003,S122,Tulluru,16.52,80.58,1.68,19.85,Sunny,35,Tuesday,1,Main Road,Low,34,41,60,3,0,6.0,15:33
4714,B009,R014,S093,Prathipadu,16.48,80.32,4.3,28.05,Rainy,40,Friday,0,Main Road,Low,34,9,60,1,5,13.6,15:34
4715,B008,R002,S084,Ponnur,16.065,80.551,1.94,18.19,Sunny,38,Saturday,1,Main Road,High,41,54,60,3,8,13.8,15:35
4716,B006,R012,S022,Pedakakani,16.285,80.49,4.84,17.6,Sunny,38,Saturday,1,Main Road,Low,37,44,60,3,0,10.8,15:36
4717,B010,R002,S158,Namburu,16.36,80.52,1.53,28.07,Sunny,36,Saturday,1,Village Road,Medium,33,38,60,2,4,8.8,15:37
4718,B002,R010,S079,Prathipadu,16.48,80.32,7.47,15.27,Sunny,24,Friday,1,Highway,Medium,52,45,60,1,4,13.6,15:38
4719,B008,R013,S060,Guntur,16.3067,80.4365,0.86,15.82,Cloudy,30,Friday,1,Highway,Medium,58,10,60,3,5,8.9,15:39
4720,B018,R009,S019,Pedakakani,16.285,80.49,2.9,3.83,Cloudy,28,Thursday,0,Village Road,Medium,24,33,60,2,5,14.2,15:40
4721,B002,R014,S178,Vaddeswaram,16.49,80.61,6.31,8.93,Cloudy,23,Thursday,0,Main Road,Low,36,50,60,4,1,15.5,15:41
4722,B016,R010,S044,Mangalagiri,16.4303,80.5681,6.8,26.11,Rainy,22,Wednesday,0,Main Road,Medium,43,46,60,3,9,21.5,15:42
4723,B002,R004,S032,Guntur,16.3067,80.4365,4.6,9.16,Cloudy,22,Thursday,1,Main Road,High,31,5,60,2,9,19.9,15:43
4724,B009,R012,S103,Tulluru,16.52,80.58,2.57,31.11,Rainy,31,Wednesday,0,Highway,Medium,46,45,60,2,9,14.4,15:44
4725,B008,R020,S165,Ponnur,16.065,80.551,5.44,30.86,Sunny,32,Tuesday,0,Village Road,Low,22,35,60,1,0,15.8,15:45
4726,B016,R002,S032,Prathipadu,16.48,80.32,1.89,14.49,Cloudy,32,Thursday,1,Village Road,Low,24,24,60,2,1,7.7,15:46
4727,B016,R003,S110,Ponnur,16.065,80.551,1.64,22.64,Cloudy,40,Saturday,0,Highway,Medium,58,31,60,3,5,9.7,15:47
4728,B009,R004,S094,Mangalagiri,16.4303,80.5681,7.9,28.06,Cloudy,32,Saturday,0,Main Road,Medium,42,10,60,1,5,17.3,15:48
4729,B015,R011,S150,Ponnur,16.065,80.551,2.83,3.32,Foggy,24,Monday,0,Main Road,Low,30,38,60,2,4,11.7,15:49
4730,B001,R004,S110,Prathipadu,16.48,80.32,4.51,22.83,Sunny,24,Saturday,1,Main Road,Low,33,57,60,4,0,12.2,15:50
4731,B005,R001,S182,Tulluru,16.52,80.58,3.14,7.26,Sunny,34,Wednesday,1,Main Road,Low,41,46,60,3,0,7.6,15:51
4732,B011,R010,S149,Ponnur,16.065,80.551,4.83,9.5,Sunny,35,Tuesday,0,Village Road,Medium,28,37,60,1,4,15.4,15:52
4733,B007,R018,S162,Tenali,16.239,80.645,5.53,15.7,Rainy,40,Wednesday,0,Main Road,High,45,24,60,2,13,22.4,15:53
4734,B010,R009,S152,Tulluru,16.52,80.58,2.42,18.79,Cloudy,37,Monday,1,Village Road,Medium,30,26,60,3,5,12.8,15:54
4735,B017,R019,S083,Pedakakani,16.285,80.49,2.54,24.37,Sunny,37,Wednesday,0,Main Road,Low,35,38,60,1,0,5.4,15:55
4736,B015,R019,S142,Tadikonda,16.405,80.643,3.34,33.13,Sunny,24,Monday,1,Main Road,High,35,12,60,1,8,14.7,15:56
4737,B012,R017,S125,Tenali,16.239,80.645,2.26,21.07,Cloudy,27,Tuesday,1,Highway,Low,58,55,60,3,1,6.3,15:57
4738,B012,R016,S093,Tenali,16.239,80.645,2.87,22.25,Sunny,38,Saturday,1,Main Road,Medium,40,19,60,3,4,11.3,15:58
4739,B015,R003,S135,Vaddeswaram,16.49,80.61,5.79,14.84,Sunny,36,Saturday,0,Village Road,Low,19,56,60,3,0,21.3,15:59
4740,B011,R004,S119,Guntur,16.3067,80.4365,7.28,14.64,Rainy,27,Friday,1,Main Road,Medium,36,19,60,4,9,25.1,15:00
4741,B002,R005,S156,Tadikonda,16.405,80.643,7.93,34.8,Rainy,38,Wednesday,1,Main Road,Medium,45,46,60,1,9,20.6,15:01
4742,B016,R001,S022,Pedakakani,16.285,80.49,6.22,25.09,Foggy,39,Friday,0,Village Road,Medium,27,18,60,2,8,23.8,15:02
4743,B014,R018,S130,Vaddeswaram,16.49,80.61,5.66,26.22,Sunny,30,Wednesday,1,Main Road,Low,33,42,60,4,0,14.3,15:03
4744,B018,R001,S119,Ponnur,16.065,80.551,2.22,6.24,Rainy,27,Thursday,1,Main Road,Low,44,18,60,3,5,11.0,15:04
4745,B008,R010,S036,Pedakakani,16.285,80.49,6.97,30.38,Sunny,23,Wednesday,0,Village Road,Medium,24,15,60,3,4,24.4,15:05
4746,B002,R007,S116,Ponnur,16.065,80.551,4.83,11.15,Cloudy,29,Wednesday,0,Highway,High,45,43,60,3,9,18.4,15:06
4747,B016,R012,S022,Tadikonda,16.405,80.643,5.82,26.43,Sunny,33,Wednesday,0,Village Road,High,28,38,60,1,8,21.5,15:07
4748,B007,R020,S149,Vaddeswaram,16.49,80.61,1.2,3.23,Rainy,40,Tuesday,0,Main Road,Low,44,14,60,1,5,7.6,15:08
4749,B001,R015,S137,Tenali,16.239,80.645,3.16,31.05,Sunny,35,Thursday,0,Main Road,High,38,33,60,4,8,17.0,15:09
4750,B008,R008,S023,Prathipadu,16.48,80.32,1.07,15.74,Cloudy,27,Friday,1,Main Road,Low,30,12,60,2,1,5.1,15:10
4751,B013,R005,S091,Mangalagiri,16.4303,80.5681,2.74,8.73,Sunny,36,Wednesday,1,Main Road,Low,30,30,60,2,0,7.5,15:11
4752,B008,R009,S033,Prathipadu,16.48,80.32,3.26,14.14,Sunny,32,Wednesday,0,Village Road,Low,28,45,60,3,0,10.0,15:12
4753,B001,R010,S109,Pedakakani,16.285,80.49,3.39,27.19,Sunny,33,Tuesday,1,Main Road,High,32,58,60,3,8,17.4,15:13
4754,B019,R016,S166,Tadikonda,16.405,80.643,4.84,24.47,Sunny,31,Friday,0,Main Road,Medium,34,57,60,2,4,14.5,15:14
4755,B013,R003,S022,Pedakakani,16.285,80.49,7.48,30.24,Sunny,23,Saturday,1,Main Road,Low,44,58,60,4,0,14.2,15:15
4756,B008,R012,S180,Prathipadu,16.48,80.32,7.25,19.93,Cloudy,39,Monday,1,Village Road,High,34,57,60,3,9,24.8,15:16
4757,B018,R012,S089,Namburu,16.36,80.52,1.38,16.99,Sunny,25,Saturday,1,Main Road,Medium,44,11,60,2,4,7.9,15:17
4758,B009,R018,S170,Guntur,16.3067,80.4365,3.85,10.93,Cloudy,22,Friday,0,Village Road,Medium,30,16,60,1,5,13.7,15:18
4759,B014,R008,S162,Namburu,16.36,80.52,3.9,5.13,Sunny,25,Saturday,0,Village Road,Medium,26,6,60,4,4,17.0,15:19
4760,B017,R004,S038,Vaddeswaram,16.49,80.61,5.86,25.26,Cloudy,30,Monday,0,Main Road,Low,40,55,60,2,1,11.8,15:20
4761,B004,R010,S082,Ponnur,16.065,80.551,4.75,17.69,Cloudy,27,Friday,1,Main Road,High,42,46,60,1,9,16.8,15:21
4762,B017,R015,S083,Mangalagiri,16.4303,80.5681,2.15,29.79,Rainy,22,Friday,0,Main Road,High,30,9,60,2,13,19.3,15:22
4763,B016,R016,S114,Guntur,16.3067,80.4365,3.25,13.61,Cloudy,27,Monday,1,Village Road,High,25,29,60,1,9,17.8,15:23
4764,B020,R016,S036,Ponnur,16.065,80.551,3.11,13.38,Sunny,39,Saturday,0,Highway,High,47,37,60,4,8,16.0,15:24
4765,B016,R011,S005,Tulluru,16.52,80.58,3.11,13.55,Sunny,25,Wednesday,0,Village Road,High,22,53,60,2,8,18.5,15:25
4766,B016,R013,S018,Guntur,16.3067,80.4365,6.2,13.37,Cloudy,23,Wednesday,0,Village Road,High,18,57,60,3,9,32.7,15:26
4767,B004,R011,S045,Namburu,16.36,80.52,7.38,34.46,Sunny,35,Saturday,0,Highway,Low,60,36,60,1,0,8.4,15:27
4768,B015,R020,S029,Ponnur,16.065,80.551,7.36,12.99,Cloudy,34,Thursday,1,Main Road,Medium,40,41,60,3,5,19.0,15:28
4769,B017,R019,S029,Mangalagiri,16.4303,80.5681,6.97,13.76,Sunny,30,Tuesday,1,Main Road,Medium,41,21,60,3,4,17.2,15:29
4770,B016,R007,S118,Tadikonda,16.405,80.643,6.45,17.85,Rainy,27,Monday,1,Village Road,Low,29,12,60,2,5,20.3,15:30
4771,B001,R013,S006,Prathipadu,16.48,80.32,2.72,18.43,Sunny,34,Thursday,0,Main Road,Low,38,59,60,1,0,5.3,15:31
4772,B002,R001,S173,Vaddeswaram,16.49,80.61,1.02,30.99,Rainy,40,Tuesday,1,Village Road,Medium,26,18,60,2,9,13.4,15:32
4773,B006,R003,S139,Tenali,16.239,80.645,4.36,29.14,Sunny,27,Wednesday,1,Main Road,Medium,35,58,60,4,4,15.5,15:33
4774,B020,R015,S138,Mangalagiri,16.4303,80.5681,6.01,34.62,Rainy,34,Saturday,0,Village Road,Low,25,19,60,2,5,21.4,15:34
4775,B014,R019,S019,Prathipadu,16.48,80.32,4.66,9.46,Cloudy,40,Wednesday,1,Highway,Medium,53,11,60,2,5,12.3,15:35
4776,B011,R018,S153,Namburu,16.36,80.52,5.78,6.63,Sunny,34,Friday,1,Main Road,Low,30,59,60,1,0,12.6,15:36
4777,B018,R008,S172,Ponnur,16.065,80.551,6.11,33.57,Foggy,22,Saturday,0,Main Road,Medium,40,59,60,1,8,18.2,15:37
4778,B013,R006,S037,Mangalagiri,16.4303,80.5681,7.57,7.76,Cloudy,38,Thursday,1,Main Road,High,37,35,60,1,9,22.3,15:38
4779,B004,R003,S049,Tenali,16.239,80.645,6.74,8.5,Rainy,29,Thursday,0,Village Road,Low,34,40,60,4,5,20.9,15:39
4780,B016,R004,S146,Vaddeswaram,16.49,80.61,1.54,17.85,Foggy,35,Wednesday,0,Main Road,High,45,46,60,4,12,18.1,15:40
4781,B015,R007,S145,Prathipadu,16.48,80.32,7.28,19.91,Rainy,40,Thursday,1,Main Road,Medium,35,29,60,2,9,23.5,15:41
4782,B015,R012,S171,Tadikonda,16.405,80.643,7.55,9.57,Rainy,34,Thursday,0,Main Road,Low,36,53,60,1,5,18.6,15:42
4783,B001,R004,S152,Pedakakani,16.285,80.49,6.86,15.09,Cloudy,26,Wednesday,0,Highway,Medium,50,59,60,2,5,15.2,15:43
4784,B015,R005,S008,Namburu,16.36,80.52,7.05,36.41,Sunny,37,Saturday,0,Main Road,Medium,38,56,60,4,4,19.1,15:44
4785,B002,R017,S147,Tulluru,16.52,80.58,6.08,28.33,Sunny,33,Friday,0,Highway,Low,53,44,60,2,0,8.9,15:45
4786,B005,R005,S005,Guntur,16.3067,80.4365,6.85,26.72,Cloudy,35,Friday,1,Main Road,High,32,35,60,4,9,25.8,15:46
4787,B002,R005,S147,Tenali,16.239,80.645,5.09,7.0,Sunny,23,Monday,1,Main Road,Low,37,50,60,2,0,10.3,15:47
4788,B008,R010,S054,Prathipadu,16.48,80.32,4.13,18.89,Rainy,35,Thursday,1,Main Road,High,41,23,60,2,13,21.0,15:48
4789,B017,R002,S180,Namburu,16.36,80.52,6.55,6.78,Sunny,25,Wednesday,0,Main Road,Low,43,33,60,4,0,13.1,15:49
4790,B014,R020,S171,Prathipadu,16.48,80.32,1.07,25.84,Cloudy,28,Saturday,1,Main Road,Low,31,19,60,3,1,6.1,15:50
4791,B009,R007,S064,Tadikonda,16.405,80.643,7.91,26.94,Rainy,40,Thursday,0,Village Road,Medium,26,16,60,2,9,29.3,15:51
4792,B002,R013,S031,Tenali,16.239,80.645,5.17,33.19,Rainy,38,Thursday,0,Main Road,Medium,43,46,60,4,9,20.2,15:52
4793,B002,R011,S088,Mangalagiri,16.4303,80.5681,5.51,34.97,Sunny,34,Thursday,0,Main Road,High,43,21,60,1,8,16.7,15:53
4794,B006,R015,S031,Tadikonda,16.405,80.643,7.54,27.05,Rainy,36,Saturday,0,Village Road,High,19,17,60,3,13,39.8,15:54
4795,B014,R009,S137,Namburu,16.36,80.52,7.8,32.55,Sunny,40,Tuesday,1,Village Road,Medium,35,10,60,2,4,19.4,15:55
4796,B018,R004,S101,Namburu,16.36,80.52,1.23,5.9,Cloudy,23,Tuesday,1,Main Road,Low,45,20,60,2,1,4.6,15:56
4797,B001,R019,S036,Tenali,16.239,80.645,2.04,3.04,Sunny,26,Friday,0,Main Road,Low,33,34,60,4,0,7.7,15:57
4798,B001,R005,S053,Guntur,16.3067,80.4365,2.56,7.02,Foggy,27,Friday,1,Village Road,Low,31,15,60,1,4,10.0,15:58
4799,B002,R001,S103,Mangalagiri,16.4303,80.5681,6.84,10.75,Foggy,30,Friday,0,Highway,Low,45,21,60,4,4,17.1,15:59
4800,B009,R011,S012,Namburu,16.36,80.52,7.02,12.27,Cloudy,39,Tuesday,0,Main Road,Medium,35,58,60,1,5,18.0,16:00
4801,B007,R019,S135,Tadikonda,16.405,80.643,4.77,29.38,Sunny,28,Saturday,1,Village Road,Medium,32,23,60,3,4,15.9,16:01
4802,B014,R010,S051,Pedakakani,16.285,80.49,6.18,17.72,Cloudy,26,Saturday,0,Main Road,Low,31,31,60,3,1,16.0,16:02
4803,B015,R020,S013,Pedakakani,16.285,80.49,7.91,23.46,Cloudy,34,Saturday,1,Village Road,Medium,22,54,60,2,5,28.6,16:03
4804,B014,R013,S019,Ponnur,16.065,80.551,6.14,14.31,Rainy,35,Tuesday,1,Main Road,Low,38,16,60,2,5,16.7,16:04
4805,B011,R005,S198,Tenali,16.239,80.645,5.73,11.5,Sunny,22,Wednesday,1,Highway,Medium,47,54,60,3,4,14.3,16:05
4806,B015,R013,S186,Tadikonda,16.405,80.643,3.78,18.53,Rainy,25,Tuesday,0,Main Road,Medium,41,45,60,1,9,15.5,16:06
4807,B001,R006,S182,Vaddeswaram,16.49,80.61,2.89,4.15,Rainy,35,Thursday,1,Village Road,High,28,42,60,2,13,21.2,16:07
4808,B017,R006,S016,Pedakakani,16.285,80.49,4.32,25.67,Cloudy,23,Monday,0,Highway,Medium,60,18,60,2,5,11.3,16:08
4809,B004,R001,S051,Tulluru,16.52,80.58,4.83,6.35,Rainy,39,Friday,1,Highway,High,47,37,60,2,13,21.2,16:09
4810,B003,R013,S046,Mangalagiri,16.4303,80.5681,4.43,29.71,Sunny,31,Tuesday,1,Main Road,Medium,33,48,60,1,4,13.1,16:10
4811,B006,R002,S093,Pedakakani,16.285,80.49,4.91,33.44,Cloudy,39,Saturday,0,Main Road,Low,45,13,60,2,1,9.5,16:11
4812,B006,R009,S039,Vaddeswaram,16.49,80.61,7.39,17.27,Cloudy,31,Thursday,1,Main Road,Low,41,8,60,2,1,13.8,16:12
4813,B008,R004,S011,Ponnur,16.065,80.551,2.12,2.83,Sunny,24,Thursday,0,Main Road,Medium,38,43,60,3,4,10.3,16:13
4814,B012,R002,S129,Namburu,16.36,80.52,2.63,9.96,Sunny,22,Wednesday,1,Village Road,Low,19,58,60,2,0,10.3,16:14
4815,B008,R009,S046,Tadikonda,16.405,80.643,1.34,4.97,Rainy,39,Saturday,0,Main Road,Medium,45,28,60,1,9,11.8,16:15
4816,B012,R011,S127,Mangalagiri,16.4303,80.5681,3.15,17.08,Cloudy,26,Friday,1,Main Road,High,37,29,60,1,9,15.1,16:16
4817,B013,R005,S067,Vaddeswaram,16.49,80.61,1.72,18.38,Rainy,29,Saturday,1,Main Road,Low,33,47,60,2,5,10.1,16:17
4818,B011,R011,S069,Mangalagiri,16.4303,80.5681,4.87,9.43,Sunny,34,Tuesday,0,Main Road,Low,36,10,60,1,0,9.1,16:18
4819,B018,R014,S025,Vaddeswaram,16.49,80.61,6.39,35.68,Rainy,23,Friday,1,Highway,Medium,45,24,60,4,9,21.5,16:19
4820,B017,R014,S128,Namburu,16.36,80.52,5.13,30.27,Cloudy,31,Tuesday,0,Main Road,High,45,17,60,2,9,17.8,16:20
4821,B006,R012,S043,Tulluru,16.52,80.58,6.26,22.94,Cloudy,33,Saturday,1,Main Road,Low,34,40,60,4,1,16.0,16:21
4822,B003,R007,S092,Guntur,16.3067,80.4365,5.15,15.2,Foggy,26,Monday,1,Village Road,Low,25,51,60,2,4,18.4,16:22
4823,B014,R005,S021,Vaddeswaram,16.49,80.61,4.04,11.08,Sunny,40,Thursday,0,Main Road,High,40,11,60,2,8,16.1,16:23
4824,B001,R004,S146,Ponnur,16.065,80.551,2.97,12.68,Sunny,30,Thursday,0,Main Road,Medium,43,12,60,4,4,12.1,16:24
4825,B004,R011,S011,Prathipadu,16.48,80.32,2.94,13.04,Sunny,38,Wednesday,1,Highway,Low,48,12,60,4,0,7.7,16:25
4826,B015,R018,S120,Mangalagiri,16.4303,80.5681,3.69,7.17,Sunny,23,Tuesday,1,Highway,Low,45,11,60,3,0,7.9,16:26
4827,B014,R013,S111,Tenali,16.239,80.645,7.34,35.66,Sunny,22,Thursday,0,Village Road,Medium,22,14,60,2,4,26.0,16:27
4828,B013,R019,S163,Vaddeswaram,16.49,80.61,5.01,26.37,Sunny,32,Wednesday,0,Village Road,Medium,29,26,60,1,4,15.4,16:28
4829,B011,R007,S161,Tadikonda,16.405,80.643,5.78,25.75,Sunny,34,Wednesday,1,Village Road,Medium,33,54,60,1,4,15.5,16:29
4830,B006,R002,S135,Tenali,16.239,80.645,0.91,1.69,Sunny,27,Tuesday,1,Village Road,Low,25,5,60,3,0,5.2,16:30
4831,B018,R009,S068,Tulluru,16.52,80.58,2.88,15.06,Sunny,30,Monday,0,Main Road,Medium,32,12,60,4,4,13.4,16:31
4832,B005,R014,S188,Tulluru,16.52,80.58,1.86,6.18,Cloudy,22,Tuesday,0,Village Road,Low,30,5,60,3,1,7.7,16:32
4833,B005,R017,S064,Guntur,16.3067,80.4365,5.29,8.69,Sunny,40,Saturday,0,Village Road,Low,23,12,60,3,0,16.8,16:33
4834,B007,R013,S002,Tadikonda,16.405,80.643,7.28,9.85,Cloudy,26,Wednesday,1,Highway,Medium,55,36,60,2,5,14.9,16:34
4835,B011,R010,S001,Tenali,16.239,80.645,4.05,8.97,Sunny,28,Wednesday,0,Village Road,Medium,21,29,60,3,4,18.6,16:35
4836,B019,R007,S006,Vaddeswaram,16.49,80.61,4.76,11.21,Sunny,22,Saturday,0,Main Road,Low,33,20,60,4,0,12.7,16:36
4837,B006,R018,S034,Vaddeswaram,16.49,80.61,6.6,36.51,Sunny,29,Tuesday,1,Main Road,Low,40,59,60,3,0,12.9,16:37
4838,B003,R007,S155,Ponnur,16.065,80.551,1.45,6.61,Rainy,33,Wednesday,0,Main Road,Low,38,23,60,3,5,10.3,16:38
4839,B003,R020,S102,Tulluru,16.52,80.58,1.37,17.21,Rainy,27,Tuesday,0,Village Road,Low,20,45,60,4,5,13.1,16:39
4840,B012,R012,S092,Prathipadu,16.48,80.32,1.44,7.22,Sunny,22,Friday,1,Village Road,Medium,29,47,60,1,4,8.0,16:40
4841,B020,R017,S168,Vaddeswaram,16.49,80.61,3.03,20.88,Rainy,27,Monday,1,Main Road,Low,36,54,60,3,5,13.1,16:41
4842,B006,R005,S104,Prathipadu,16.48,80.32,4.41,25.73,Sunny,40,Wednesday,0,Main Road,High,44,43,60,1,8,15.0,16:42
4843,B002,R014,S189,Guntur,16.3067,80.4365,2.98,3.76,Sunny,32,Thursday,0,Village Road,Low,27,55,60,2,0,8.6,16:43
4844,B003,R007,S112,Tadikonda,16.405,80.643,7.87,34.18,Cloudy,23,Wednesday,1,Main Road,Medium,36,36,60,1,5,19.1,16:44
4845,B015,R004,S144,Ponnur,16.065,80.551,2.07,9.95,Cloudy,40,Friday,0,Village Road,Medium,26,23,60,2,5,11.8,16:45
4846,B016,R001,S124,Pedakakani,16.285,80.49,4.87,9.56,Cloudy,26,Monday,1,Main Road,High,35,60,60,3,9,20.3,16:46
4847,B020,R015,S077,Prathipadu,16.48,80.32,2.43,10.3,Rainy,23,Thursday,0,Village Road,Medium,29,55,60,1,9,15.0,16:47
4848,B008,R019,S125,Tulluru,16.52,80.58,7.12,25.85,Sunny,28,Wednesday,0,Main Road,High,45,54,60,2,8,19.5,16:48
4849,B019,R003,S066,Guntur,16.3067,80.4365,7.92,23.54,Rainy,34,Friday,0,Village Road,Medium,24,60,60,3,9,31.8,16:49
4850,B016,R008,S161,Prathipadu,16.48,80.32,5.68,22.92,Sunny,27,Monday,1,Main Road,Low,37,12,60,1,0,10.2,16:50
4851,B015,R016,S081,Ponnur,16.065,80.551,2.8,28.03,Sunny,31,Wednesday,0,Main Road,Low,45,36,60,1,0,4.7,16:51
4852,B002,R003,S162,Pedakakani,16.285,80.49,0.99,24.34,Cloudy,28,Friday,1,Village Road,Medium,35,41,60,1,5,7.7,16:52
4853,B019,R010,S100,Namburu,16.36,80.52,2.6,8.22,Sunny,34,Friday,1,Main Road,Low,32,11,60,3,0,7.9,16:53
4854,B008,R008,S188,Ponnur,16.065,80.551,7.12,24.55,Sunny,33,Tuesday,1,Village Road,Low,24,52,60,1,0,18.8,16:54
4855,B003,R014,S192,Ponnur,16.065,80.551,3.18,4.01,Sunny,35,Wednesday,0,Main Road,Low,41,40,60,2,0,6.7,16:55
4856,B019,R018,S024,Tulluru,16.52,80.58,3.66,30.17,Sunny,35,Friday,1,Village Road,High,24,58,60,2,8,19.1,16:56
4857,B017,R020,S069,Vaddeswaram,16.49,80.61,1.94,2.49,Rainy,37,Tuesday,0,Main Road,Low,35,58,60,3,5,11.3,16:57
4858,B018,R003,S197,Pedakakani,16.285,80.49,5.04,27.83,Sunny,36,Tuesday,1,Main Road,Medium,35,6,60,1,4,13.6,16:58
4859,B002,R016,S040,Namburu,16.36,80.52,7.91,17.17,Sunny,37,Saturday,1,Main Road,Low,38,41,60,2,0,14.5,16:59
4860,B019,R008,S194,Tulluru,16.52,80.58,5.25,20.89,Sunny,34,Thursday,1,Main Road,High,33,8,60,2,8,19.5,16:00
4861,B001,R008,S077,Vaddeswaram,16.49,80.61,1.02,5.97,Cloudy,40,Tuesday,1,Main Road,Medium,43,52,60,4,5,10.4,16:01
4862,B020,R020,S063,Pedakakani,16.285,80.49,1.23,19.2,Sunny,35,Saturday,0,Main Road,Medium,45,43,60,4,4,9.6,16:02
4863,B014,R007,S161,Pedakakani,16.285,80.49,7.54,22.3,Sunny,28,Wednesday,1,Highway,Medium,54,50,60,3,4,15.4,16:03
4864,B005,R002,S114,Mangalagiri,16.4303,80.5681,1.0,6.35,Sunny,30,Friday,0,Main Road,Low,35,9,60,3,0,4.7,16:04
4865,B014,R018,S005,Pedakakani,16.285,80.49,3.3,12.73,Rainy,36,Wednesday,0,Main Road,Low,35,46,60,2,5,12.7,16:05
4866,B014,R019,S118,Guntur,16.3067,80.4365,4.49,31.28,Cloudy,29,Tuesday,0,Main Road,High,44,37,60,1,9,16.1,16:06
4867,B012,R004,S049,Namburu,16.36,80.52,2.22,31.82,Sunny,35,Friday,0,Main Road,Low,44,37,60,1,0,4.0,16:07
4868,B009,R008,S018,Namburu,16.36,80.52,2.31,25.93,Rainy,28,Wednesday,1,Highway,Medium,45,55,60,1,9,13.1,16:08
4869,B002,R012,S119,Pedakakani,16.285,80.49,4.43,33.72,Rainy,32,Wednesday,0,Highway,Medium,51,12,60,1,9,15.2,16:09
4870,B004,R005,S131,Mangalagiri,16.4303,80.5681,3.94,24.49,Rainy,25,Wednesday,1,Village Road,Low,31,11,60,1,5,13.6,16:10
4871,B007,R011,S157,Ponnur,16.065,80.551,6.44,9.15,Sunny,35,Friday,0,Main Road,High,31,8,60,2,8,22.5,16:11
4872,B018,R014,S150,Namburu,16.36,80.52,5.27,31.54,Sunny,38,Thursday,0,Highway,Medium,55,8,60,1,4,10.7,16:12
4873,B010,R012,S063,Mangalagiri,16.4303,80.5681,1.18,21.37,Sunny,37,Friday,1,Main Road,Medium,35,53,60,4,4,10.0,16:13
4874,B010,R004,S116,Prathipadu,16.48,80.32,6.61,27.24,Cloudy,33,Friday,0,Main Road,Medium,35,7,60,1,5,17.3,16:14
4875,B011,R002,S054,Tenali,16.239,80.645,4.0,15.8,Rainy,39,Wednesday,1,Main Road,Low,30,54,60,3,5,16.0,16:15
4876,B008,R003,S015,Mangalagiri,16.4303,80.5681,6.4,34.63,Sunny,25,Saturday,0,Highway,Low,58,44,60,2,0,8.6,16:16
4877,B018,R003,S097,Ponnur,16.065,80.551,2.6,5.87,Sunny,28,Wednesday,0,Village Road,Low,21,10,60,1,0,8.4,16:17
4878,B015,R006,S111,Guntur,16.3067,80.4365,6.31,34.84,Sunny,24,Friday,1,Village Road,High,32,39,60,4,8,23.8,16:18
4879,B010,R007,S077,Ponnur,16.065,80.551,7.76,13.46,Sunny,38,Tuesday,0,Village Road,Low,23,38,60,2,0,22.2,16:19
4880,B019,R003,S105,Guntur,16.3067,80.4365,7.68,12.74,Sunny,25,Tuesday,1,Village Road,High,30,56,60,2,8,25.4,16:20
4881,B017,R018,S011,Guntur,16.3067,80.4365,3.22,14.95,Rainy,34,Saturday,0,Highway,High,55,27,60,1,13,17.5,16:21
4882,B018,R006,S158,Namburu,16.36,80.52,3.0,10.18,Cloudy,25,Tuesday,1,Village Road,High,29,10,60,2,9,17.2,16:22
4883,B014,R017,S068,Prathipadu,16.48,80.32,5.27,33.04,Rainy,24,Saturday,0,Village Road,Medium,30,56,60,1,9,20.5,16:23
4884,B016,R005,S061,Prathipadu,16.48,80.32,2.02,28.09,Sunny,38,Thursday,1,Highway,Medium,50,37,60,3,4,9.4,16:24
4885,B007,R012,S170,Ponnur,16.065,80.551,0.91,4.76,Sunny,36,Saturday,0,Main Road,Low,43,18,60,1,0,2.3,16:25
4886,B005,R004,S016,Namburu,16.36,80.52,6.47,15.97,Cloudy,30,Thursday,0,Main Road,Medium,33,26,60,3,5,19.8,16:26
4887,B014,R004,S180,Tulluru,16.52,80.58,1.59,21.78,Cloudy,31,Friday,1,Main Road,High,42,17,60,4,9,15.3,16:27
4888,B012,R015,S081,Ponnur,16.065,80.551,6.67,29.8,Cloudy,30,Saturday,1,Highway,Medium,46,15,60,3,5,16.7,16:28
4889,B004,R001,S133,Tenali,16.239,80.645,3.43,13.94,Sunny,37,Saturday,0,Main Road,Low,34,25,60,1,0,7.1,16:29
4890,B018,R008,S091,Ponnur,16.065,80.551,2.88,14.84,Sunny,30,Wednesday,1,Highway,Medium,50,34,60,3,4,10.5,16:30
4891,B006,R020,S097,Tadikonda,16.405,80.643,5.56,7.0,Rainy,36,Friday,0,Main Road,Low,41,39,60,4,5,17.1,16:31
4892,B010,R004,S003,Prathipadu,16.48,80.32,2.74,15.31,Cloudy,26,Tuesday,0,Main Road,Low,40,11,60,2,1,7.1,16:32
4893,B017,R010,S152,Tenali,16.239,80.645,1.8,30.22,Cloudy,35,Thursday,1,Highway,Low,48,38,60,4,1,7.2,16:33
4894,B006,R003,S154,Prathipadu,16.48,80.32,5.73,32.8,Rainy,22,Wednesday,0,Main Road,High,33,49,60,2,13,25.4,16:34
4895,B009,R013,S193,Prathipadu,16.48,80.32,2.73,9.86,Cloudy,30,Wednesday,0,Highway,Medium,55,46,60,3,5,11.0,16:35
4896,B008,R006,S105,Mangalagiri,16.4303,80.5681,0.9,19.21,Sunny,24,Wednesday,0,Village Road,Low,32,45,60,1,0,2.7,16:36
4897,B008,R018,S148,Vaddeswaram,16.49,80.61,5.67,14.84,Sunny,39,Friday,0,Main Road,High,38,14,60,4,8,21.0,16:37
4898,B016,R008,S084,Vaddeswaram,16.49,80.61,6.11,24.59,Cloudy,38,Monday,1,Main Road,High,39,22,60,3,9,21.4,16:38
4899,B004,R011,S049,Mangalagiri,16.4303,80.5681,7.45,8.6,Cloudy,22,Saturday,0,Main Road,Low,35,25,60,2,1,15.8,16:39
4900,B020,R018,S182,Guntur,16.3067,80.4365,7.47,26.29,Rainy,40,Monday,0,Village Road,Medium,34,48,60,4,9,26.2,17:40
4901,B001,R004,S035,Tenali,16.239,80.645,3.38,22.61,Cloudy,24,Thursday,0,Village Road,High,33,44,60,2,9,17.1,17:41
4902,B014,R004,S100,Tulluru,16.52,80.58,1.3,3.26,Sunny,40,Monday,1,Village Road,Low,32,18,60,1,0,3.4,17:42
4903,B006,R011,S182,Prathipadu,16.48,80.32,1.0,30.38,Sunny,38,Friday,0,Village Road,High,33,59,60,1,8,10.8,17:43
4904,B018,R003,S016,Tadikonda,16.405,80.643,2.55,26.03,Cloudy,33,Saturday,0,Main Road,Low,45,37,60,4,1,8.4,17:44
4905,B014,R015,S097,Tulluru,16.52,80.58,1.33,16.34,Sunny,37,Friday,1,Main Road,High,43,44,60,3,8,12.9,17:45
4906,B012,R007,S074,Guntur,16.3067,80.4365,3.85,26.32,Rainy,22,Saturday,1,Main Road,Low,33,14,60,1,5,13.0,17:46
4907,B015,R018,S045,Ponnur,16.065,80.551,3.76,16.58,Rainy,38,Monday,1,Highway,Medium,58,57,60,1,9,13.9,17:47
4908,B002,R007,S142,Guntur,16.3067,80.4365,2.75,4.0,Foggy,29,Wednesday,0,Main Road,High,45,5,60,4,12,19.7,17:48
4909,B001,R016,S130,Tenali,16.239,80.645,3.37,25.94,Sunny,31,Friday,0,Highway,High,48,37,60,2,8,14.2,17:49
4910,B001,R004,S051,Tadikonda,16.405,80.643,5.72,26.88,Sunny,23,Tuesday,0,Village Road,Low,18,17,60,2,0,21.1,17:50
4911,B009,R016,S042,Tulluru,16.52,80.58,1.17,12.38,Rainy,36,Friday,0,Village Road,Low,26,13,60,3,5,10.7,17:51
4912,B002,R013,S111,Mangalagiri,16.4303,80.5681,6.73,34.15,Rainy,23,Thursday,1,Main Road,Low,45,31,60,4,5,18.0,17:52
4913,B009,R017,S084,Ponnur,16.065,80.551,2.88,25.01,Rainy,31,Friday,1,Main Road,Medium,38,26,60,2,9,15.5,17:53
4914,B008,R013,S014,Mangalagiri,16.4303,80.5681,3.06,18.34,Cloudy,35,Tuesday,0,Main Road,Low,31,9,60,4,1,10.9,17:54
4915,B006,R018,S086,Namburu,16.36,80.52,5.23,23.95,Foggy,34,Friday,0,Village Road,Medium,19,21,60,2,8,26.5,17:55
4916,B017,R005,S196,Pedakakani,16.285,80.49,7.87,19.39,Cloudy,27,Tuesday,1,Highway,Low,58,14,60,2,1,11.1,17:56
4917,B002,R011,S039,Tulluru,16.52,80.58,4.75,29.25,Cloudy,23,Saturday,1,Village Road,Medium,34,39,60,4,5,17.4,17:57
4918,B003,R012,S129,Vaddeswaram,16.49,80.61,6.69,20.69,Cloudy,34,Friday,1,Highway,Medium,55,7,60,3,5,15.3,17:58
4919,B016,R013,S108,Tulluru,16.52,80.58,4.62,8.75,Cloudy,25,Wednesday,1,Main Road,Medium,32,27,60,1,5,14.7,17:59
4920,B003,R005,S048,Vaddeswaram,16.49,80.61,3.98,4.8,Sunny,22,Monday,1,Village Road,Low,34,17,60,3,0,10.0,17:00
4921,B013,R018,S070,Pedakakani,16.285,80.49,3.03,16.4,Rainy,27,Monday,0,Main Road,High,37,13,60,3,13,20.9,17:01
4922,B006,R013,S119,Vaddeswaram,16.49,80.61,6.68,31.23,Sunny,29,Thursday,0,Village Road,Low,28,14,60,3,0,17.3,17:02
4923,B010,R011,S057,Pedakakani,16.285,80.49,1.46,29.69,Sunny,24,Monday,0,Village Road,Low,25,15,60,1,0,4.5,17:03
4924,B008,R012,S145,Pedakakani,16.285,80.49,2.92,26.7,Sunny,32,Monday,1,Main Road,Medium,44,31,60,1,4,9.0,17:04
4925,B016,R006,S078,Tulluru,16.52,80.58,2.97,27.67,Sunny,24,Friday,1,Main Road,Low,34,39,60,2,0,7.2,17:05
4926,B013,R003,S062,Tenali,16.239,80.645,3.85,14.22,Rainy,33,Wednesday,0,Village Road,Medium,19,50,60,4,9,25.2,17:06
4927,B002,R003,S045,Tadikonda,16.405,80.643,5.27,8.25,Foggy,39,Monday,1,Highway,Medium,49,54,60,1,8,15.5,17:07
4928,B003,R019,S131,Pedakakani,16.285,80.49,4.73,26.07,Sunny,40,Thursday,0,Main Road,Medium,35,28,60,1,4,13.1,17:08
4929,B013,R010,S054,Ponnur,16.065,80.551,6.46,7.09,Sunny,26,Friday,0,Highway,High,49,8,60,3,8,18.9,17:09
4930,B008,R014,S044,Vaddeswaram,16.49,80.61,3.21,23.73,Sunny,26,Friday,0,Main Road,Medium,30,60,60,4,4,14.4,17:10
4931,B017,R009,S040,Tadikonda,16.405,80.643,3.62,29.5,Sunny,23,Friday,1,Main Road,Low,37,10,60,3,0,8.9,17:11
4932,B016,R019,S120,Vaddeswaram,16.49,80.61,7.85,9.18,Sunny,27,Thursday,0,Main Road,High,43,54,60,3,8,22.0,17:12
4933,B019,R008,S139,Mangalagiri,16.4303,80.5681,5.43,6.44,Rainy,23,Thursday,1,Village Road,High,21,18,60,2,13,30.5,17:13
4934,B011,R012,S110,Vaddeswaram,16.49,80.61,2.48,6.56,Sunny,36,Tuesday,0,Village Road,Low,19,33,60,1,0,8.8,17:14
4935,B011,R020,S126,Prathipadu,16.48,80.32,4.17,26.09,Cloudy,29,Tuesday,1,Highway,High,59,31,60,4,9,17.2,17:15
4936,B001,R012,S131,Guntur,16.3067,80.4365,0.93,5.01,Cloudy,28,Thursday,0,Main Road,Low,31,26,60,3,1,5.8,17:16
4937,B005,R013,S117,Mangalagiri,16.4303,80.5681,7.41,35.16,Cloudy,30,Thursday,0,Main Road,High,34,23,60,3,9,25.1,17:17
4938,B006,R016,S054,Ponnur,16.065,80.551,2.18,27.14,Rainy,27,Tuesday,0,Highway,High,49,24,60,1,13,16.7,17:18
4939,B006,R016,S186,Ponnur,16.065,80.551,2.77,9.27,Sunny,26,Friday,0,Main Road,Low,30,36,60,2,0,7.5,17:19
4940,B010,R008,S126,Tadikonda,16.405,80.643,2.69,16.14,Sunny,34,Tuesday,0,Main Road,Medium,37,26,60,3,4,11.4,17:20
4941,B012,R020,S142,Pedakakani,16.285,80.49,1.97,25.65,Cloudy,37,Thursday,1,Main Road,Medium,39,11,60,3,5,11.0,17:21
4942,B013,R019,S055,Tenali,16.239,80.645,1.18,5.58,Cloudy,25,Friday,0,Village Road,Low,20,47,60,1,1,5.5,17:22
4943,B013,R014,S003,Ponnur,16.065,80.551,4.98,30.3,Cloudy,27,Saturday,0,Village Road,Low,27,36,60,3,1,15.1,17:23
4944,B015,R008,S075,Prathipadu,16.48,80.32,7.97,15.1,Sunny,38,Wednesday,1,Main Road,Low,40,56,60,2,0,14.0,17:24
4945,B019,R011,S058,Tulluru,16.52,80.58,6.33,15.0,Sunny,36,Monday,1,Village Road,Low,20,35,60,3,0,22.0,17:25
4946,B006,R005,S041,Pedakakani,16.285,80.49,4.49,13.7,Sunny,32,Monday,1,Main Road,Medium,32,47,60,1,4,13.4,17:26
4947,B010,R020,S016,Vaddeswaram,16.49,80.61,3.54,13.01,Rainy,38,Thursday,1,Main Road,Low,32,43,60,1,5,12.6,17:27
4948,B019,R002,S135,Tulluru,16.52,80.58,4.79,33.05,Cloudy,22,Saturday,0,Highway,Low,56,29,60,4,1,10.1,17:28
4949,B005,R016,S069,Namburu,16.36,80.52,4.93,26.93,Foggy,36,Friday,1,Village Road,Medium,26,34,60,3,8,22.4,17:29
4950,B016,R005,S152,Pedakakani,16.285,80.49,1.36,13.54,Sunny,32,Saturday,0,Highway,High,47,7,60,2,8,11.7,17:30
4951,B012,R020,S154,Ponnur,16.065,80.551,2.88,27.86,Cloudy,37,Saturday,0,Main Road,High,42,41,60,4,9,17.1,17:31
4952,B016,R012,S153,Vaddeswaram,16.49,80.61,3.76,4.66,Foggy,40,Thursday,1,Main Road,Low,40,50,60,3,4,12.6,17:32
4953,B002,R012,S072,Tenali,16.239,80.645,4.6,23.36,Sunny,38,Wednesday,1,Village Road,Medium,35,51,60,3,4,14.9,17:33
4954,B018,R005,S174,Pedakakani,16.285,80.49,4.56,15.52,Sunny,22,Wednesday,1,Village Road,High,29,60,60,4,8,21.4,17:34
4955,B020,R013,S040,Tadikonda,16.405,80.643,1.71,5.33,Sunny,36,Wednesday,0,Main Road,Medium,38,50,60,3,4,9.7,17:35
4956,B008,R011,S186,Prathipadu,16.48,80.32,3.99,5.99,Sunny,32,Saturday,0,Main Road,High,41,22,60,2,8,15.8,17:36
4957,B005,R002,S131,Ponnur,16.065,80.551,5.99,9.31,Rainy,23,Tuesday,0,Village Road,Low,33,12,60,4,5,19.9,17:37
4958,B010,R020,S168,Mangalagiri,16.4303,80.5681,7.68,22.98,Rainy,34,Monday,0,Village Road,High,22,46,60,1,13,34.9,17:38
4959,B016,R005,S133,Tadikonda,16.405,80.643,1.56,17.82,Sunny,26,Thursday,0,Main Road,Low,30,13,60,1,0,4.1,17:39
4960,B002,R006,S116,Prathipadu,16.48,80.32,6.33,23.75,Rainy,25,Friday,0,Village Road,High,22,54,60,3,13,33.3,17:40
4961,B009,R002,S003,Guntur,16.3067,80.4365,5.62,13.76,Sunny,28,Wednesday,0,Village Road,Medium,34,54,60,3,4,16.9,17:41
4962,B020,R005,S099,Vaddeswaram,16.49,80.61,4.35,32.88,Sunny,40,Saturday,0,Main Road,Low,38,10,60,4,0,10.9,17:42
4963,B008,R003,S132,Prathipadu,16.48,80.32,3.6,15.39,Sunny,39,Tuesday,1,Main Road,Medium,43,37,60,4,4,13.0,17:43
4964,B006,R014,S058,Namburu,16.36,80.52,4.54,13.63,Sunny,32,Thursday,1,Main Road,High,39,23,60,4,8,19.0,17:44
4965,B007,R004,S068,Vaddeswaram,16.49,80.61,1.02,11.4,Sunny,27,Monday,1,Village Road,Low,27,34,60,2,0,4.3,17:45
4966,B016,R010,S024,Tadikonda,16.405,80.643,4.04,31.85,Sunny,27,Wednesday,0,Main Road,Low,36,14,60,2,0,8.7,17:46
4967,B013,R014,S025,Guntur,16.3067,80.4365,5.98,20.27,Cloudy,29,Thursday,1,Village Road,High,18,31,60,2,9,30.9,17:47
4968,B007,R004,S039,Tenali,16.239,80.645,3.14,31.82,Sunny,22,Monday,0,Main Road,Medium,34,52,60,1,4,10.5,17:48
4969,B016,R016,S185,Tadikonda,16.405,80.643,6.35,30.71,Sunny,39,Monday,0,Village Road,Low,29,15,60,1,0,14.1,17:49
4970,B013,R016,S171,Vaddeswaram,16.49,80.61,5.15,29.27,Sunny,22,Tuesday,0,Highway,Low,46,24,60,1,0,7.7,17:50
4971,B012,R001,S034,Tulluru,16.52,80.58,7.25,15.53,Sunny,25,Monday,1,Highway,Low,46,42,60,2,0,11.5,17:51
4972,B012,R007,S152,Tenali,16.239,80.645,2.76,18.0,Cloudy,30,Monday,0,Highway,Low,58,37,60,2,1,5.9,17:52
4973,B014,R007,S030,Namburu,16.36,80.52,2.46,4.94,Rainy,25,Wednesday,1,Highway,Low,53,46,60,2,5,9.8,17:53
4974,B011,R016,S101,Tulluru,16.52,80.58,6.09,19.84,Cloudy,29,Wednesday,0,Village Road,Low,20,52,60,3,1,22.3,17:54
4975,B002,R009,S095,Prathipadu,16.48,80.32,2.71,22.14,Sunny,36,Wednesday,0,Highway,Medium,52,48,60,2,4,9.1,17:55
4976,B005,R011,S057,Tadikonda,16.405,80.643,4.22,30.74,Rainy,24,Thursday,0,Main Road,Medium,30,13,60,3,9,20.4,17:56
4977,B005,R018,S200,Namburu,16.36,80.52,7.55,26.43,Cloudy,36,Friday,0,Main Road,Medium,35,54,60,4,5,21.9,17:57
4978,B014,R014,S041,Prathipadu,16.48,80.32,6.15,34.13,Sunny,32,Tuesday,1,Main Road,Low,36,36,60,2,0,12.2,17:58
4979,B006,R005,S055,Mangalagiri,16.4303,80.5681,5.04,10.96,Sunny,40,Saturday,0,Main Road,Low,34,11,60,3,0,11.9,17:59
4980,B019,R016,S033,Pedakakani,16.285,80.49,5.82,22.15,Sunny,27,Friday,0,Main Road,High,31,8,60,4,8,23.3,17:00
4981,B004,R008,S033,Vaddeswaram,16.49,80.61,5.12,15.12,Sunny,23,Tuesday,1,Main Road,Low,30,6,60,1,0,11.2,17:01
4982,B019,R001,S116,Tulluru,16.52,80.58,2.79,31.51,Foggy,26,Saturday,0,Main Road,High,37,35,60,4,12,20.5,17:02
4983,B007,R003,S148,Tulluru,16.52,80.58,5.16,23.37,Sunny,29,Thursday,0,Main Road,Medium,39,22,60,2,4,13.9,17:03
4984,B007,R011,S159,Ponnur,16.065,80.551,7.89,34.63,Rainy,27,Monday,0,Village Road,High,33,36,60,2,13,29.3,17:04
4985,B009,R008,S001,Tenali,16.239,80.645,4.61,5.63,Sunny,25,Monday,0,Village Road,Low,33,45,60,3,0,11.4,17:05
4986,B012,R010,S175,Prathipadu,16.48,80.32,5.74,7.46,Rainy,27,Saturday,0,Main Road,Low,33,32,60,2,5,17.4,17:06
4987,B010,R006,S079,Pedakakani,16.285,80.49,4.63,22.84,Cloudy,40,Monday,1,Main Road,Low,41,54,60,4,1,11.8,17:07
4988,B009,R015,S058,Vaddeswaram,16.49,80.61,5.23,30.17,Rainy,39,Friday,0,Main Road,Low,33,46,60,3,5,17.5,17:08
4989,B017,R003,S017,Guntur,16.3067,80.4365,7.67,35.66,Sunny,32,Monday,1,Highway,Low,58,12,60,2,0,9.9,17:09
4990,B015,R011,S054,Prathipadu,16.48,80.32,6.37,9.91,Sunny,23,Monday,1,Main Road,Medium,36,54,60,4,4,18.6,17:10
4991,B015,R013,S116,Namburu,16.36,80.52,6.87,15.13,Rainy,40,Monday,0,Highway,High,56,22,60,2,13,22.4,17:11
4992,B002,R017,S076,Ponnur,16.065,80.551,2.62,32.21,Sunny,26,Friday,1,Highway,Low,49,43,60,1,0,4.2,17:12
4993,B012,R014,S047,Prathipadu,16.48,80.32,2.59,9.45,Sunny,24,Tuesday,1,Main Road,Low,34,22,60,2,0,6.6,17:13
4994,B015,R005,S157,Mangalagiri,16.4303,80.5681,3.46,16.48,Sunny,24,Thursday,0,Village Road,Medium,28,48,60,4,4,15.4,17:14
4995,B002,R016,S169,Prathipadu,16.48,80.32,4.12,13.38,Sunny,40,Wednesday,0,Main Road,Low,43,8,60,2,0,7.7,17:15
4996,B003,R011,S054,Namburu,16.36,80.52,2.78,23.09,Rainy,23,Tuesday,1,Main Road,High,38,31,60,4,13,21.4,17:16
4997,B005,R004,S189,Tenali,16.239,80.645,1.55,23.08,Sunny,39,Tuesday,1,Main Road,Medium,38,14,60,1,4,7.4,17:17
4998,B016,R018,S076,Pedakakani,16.285,80.49,7.8,27.74,Sunny,24,Thursday,1,Main Road,Low,44,34,60,1,0,11.6,17:18
4999,B020,R014,S031,Pedakakani,16.285,80.49,4.17,24.85,Sunny,30,Tuesday,0,Village Road,Low,28,19,60,4,0,12.9,17:19
5000,B008,R009,S186,Ponnur,16.065,80.551,4.59,17.27,Sunny,27,Tuesday,0,Highway,Low,50,19,60,3,0,8.5,08:20
